status,score,path
BLUR,15.56,\\pc-max\D\docker\label-studio\media\upload\9\90f09bf5-capture_20260115_215134_918.png
BLUR,15.72,\\pc-max\D\docker\label-studio\media\upload\9\8135a991-anomaly_00001_20260301_095053_402_rice_worm.png
BLUR,15.75,\\pc-max\D\docker\label-studio\media\upload\9\aaedc7a6-capture_20260115_215130_342.png
BLUR,15.85,\\pc-max\D\docker\label-studio\media\upload\9\6c3a8934-capture_20260115_215128_739.png
BLUR,15.96,\\pc-max\D\docker\label-studio\media\upload\9\e8d95c43-anomaly_00054_20260204_202500_811_Lay_eggs.png
BLUR,16.18,\\pc-max\D\docker\label-studio\media\upload\9\ae64173b-anomaly_00038_20260118_182136_528.png
BLUR,16.25,\\pc-max\D\docker\label-studio\media\upload\9\fbf5d66d-capture_20260115_215132_975.png
BLUR,16.26,\\pc-max\D\docker\label-studio\media\upload\9\e1975d38-anomaly_00067_20260118_183850_175.png
BLUR,16.27,\\pc-max\D\docker\label-studio\media\upload\9\16722935-anomaly_00019_20260118_183734_986.png
BLUR,16.28,\\pc-max\D\docker\label-studio\media\upload\9\1e293cac-anomaly_00021_20260118_190154_606.png
BLUR,16.30,\\pc-max\D\docker\label-studio\media\upload\9\09f92e0a-anomaly_00014_20260118_182049_834.png
BLUR,16.34,\\pc-max\D\docker\label-studio\media\upload\9\f737ba3a-anomaly_00031_20260118_182135_380.png
BLUR,16.36,\\pc-max\D\docker\label-studio\media\upload\9\5d4de0d9-anomaly_00069_20260118_182359_789.png
BLUR,16.36,\\pc-max\D\docker\label-studio\media\upload\9\9aa6668a-anomaly_00069_20260118_182359_789.png
BLUR,16.37,\\pc-max\D\docker\label-studio\media\upload\9\7a239c88-anomaly_00025_20260118_182134_693.png
BLUR,16.39,\\pc-max\D\docker\label-studio\media\upload\9\1fc480c8-anomaly_00010_20260118_182049_244.png
BLUR,16.39,\\pc-max\D\docker\label-studio\media\upload\9\bce10187-anomaly_00010_20260118_182049_244.png
BLUR,16.39,\\pc-max\D\docker\label-studio\media\upload\9\6305c467-anomaly_00030_20260118_182135_239.png
BLUR,16.40,\\pc-max\D\docker\label-studio\media\upload\9\bf3fc7d4-anomaly_00032_20260118_182135_490.png
BLUR,16.44,\\pc-max\D\docker\label-studio\media\upload\9\68a16654-anomaly_00017_20260118_183726_523.png
BLUR,16.45,\\pc-max\D\docker\label-studio\media\upload\9\4ec69bbe-anomaly_00065_20260118_182359_339.png
BLUR,16.45,\\pc-max\D\docker\label-studio\media\upload\9\5ce70518-anomaly_00065_20260118_182359_339.png
BLUR,16.45,\\pc-max\D\docker\label-studio\media\upload\9\1b437a45-anomaly_00024_20260118_182134_592.png
BLUR,16.46,\\pc-max\D\docker\label-studio\media\upload\9\44ec3b3a-anomaly_00172_20260118_182947_706.png
BLUR,16.46,\\pc-max\D\docker\label-studio\media\upload\9\e8f14c38-anomaly_00063_20260118_183849_393.png
BLUR,16.46,\\pc-max\D\docker\label-studio\media\upload\9\2cc86968-anomaly_00028_20260118_182134_988.png
BLUR,16.50,\\pc-max\D\docker\label-studio\media\upload\9\0e110985-anomaly_00016_20260118_183726_377.png
BLUR,16.51,\\pc-max\D\docker\label-studio\media\upload\9\9c10de85-anomaly_00070_20260118_182359_944.png
BLUR,16.51,\\pc-max\D\docker\label-studio\media\upload\9\d6f5c7d9-anomaly_00070_20260118_182359_944.png
BLUR,16.53,\\pc-max\D\docker\label-studio\media\upload\9\50001152-anomaly_00198_20260118_183028_476.png
BLUR,16.53,\\pc-max\D\docker\label-studio\media\upload\9\1081939a-anomaly_00184_20260118_183007_848.png
BLUR,16.53,\\pc-max\D\docker\label-studio\media\upload\9\ba953177-anomaly_00196_20260118_183028_159.png
BLUR,16.54,\\pc-max\D\docker\label-studio\media\upload\9\50f0d1f0-anomaly_00029_20260118_182135_094.png
BLUR,16.61,\\pc-max\D\docker\label-studio\media\upload\9\69fd71ce-anomaly_00183_20260118_183007_662.png
BLUR,16.64,\\pc-max\D\docker\label-studio\media\upload\9\927af0f8-anomaly_00064_20260118_183849_759.png
BLUR,16.65,\\pc-max\D\docker\label-studio\media\upload\9\e317c6d9-anomaly_00010_20260204_192345_674_Lay_eggs.png
BLUR,16.65,\\pc-max\D\docker\label-studio\media\upload\9\e6c59573-anomaly_00043_20260228_184554_425_Color.png
BLUR,16.66,\\pc-max\D\docker\label-studio\media\upload\9\54e2c961-anomaly_00028_20260118_190241_296.png
BLUR,16.66,\\pc-max\D\docker\label-studio\media\upload\9\eda37a86-anomaly_00194_20260118_183027_811.png
BLUR,16.69,\\pc-max\D\docker\label-studio\media\upload\9\7597d48d-anomaly_00195_20260118_183028_008.png
BLUR,16.70,\\pc-max\D\docker\label-studio\media\upload\9\3f47a7d2-anomaly_00309_20260206_100936_159_Lay_eggs.png
BLUR,16.71,\\pc-max\D\docker\label-studio\media\upload\9\7afad6c8-anomaly_00018_20260204_192357_698_Lay_eggs.png
BLUR,16.71,\\pc-max\D\docker\label-studio\media\upload\9\0503d098-anomaly_00006_20260131_143321_410_paddy.png
BLUR,16.72,\\pc-max\D\docker\label-studio\media\upload\9\e30cc8e0-anomaly_00193_20260118_183027_710.png
BLUR,16.74,\\pc-max\D\docker\label-studio\media\upload\9\292c7c15-anomaly_00040_20260228_184554_252_Color.png
BLUR,16.76,\\pc-max\D\docker\label-studio\media\upload\9\3f788bc4-anomaly_00139_20260204_211306_879_Lay_eggs.png
BLUR,16.77,\\pc-max\D\docker\label-studio\media\upload\9\02a90ce7-anomaly_00011_20260118_190150_839.png
BLUR,16.78,\\pc-max\D\docker\label-studio\media\upload\9\af633a21-anomaly_00044_20260228_184554_494_Color.png
BLUR,16.81,\\pc-max\D\docker\label-studio\media\upload\9\2fd469c9-anomaly_00013_20260118_190151_035.png
BLUR,16.85,\\pc-max\D\docker\label-studio\media\upload\9\80d5329f-anomaly_00024_20260131_144406_726_Color.png
BLUR,16.86,\\pc-max\D\docker\label-studio\media\upload\9\8c0a7b15-anomaly_00022_20260131_144406_252_paddy.png
BLUR,16.86,\\pc-max\D\docker\label-studio\media\upload\9\7a37f76e-anomaly_00048_20260228_184554_666_Color.png
BLUR,16.89,\\pc-max\D\docker\label-studio\media\upload\9\7fbe4bd6-anomaly_00037_20260228_184544_020_Color.png
BLUR,16.89,\\pc-max\D\docker\label-studio\media\upload\9\ced9faeb-anomaly_00023_20260131_144406_658_Color.png
BLUR,16.91,\\pc-max\D\docker\label-studio\media\upload\9\9422336b-anomaly_00047_20260228_184554_597_Color.png
BLUR,16.91,\\pc-max\D\docker\label-studio\media\upload\9\d901940d-anomaly_00032_20260118_190241_812.png
BLUR,16.91,\\pc-max\D\docker\label-studio\media\upload\9\069739f1-anomaly_00005_20260131_143313_512_paddy.png
BLUR,16.92,\\pc-max\D\docker\label-studio\media\upload\9\db99b9fc-anomaly_00027_20260118_190241_158.png
BLUR,16.92,\\pc-max\D\docker\label-studio\media\upload\9\ae4e7959-capture_20260114_223730_170.png
BLUR,16.92,\\pc-max\D\docker\label-studio\media\upload\9\c68cfa22-anomaly_00017_20260131_143711_123_paddy.png
BLUR,16.95,\\pc-max\D\docker\label-studio\media\upload\9\2e5c0ff1-anomaly_00010_20260131_143321_681_paddy.png
BLUR,16.95,\\pc-max\D\docker\label-studio\media\upload\9\200c0721-anomaly_00012_20260131_143613_817_paddy.png
BLUR,16.95,\\pc-max\D\docker\label-studio\media\upload\9\1176c76b-anomaly_00011_20260131_143445_891_paddy.png
BLUR,16.96,\\pc-max\D\docker\label-studio\media\upload\9\e74c1760-anomaly_00007_20260131_143321_478_paddy.png
BLUR,16.97,\\pc-max\D\docker\label-studio\media\upload\9\24c12630-anomaly_00004_20260206_155539_519_Color.png
BLUR,16.97,\\pc-max\D\docker\label-studio\media\upload\9\3650197e-anomaly_00018_20260301_164029_064_Rice_Weevil_Model.png
BLUR,16.97,\\pc-max\D\docker\label-studio\media\upload\9\444889e6-anomaly_00001_20260131_142332_539_paddy.png
BLUR,16.98,\\pc-max\D\docker\label-studio\media\upload\9\dbdeb5b4-capture_20260115_215624_819.png
BLUR,16.98,\\pc-max\D\docker\label-studio\media\upload\9\7d1a395c-anomaly_00014_20260131_143614_229_paddy.png
BLUR,17.01,\\pc-max\D\docker\label-studio\media\upload\9\92d288d1-anomaly_00041_20260228_184554_322_Color.png
BLUR,17.02,\\pc-max\D\docker\label-studio\media\upload\9\83a2dd17-anomaly_00045_20260228_184554_527_Color.png
BLUR,17.03,\\pc-max\D\docker\label-studio\media\upload\9\6dffd784-anomaly_00042_20260228_184554_357_Color.png
BLUR,17.04,\\pc-max\D\docker\label-studio\media\upload\9\8d32fe61-anomaly_00009_20260131_143321_615_paddy.png
BLUR,17.05,\\pc-max\D\docker\label-studio\media\upload\9\ed1f433e-anomaly_00329_20260206_101127_692_Lay_eggs.png
BLUR,17.06,\\pc-max\D\docker\label-studio\media\upload\9\799a3aff-anomaly_00082_20260304_182459_236_Butterfly.png
BLUR,17.06,\\pc-max\D\docker\label-studio\media\upload\9\3f2db68f-anomaly_00009_20260128_125936_488_Stone.png
BLUR,17.07,\\pc-max\D\docker\label-studio\media\upload\9\9c7f60a9-anomaly_00073_20260204_192440_940_Color.png
BLUR,17.08,\\pc-max\D\docker\label-studio\media\upload\9\d6d8a580-anomaly_00002_20260301_154923_832_rice_worm.png
BLUR,17.08,\\pc-max\D\docker\label-studio\media\upload\9\3028db6e-anomaly_00020_20260301_164029_167_Rice_Weevil.png
BLUR,17.12,\\pc-max\D\docker\label-studio\media\upload\9\873776b3-anomaly_00001_20260302_194944_007_Lay_eggs.png
BLUR,17.14,\\pc-max\D\docker\label-studio\media\upload\9\ef56349f-capture_20260114_223711_352.png
BLUR,17.14,\\pc-max\D\docker\label-studio\media\upload\9\93350f64-anomaly_00006_20260118_190150_338.png
BLUR,17.15,\\pc-max\D\docker\label-studio\media\upload\9\d9f8b5ca-anomaly_00007_20260118_190150_474.png
BLUR,17.15,\\pc-max\D\docker\label-studio\media\upload\9\d2903783-anomaly_00254_20260206_095847_019_Lay_eggs.png
BLUR,17.20,\\pc-max\D\docker\label-studio\media\upload\9\4d86609a-anomaly_00093_20260116_135456_768.png
BLUR,17.20,\\pc-max\D\docker\label-studio\media\upload\9\c4deaeee-anomaly_00094_20260116_135457_169.png
BLUR,17.21,\\pc-max\D\docker\label-studio\media\upload\9\85cec6ba-anomaly_00141_20260216_134146_679_Stone.png
BLUR,17.23,\\pc-max\D\docker\label-studio\media\upload\9\08eff1d5-anomaly_00027_20260228_214716_120_Butterfly.png
BLUR,17.24,\\pc-max\D\docker\label-studio\media\upload\9\05e37677-anomaly_00084_20260116_135450_150.png
BLUR,17.24,\\pc-max\D\docker\label-studio\media\upload\9\9864d171-anomaly_00140_20260216_134146_612_Stone.png
BLUR,17.24,\\pc-max\D\docker\label-studio\media\upload\9\fe40088c-anomaly_00009_20260206_172112_213_rice_worm_Color.png
BLUR,17.24,\\pc-max\D\docker\label-studio\media\upload\9\977077fc-anomaly_00036_20260228_184543_984_Color.png
BLUR,17.25,\\pc-max\D\docker\label-studio\media\upload\9\1b52d4ec-anomaly_00006_20260206_105102_171_Rice_Weevil.png
BLUR,17.26,\\pc-max\D\docker\label-studio\media\upload\9\0f214eaf-anomaly_00074_20260205_182744_578_Lay_eggs.png
BLUR,17.26,\\pc-max\D\docker\label-studio\media\upload\9\b40962e0-anomaly_00007_20260303_180238_343_Rice_Weevil.png
BLUR,17.27,\\pc-max\D\docker\label-studio\media\upload\9\75a85119-anomaly_00064_20260228_185445_259_Color.png
BLUR,17.27,\\pc-max\D\docker\label-studio\media\upload\9\c4897971-anomaly_00005_20260206_105101_901_Rice_Weevil.png
BLUR,17.27,\\pc-max\D\docker\label-studio\media\upload\9\5056c9fd-anomaly_00017_20260301_164028_998_Rice_Weevil_Model.png
BLUR,17.28,\\pc-max\D\docker\label-studio\media\upload\9\46d00bb8-anomaly_00092_20260116_135456_493.png
BLUR,17.29,\\pc-max\D\docker\label-studio\media\upload\9\f5e7b7c4-capture_20260204_212502_468.png
BLUR,17.29,\\pc-max\D\docker\label-studio\media\upload\9\32d4be43-anomaly_00071_20260228_185445_739_Color.png
BLUR,17.30,\\pc-max\D\docker\label-studio\media\upload\9\de4571a6-anomaly_00085_20260116_135450_552.png
BLUR,17.30,\\pc-max\D\docker\label-studio\media\upload\9\0bb25806-anomaly_00021_20260301_140922_426_rice_worm.png
BLUR,17.30,\\pc-max\D\docker\label-studio\media\upload\9\8edfcfe3-anomaly_00038_20260228_184544_088_Color.png
BLUR,17.30,\\pc-max\D\docker\label-studio\media\upload\9\1d45448b-anomaly_00019_20260301_164029_133_Rice_Weevil.png
BLUR,17.31,\\pc-max\D\docker\label-studio\media\upload\9\18972d0a-anomaly_00035_20260228_184543_917_Color.png
BLUR,17.31,\\pc-max\D\docker\label-studio\media\upload\9\018ba0b6-anomaly_00088_20260116_135452_985.png
BLUR,17.32,\\pc-max\D\docker\label-studio\media\upload\9\7ce307fe-anomaly_00149_20260216_134147_126_Stone.png
BLUR,17.32,\\pc-max\D\docker\label-studio\media\upload\9\6ba95c93-anomaly_00024_20260118_190226_558.png
BLUR,17.32,\\pc-max\D\docker\label-studio\media\upload\9\567ebbc1-anomaly_00097_20260213_094009_686_Rice_Weevil_Color.png
BLUR,17.32,\\pc-max\D\docker\label-studio\media\upload\9\8f11546b-anomaly_00026_20260228_214715_712_paddy.png
BLUR,17.33,\\pc-max\D\docker\label-studio\media\upload\9\83e34194-anomaly_00002_20260302_194944_142_Lay_eggs.png
BLUR,17.34,\\pc-max\D\docker\label-studio\media\upload\9\e58d2b1f-anomaly_00072_20260228_185445_774_Color.png
BLUR,17.34,\\pc-max\D\docker\label-studio\media\upload\9\0fff9d04-anomaly_00003_20260303_180137_787_Rice_Weevil.png
BLUR,17.34,\\pc-max\D\docker\label-studio\media\upload\9\f604267d-anomaly_00337_20260213_095720_185_Rice_Weevil.png
BLUR,17.35,\\pc-max\D\docker\label-studio\media\upload\9\fc1fb2f0-anomaly_00074_20260228_185445_979_Color.png
BLUR,17.35,\\pc-max\D\docker\label-studio\media\upload\9\05291def-anomaly_00003_20260302_194944_279_Lay_eggs.png
BLUR,17.36,\\pc-max\D\docker\label-studio\media\upload\9\b5dc9f34-anomaly_00158_20260205_184622_034_Color.png
BLUR,17.36,\\pc-max\D\docker\label-studio\media\upload\9\90437d5d-anomaly_00082_20260205_183202_844_Lay_eggs.png
BLUR,17.37,\\pc-max\D\docker\label-studio\media\upload\9\afa8dc02-anomaly_00038_20260228_214846_668_rice_worm.png
BLUR,17.37,\\pc-max\D\docker\label-studio\media\upload\9\d962d519-anomaly_00620_20260128_211908_169_rice_worm.png
BLUR,17.37,\\pc-max\D\docker\label-studio\media\upload\9\07ec6148-anomaly_00081_20260205_183142_935_Lay_eggs.png
BLUR,17.38,\\pc-max\D\docker\label-studio\media\upload\9\457d4ccb-anomaly_00272_20260206_100307_151_Lay_eggs.png
BLUR,17.39,\\pc-max\D\docker\label-studio\media\upload\9\241ae3b0-anomaly_00155_20260216_134230_263_Rice_Weevil.png
BLUR,17.39,\\pc-max\D\docker\label-studio\media\upload\9\f0a318bc-anomaly_00070_20260228_185445_671_Color.png
BLUR,17.39,\\pc-max\D\docker\label-studio\media\upload\9\4502f1d9-anomaly_00068_20260228_185445_500_Color.png
BLUR,17.39,\\pc-max\D\docker\label-studio\media\upload\9\eb7b8183-anomaly_00338_20260213_095720_357_Rice_Weevil_Color.png
BLUR,17.39,\\pc-max\D\docker\label-studio\media\upload\9\512f4480-anomaly_00083_20260116_135449_611.png
BLUR,17.39,\\pc-max\D\docker\label-studio\media\upload\9\e1d1442e-anomaly_00050_20260131_145756_277_paddy.png
BLUR,17.39,\\pc-max\D\docker\label-studio\media\upload\9\052f506f-anomaly_00012_20260206_155815_397_Color.png
BLUR,17.40,\\pc-max\D\docker\label-studio\media\upload\9\d43e101a-anomaly_00073_20260228_185445_875_Color.png
BLUR,17.41,\\pc-max\D\docker\label-studio\media\upload\9\0c47d33e-anomaly_00157_20260205_184621_964_Color.png
BLUR,17.41,\\pc-max\D\docker\label-studio\media\upload\9\a2453f99-anomaly_00094_20260131_154444_297_paddy.png
BLUR,17.42,\\pc-max\D\docker\label-studio\media\upload\9\0d892071-anomaly_00118_20260205_183734_334_Lay_eggs.png
BLUR,17.42,\\pc-max\D\docker\label-studio\media\upload\9\e618f70b-anomaly_00060_20260301_171353_362_Rice_Weevil.png
BLUR,17.43,\\pc-max\D\docker\label-studio\media\upload\9\19aa2965-anomaly_00010_20260206_172255_858_rice_worm_Color.png
BLUR,17.43,\\pc-max\D\docker\label-studio\media\upload\9\d08a2ff7-anomaly_00090_20260116_135454_534.png
BLUR,17.43,\\pc-max\D\docker\label-studio\media\upload\9\caa10571-anomaly_00001_20260301_135317_981_rice_worm.png
BLUR,17.43,\\pc-max\D\docker\label-studio\media\upload\9\738b58d6-anomaly_00094_20260213_094009_406_Color.png
BLUR,17.43,\\pc-max\D\docker\label-studio\media\upload\9\6d43be14-anomaly_00002_20260301_140543_774_rice_worm.png
BLUR,17.43,\\pc-max\D\docker\label-studio\media\upload\9\1cd3d3a5-anomaly_00076_20260128_203723_463_paddy.png
BLUR,17.43,\\pc-max\D\docker\label-studio\media\upload\9\e41f7cc0-anomaly_00091_20260116_135455_481.png
BLUR,17.44,\\pc-max\D\docker\label-studio\media\upload\9\56b04a9d-anomaly_00004_20260303_180231_905_Rice_Weevil.png
BLUR,17.44,\\pc-max\D\docker\label-studio\media\upload\9\75583109-anomaly_00089_20260116_135453_338.png
BLUR,17.44,\\pc-max\D\docker\label-studio\media\upload\9\b11ebde3-anomaly_00343_20260213_095720_708_Rice_Weevil_Color.png
BLUR,17.45,\\pc-max\D\docker\label-studio\media\upload\9\d2085086-anomaly_00341_20260213_095720_568_Rice_Weevil_Color.png
BLUR,17.45,\\pc-max\D\docker\label-studio\media\upload\9\fe701c6e-anomaly_00086_20260116_135452_042.png
BLUR,17.45,\\pc-max\D\docker\label-studio\media\upload\9\68b36181-anomaly_00092_20260116_135455_659.png
BLUR,17.46,\\pc-max\D\docker\label-studio\media\upload\9\7e50cacd-anomaly_00147_20260216_134146_988_Rice_Weevil.png
BLUR,17.46,\\pc-max\D\docker\label-studio\media\upload\9\416db3f9-anomaly_00069_20260228_185445_603_Color.png
BLUR,17.47,\\pc-max\D\docker\label-studio\media\upload\9\a0e57bc6-anomaly_00148_20260216_134147_055_Stone.png
BLUR,17.47,\\pc-max\D\docker\label-studio\media\upload\9\84092a28-anomaly_00003_20260303_180136_968_Rice_Weevil.png
BLUR,17.47,\\pc-max\D\docker\label-studio\media\upload\9\11de00fc-anomaly_00144_20260216_134146_818_Stone.png
BLUR,17.47,\\pc-max\D\docker\label-studio\media\upload\9\961a5d19-anomaly_00009_20260303_180243_336_Rice_Weevil_Model.png
BLUR,17.48,\\pc-max\D\docker\label-studio\media\upload\9\037e9e60-anomaly_00112_20260205_183635_972_Lay_eggs.png
BLUR,17.48,\\pc-max\D\docker\label-studio\media\upload\9\ccf6cb91-anomaly_00013_20260206_155815_463_Color.png
BLUR,17.49,\\pc-max\D\docker\label-studio\media\upload\9\4599b7f0-anomaly_00047_20260207_221840_998_paddy_rice_worm_Color.png
BLUR,17.49,\\pc-max\D\docker\label-studio\media\upload\9\16f54f99-anomaly_00164_20260301_100105_176_paddy_Color.png
BLUR,17.49,\\pc-max\D\docker\label-studio\media\upload\9\6520545c-anomaly_00049_20260131_145756_207_paddy.png
BLUR,17.49,\\pc-max\D\docker\label-studio\media\upload\9\a6bd4ed6-anomaly_00087_20260116_135452_582.png
BLUR,17.49,\\pc-max\D\docker\label-studio\media\upload\9\916c7382-anomaly_00020_20260205_181458_901_Lay_eggs.png
BLUR,17.50,\\pc-max\D\docker\label-studio\media\upload\9\c5ec49b7-anomaly_00146_20260216_134146_954_Stone.png
BLUR,17.50,\\pc-max\D\docker\label-studio\media\upload\9\7537f2e8-anomaly_00082_20260116_135449_169.png
BLUR,17.50,\\pc-max\D\docker\label-studio\media\upload\9\9cb4a6fa-capture_20260228_230653_426.png
BLUR,17.51,\\pc-max\D\docker\label-studio\media\upload\9\122d87c0-anomaly_00086_20260116_135451_230.png
BLUR,17.51,\\pc-max\D\docker\label-studio\media\upload\9\58f1ac38-anomaly_00012_20260301_164028_758_Rice_Weevil_Model.png
BLUR,17.52,\\pc-max\D\docker\label-studio\media\upload\9\7db17fbb-anomaly_00160_20260205_185714_432_Color.png
BLUR,17.52,\\pc-max\D\docker\label-studio\media\upload\9\a0847e36-anomaly_00288_20260125_195450_901.png
BLUR,17.52,\\pc-max\D\docker\label-studio\media\upload\9\23af2aab-anomaly_00007_20260301_172255_823_Model.png
BLUR,17.52,\\pc-max\D\docker\label-studio\media\upload\9\ccbd7379-anomaly_00016_20260301_164028_961_Rice_Weevil_Model.png
BLUR,17.52,\\pc-max\D\docker\label-studio\media\upload\9\d74bbe80-anomaly_00008_20260206_155815_123_Color.png
BLUR,17.52,\\pc-max\D\docker\label-studio\media\upload\9\cb6db44e-anomaly_00091_20260116_135454_671.png
BLUR,17.53,\\pc-max\D\docker\label-studio\media\upload\9\f0436f0b-anomaly_00130_20260118_114818_461.png
BLUR,17.53,\\pc-max\D\docker\label-studio\media\upload\9\e1751fd2-anomaly_00015_20260301_164028_926_Rice_Weevil_Model.png
BLUR,17.53,\\pc-max\D\docker\label-studio\media\upload\9\88914878-anomaly_00035_20260205_181856_310_Lay_eggs.png
BLUR,17.54,\\pc-max\D\docker\label-studio\media\upload\9\b9ee4498-anomaly_00002_20260301_172255_515_Model.png
BLUR,17.54,\\pc-max\D\docker\label-studio\media\upload\9\77372f39-anomaly_00092_20260216_183523_240_Rice_Weevil.png
BLUR,17.54,\\pc-max\D\docker\label-studio\media\upload\9\bb037212-anomaly_00010_20260206_155815_260_Color.png
BLUR,17.54,\\pc-max\D\docker\label-studio\media\upload\9\cbfe426c-anomaly_00010_20260206_155815_260_Color.png
BLUR,17.56,\\pc-max\D\docker\label-studio\media\upload\9\b48f6e78-anomaly_00009_20260206_155815_191_Color.png
BLUR,17.56,\\pc-max\D\docker\label-studio\media\upload\9\a6e2c0b8-anomaly_00134_20260216_134010_812_Color.png
BLUR,17.56,\\pc-max\D\docker\label-studio\media\upload\9\340752d3-capture_20260114_223723_511.png
BLUR,17.57,\\pc-max\D\docker\label-studio\media\upload\9\299a9ec6-anomaly_00011_20260301_164028_687_Rice_Weevil_Model.png
BLUR,17.57,\\pc-max\D\docker\label-studio\media\upload\9\7651995f-anomaly_00131_20260206_094033_766_Lay_eggs.png
BLUR,17.57,\\pc-max\D\docker\label-studio\media\upload\9\61ea8e29-anomaly_00107_20260206_093451_468_Lay_eggs.png
BLUR,17.57,\\pc-max\D\docker\label-studio\media\upload\9\2b4d7b0a-anomaly_00014_20260301_164028_893_Rice_Weevil_Model.png
BLUR,17.57,\\pc-max\D\docker\label-studio\media\upload\9\4a5fe82c-capture_20260114_223722_479.png
BLUR,17.58,\\pc-max\D\docker\label-studio\media\upload\9\08b021f5-anomaly_00013_20260128_125936_760_Stone.png
BLUR,17.58,\\pc-max\D\docker\label-studio\media\upload\9\a39467e1-anomaly_00011_20260303_180248_465_Rice_Weevil.png
BLUR,17.58,\\pc-max\D\docker\label-studio\media\upload\9\4e30c1ca-anomaly_00081_20260116_135448_735.png
BLUR,17.59,\\pc-max\D\docker\label-studio\media\upload\9\ef600fc5-anomaly_00169_20260216_134307_881_Rice_Weevil.png
BLUR,17.59,\\pc-max\D\docker\label-studio\media\upload\9\b209bb45-anomaly_00061_20260301_171353_396_Rice_Weevil.png
BLUR,17.59,\\pc-max\D\docker\label-studio\media\upload\9\03aae9ca-anomaly_00041_20260216_132857_814_Color.png
BLUR,17.60,\\pc-max\D\docker\label-studio\media\upload\9\c10b2ded-anomaly_00093_20260216_183523_341_Rice_Weevil.png
BLUR,17.60,\\pc-max\D\docker\label-studio\media\upload\9\c5792eb3-anomaly_00130_20260131_175016_434_paddy_Color.png
BLUR,17.61,\\pc-max\D\docker\label-studio\media\upload\9\b565b57a-anomaly_00108_20260206_093522_247_Lay_eggs.png
BLUR,17.61,\\pc-max\D\docker\label-studio\media\upload\9\18c743a1-anomaly_00111_20260205_183610_157_Lay_eggs.png
BLUR,17.61,\\pc-max\D\docker\label-studio\media\upload\9\bb60c732-anomaly_00040_20260216_132857_747_Color.png
BLUR,17.61,\\pc-max\D\docker\label-studio\media\upload\9\552fb27f-anomaly_00008_20260301_172255_891_Model.png
BLUR,17.62,\\pc-max\D\docker\label-studio\media\upload\9\9d67e8f0-anomaly_00001_20260301_172255_480_Model.png
BLUR,17.62,\\pc-max\D\docker\label-studio\media\upload\9\92b9b9d2-anomaly_00010_20260227_145823_333_Color.png
BLUR,17.62,\\pc-max\D\docker\label-studio\media\upload\9\13ce02e3-anomaly_00090_20260116_135453_729.png
BLUR,17.63,\\pc-max\D\docker\label-studio\media\upload\9\49055102-anomaly_00128_20260206_094002_813_Lay_eggs.png
BLUR,17.64,\\pc-max\D\docker\label-studio\media\upload\9\124dd279-anomaly_00013_20260301_164028_825_Rice_Weevil_Model.png
BLUR,17.64,\\pc-max\D\docker\label-studio\media\upload\9\c7e5255c-anomaly_00122_20260118_114817_477.png
BLUR,17.65,\\pc-max\D\docker\label-studio\media\upload\9\04ae0d8e-anomaly_00096_20260216_183617_161_Rice_Weevil.png
BLUR,17.65,\\pc-max\D\docker\label-studio\media\upload\9\b1370365-anomaly_00051_20260131_145756_412_paddy.png
BLUR,17.65,\\pc-max\D\docker\label-studio\media\upload\9\b02b8af3-anomaly_00225_20260206_094906_137_Lay_eggs.png
BLUR,17.65,\\pc-max\D\docker\label-studio\media\upload\9\983abeb0-anomaly_00014_20260227_145823_748_Rice_Weevil_Color.png
BLUR,17.65,\\pc-max\D\docker\label-studio\media\upload\9\af556252-anomaly_00012_20260128_125936_691_Stone.png
BLUR,17.66,\\pc-max\D\docker\label-studio\media\upload\9\441038e7-anomaly_00084_20260216_144212_004_paddy.png
BLUR,17.66,\\pc-max\D\docker\label-studio\media\upload\9\809bc924-anomaly_00085_20260216_144212_038_rice_worm.png
BLUR,17.67,\\pc-max\D\docker\label-studio\media\upload\9\d9823e00-anomaly_00291_20260125_195451_491.png
BLUR,17.67,\\pc-max\D\docker\label-studio\media\upload\9\f309681e-anomaly_00018_20260213_091833_441_rice_worm.png
BLUR,17.67,\\pc-max\D\docker\label-studio\media\upload\9\9977cb3a-anomaly_00010_20260301_163959_132_Rice_Weevil_Model.png
BLUR,17.67,\\pc-max\D\docker\label-studio\media\upload\9\63cf0b60-anomaly_00026_20260207_221831_491_Color.png
BLUR,17.68,\\pc-max\D\docker\label-studio\media\upload\9\939cba10-anomaly_00009_20260205_174328_712_Lay_eggs.png
BLUR,17.68,\\pc-max\D\docker\label-studio\media\upload\9\8aff1760-anomaly_00008_20260205_174328_647_Lay_eggs.png
BLUR,17.68,\\pc-max\D\docker\label-studio\media\upload\9\2dd51aa9-anomaly_00046_20260216_182206_643_Rice_Weevil.png
BLUR,17.68,\\pc-max\D\docker\label-studio\media\upload\9\8623cd2a-anomaly_00006_20260301_172255_753_Model.png
BLUR,17.69,\\pc-max\D\docker\label-studio\media\upload\9\eae27fb6-anomaly_00214_20260206_094817_049_Lay_eggs.png
BLUR,17.70,\\pc-max\D\docker\label-studio\media\upload\9\c038e506-anomaly_00034_20260216_181758_784_Color.png
BLUR,17.70,\\pc-max\D\docker\label-studio\media\upload\9\c3f722b3-anomaly_00052_20260216_182734_089_Rice_Weevil.png
BLUR,17.70,\\pc-max\D\docker\label-studio\media\upload\9\de0e2414-anomaly_00031_20260216_181758_649_Color.png
BLUR,17.71,\\pc-max\D\docker\label-studio\media\upload\9\84e64c8c-anomaly_00009_20260301_154334_121_rice_worm.png
BLUR,17.71,\\pc-max\D\docker\label-studio\media\upload\9\914d29f2-anomaly_00047_20260216_132858_123_Color.png
BLUR,17.71,\\pc-max\D\docker\label-studio\media\upload\9\bdc4440f-anomaly_00056_20260206_092947_667_Lay_eggs_Color.png
BLUR,17.71,\\pc-max\D\docker\label-studio\media\upload\9\ecef7c7c-anomaly_00053_20260301_171352_983_Rice_Weevil.png
BLUR,17.72,\\pc-max\D\docker\label-studio\media\upload\9\adcdc195-anomaly_00006_20260205_174328_439_Lay_eggs.png
BLUR,17.72,\\pc-max\D\docker\label-studio\media\upload\9\db0438bf-anomaly_00065_20260206_093115_307_Lay_eggs.png
BLUR,17.72,\\pc-max\D\docker\label-studio\media\upload\9\ac736145-anomaly_00108_20260216_183707_689_Rice_Weevil.png
BLUR,17.72,\\pc-max\D\docker\label-studio\media\upload\9\19090283-anomaly_00029_20260216_181758_546_Color.png
BLUR,17.72,\\pc-max\D\docker\label-studio\media\upload\9\9273c7ce-anomaly_00059_20260301_171353_296_Rice_Weevil.png
BLUR,17.73,\\pc-max\D\docker\label-studio\media\upload\9\0567b56b-anomaly_00011_20260227_145823_570_Rice_Weevil_Color.png
BLUR,17.73,\\pc-max\D\docker\label-studio\media\upload\9\54fdcc88-anomaly_00095_20260216_183616_171_Rice_Weevil.png
BLUR,17.73,\\pc-max\D\docker\label-studio\media\upload\9\7974bddb-anomaly_00077_20260131_152339_024_Rice_Weevil.png
BLUR,17.73,\\pc-max\D\docker\label-studio\media\upload\9\e1565ee9-anomaly_00007_20260205_174328_506_Lay_eggs.png
BLUR,17.74,\\pc-max\D\docker\label-studio\media\upload\9\23e79e30-anomaly_00027_20260216_181758_444_Color.png
BLUR,17.74,\\pc-max\D\docker\label-studio\media\upload\9\f8436d00-anomaly_00008_20260303_180238_787_Rice_Weevil_Model.png
BLUR,17.74,\\pc-max\D\docker\label-studio\media\upload\9\be7dedcb-anomaly_00183_20260302_192500_379_Lay_eggs.png
BLUR,17.74,\\pc-max\D\docker\label-studio\media\upload\9\c817f48f-anomaly_00043_20260216_132857_885_Color.png
BLUR,17.75,\\pc-max\D\docker\label-studio\media\upload\9\0996201c-anomaly_00043_20260131_173736_751_Rice_Weevil.png
BLUR,17.75,\\pc-max\D\docker\label-studio\media\upload\9\ed6cf323-anomaly_00054_20260216_182807_023_Rice_Weevil.png
BLUR,17.75,\\pc-max\D\docker\label-studio\media\upload\9\0fbf7538-anomaly_00074_20260216_144054_420_Rice_Weevil.png
BLUR,17.75,\\pc-max\D\docker\label-studio\media\upload\9\9bb699c1-anomaly_00031_20260131_144846_801_paddy.png
BLUR,17.75,\\pc-max\D\docker\label-studio\media\upload\9\0849a739-anomaly_00012_20260227_145823_645_Rice_Weevil_Color.png
BLUR,17.76,\\pc-max\D\docker\label-studio\media\upload\9\e7df07ad-anomaly_00006_20260207_215247_134_Color.png
BLUR,17.76,\\pc-max\D\docker\label-studio\media\upload\9\0d9e29ca-anomaly_00133_20260131_175016_639_paddy_Color.png
BLUR,17.76,\\pc-max\D\docker\label-studio\media\upload\9\7c271545-anomaly_00094_20260216_183615_895_Rice_Weevil.png
BLUR,17.76,\\pc-max\D\docker\label-studio\media\upload\9\b5c2763b-anomaly_00087_20260216_183421_867_Rice_Weevil.png
BLUR,17.76,\\pc-max\D\docker\label-studio\media\upload\9\f228cc9b-anomaly_00107_20260131_155909_863_paddy.png
BLUR,17.76,\\pc-max\D\docker\label-studio\media\upload\9\b40f1e56-anomaly_00010_20260303_180243_452_Rice_Weevil.png
BLUR,17.76,\\pc-max\D\docker\label-studio\media\upload\9\bc749248-anomaly_00073_20260216_144054_350_Rice_Weevil.png
BLUR,17.77,\\pc-max\D\docker\label-studio\media\upload\9\a693ec71-anomaly_00015_20260227_145823_782_Rice_Weevil_Color.png
BLUR,17.78,\\pc-max\D\docker\label-studio\media\upload\9\6b88562d-anomaly_00030_20260216_181758_616_Color.png
BLUR,17.78,\\pc-max\D\docker\label-studio\media\upload\9\01d75526-anomaly_00004_20260301_154334_057_rice_worm.png
BLUR,17.78,\\pc-max\D\docker\label-studio\media\upload\9\ba612bcc-anomaly_00044_20260131_173736_954_Rice_Weevil.png
BLUR,17.78,\\pc-max\D\docker\label-studio\media\upload\9\cee86f6e-anomaly_00002_20260302_192053_681_Lay_eggs.png
BLUR,17.79,\\pc-max\D\docker\label-studio\media\upload\9\36efde8d-anomaly_00100_20260216_183707_039_Rice_Weevil.png
BLUR,17.79,\\pc-max\D\docker\label-studio\media\upload\9\daa3a940-anomaly_00013_20260227_145823_713_Color.png
BLUR,17.79,\\pc-max\D\docker\label-studio\media\upload\9\42e5a3b5-anomaly_00162_20260216_125224_721_rice_worm_Color.png
BLUR,17.79,\\pc-max\D\docker\label-studio\media\upload\9\6bb77d83-anomaly_00131_20260131_175016_503_paddy_Color.png
BLUR,17.79,\\pc-max\D\docker\label-studio\media\upload\9\f7f31af6-anomaly_00032_20260216_181758_680_Color.png
BLUR,17.80,\\pc-max\D\docker\label-studio\media\upload\9\f959909e-anomaly_00058_20260301_171353_225_Rice_Weevil.png
BLUR,17.80,\\pc-max\D\docker\label-studio\media\upload\9\8a98762d-anomaly_00048_20260216_182206_745_Rice_Weevil.png
BLUR,17.80,\\pc-max\D\docker\label-studio\media\upload\9\ea1b7c42-anomaly_00051_20260216_182206_952_Rice_Weevil.png
BLUR,17.81,\\pc-max\D\docker\label-studio\media\upload\9\d64598c9-anomaly_00096_20260216_183616_343_Rice_Weevil.png
BLUR,17.81,\\pc-max\D\docker\label-studio\media\upload\9\0a8449a0-anomaly_00020_20260301_165754_118_Rice_Weevil.png
BLUR,17.81,\\pc-max\D\docker\label-studio\media\upload\9\f57c93f4-anomaly_00482_20260204_192623_663_Rice_Weevil_Model_Color.png
BLUR,17.81,\\pc-max\D\docker\label-studio\media\upload\9\6921fafa-anomaly_00033_20260216_181758_715_Color.png
BLUR,17.81,\\pc-max\D\docker\label-studio\media\upload\9\fcf11e8d-anomaly_00048_20260207_215250_280_rice_worm_paddy_Color.png
BLUR,17.81,\\pc-max\D\docker\label-studio\media\upload\9\6ddc3dee-anomaly_00132_20260131_175016_571_paddy_Color.png
BLUR,17.81,\\pc-max\D\docker\label-studio\media\upload\9\25cd3712-anomaly_00055_20260131_150236_222_paddy_Color.png
BLUR,17.81,\\pc-max\D\docker\label-studio\media\upload\9\7d5ba548-anomaly_00036_20260206_092853_896_Lay_eggs.png
BLUR,17.82,\\pc-max\D\docker\label-studio\media\upload\9\6729d07f-anomaly_00194_20260206_094646_641_Lay_eggs.png
BLUR,17.82,\\pc-max\D\docker\label-studio\media\upload\9\27c8d0cf-anomaly_00127_20260131_175016_239_paddy_Color.png
BLUR,17.82,\\pc-max\D\docker\label-studio\media\upload\9\c38aae9f-anomaly_00055_20260216_182817_795_Rice_Weevil.png
BLUR,17.82,\\pc-max\D\docker\label-studio\media\upload\9\9ccf97c3-anomaly_00005_20260204_192740_644_Rice_Weevil_Model_Color.png
BLUR,17.82,\\pc-max\D\docker\label-studio\media\upload\9\aee35227-anomaly_00016_20260227_145823_854_Rice_Weevil_Color.png
BLUR,17.83,\\pc-max\D\docker\label-studio\media\upload\9\7d234d60-anomaly_00038_20260216_182013_529_Rice_Weevil.png
BLUR,17.83,\\pc-max\D\docker\label-studio\media\upload\9\935109e8-anomaly_00091_20260216_183523_171_Rice_Weevil.png
BLUR,17.84,\\pc-max\D\docker\label-studio\media\upload\9\6aa51b06-anomaly_00005_20260301_172255_719_Model.png
BLUR,17.84,\\pc-max\D\docker\label-studio\media\upload\9\677ca674-anomaly_00101_20260216_183707_106_Rice_Weevil.png
BLUR,17.84,\\pc-max\D\docker\label-studio\media\upload\9\3e24af2b-capture_20260114_223726_748.png
BLUR,17.84,\\pc-max\D\docker\label-studio\media\upload\9\de3dad34-anomaly_00105_20260216_183707_415_Rice_Weevil.png
BLUR,17.84,\\pc-max\D\docker\label-studio\media\upload\9\959776f7-anomaly_00004_20260207_221825_603_paddy_Color.png
BLUR,17.84,\\pc-max\D\docker\label-studio\media\upload\9\d95b2893-anomaly_00049_20260216_182206_812_Rice_Weevil.png
BLUR,17.85,\\pc-max\D\docker\label-studio\media\upload\9\80c57f0c-anomaly_00034_20260207_215248_538_paddy_Color.png
BLUR,17.86,\\pc-max\D\docker\label-studio\media\upload\9\71ac605e-anomaly_00109_20260216_183839_955_rice_worm.png
BLUR,17.87,\\pc-max\D\docker\label-studio\media\upload\9\a979cebf-anomaly_00005_20260205_174328_369_Lay_eggs.png
BLUR,17.87,\\pc-max\D\docker\label-studio\media\upload\9\f42c71ac-anomaly_00099_20260131_154734_237_Color.png
BLUR,17.87,\\pc-max\D\docker\label-studio\media\upload\9\800d28c6-anomaly_00056_20260301_171353_156_Rice_Weevil.png
BLUR,17.87,\\pc-max\D\docker\label-studio\media\upload\9\7c43987e-anomaly_00024_20260207_215248_095_paddy_Color.png
BLUR,17.87,\\pc-max\D\docker\label-studio\media\upload\9\68c1f612-anomaly_00010_20260207_215247_541_Color.png
BLUR,17.88,\\pc-max\D\docker\label-studio\media\upload\9\a60f0b3b-capture_20260115_215526_181.png
BLUR,17.88,\\pc-max\D\docker\label-studio\media\upload\9\a91ed9cd-anomaly_00108_20260131_174811_465_paddy.png
BLUR,17.88,\\pc-max\D\docker\label-studio\media\upload\9\0938f259-anomaly_00008_20260227_145823_196_Butterfly_Color.png
BLUR,17.88,\\pc-max\D\docker\label-studio\media\upload\9\1e19ad82-anomaly_00018_20260207_215247_853_paddy_Color.png
BLUR,17.88,\\pc-max\D\docker\label-studio\media\upload\9\6130d1ba-anomaly_00047_20260216_182206_711_Rice_Weevil.png
BLUR,17.88,\\pc-max\D\docker\label-studio\media\upload\9\1a0746a6-anomaly_00039_20260216_182014_248_Rice_Weevil.png
BLUR,17.88,\\pc-max\D\docker\label-studio\media\upload\9\ae59d446-anomaly_00028_20260207_221831_839_Color.png
BLUR,17.89,\\pc-max\D\docker\label-studio\media\upload\9\79c1d749-anomaly_00090_20260216_183523_070_Rice_Weevil.png
BLUR,17.89,\\pc-max\D\docker\label-studio\media\upload\9\e70ff0be-anomaly_00104_20260216_183707_344_Rice_Weevil.png
BLUR,17.89,\\pc-max\D\docker\label-studio\media\upload\9\abf983b9-anomaly_00071_20260131_151323_628_Rice_Weevil.png
BLUR,17.89,\\pc-max\D\docker\label-studio\media\upload\9\5a5490ea-anomaly_00075_20260216_144054_488_Rice_Weevil.png
BLUR,17.90,\\pc-max\D\docker\label-studio\media\upload\9\2ac15348-anomaly_00075_20260213_141613_369_Rice_Weevil.png
BLUR,17.90,\\pc-max\D\docker\label-studio\media\upload\9\97df4e66-anomaly_01076_20260127_195546_065_paddy_Color.png
BLUR,17.91,\\pc-max\D\docker\label-studio\media\upload\9\47d3f67c-anomaly_00129_20260131_175016_367_paddy_Color.png
BLUR,17.91,\\pc-max\D\docker\label-studio\media\upload\9\e81daae8-anomaly_00028_20260216_181758_513_Color.png
BLUR,17.91,\\pc-max\D\docker\label-studio\media\upload\9\07de2b50-anomaly_00084_20260216_183421_627_Rice_Weevil.png
BLUR,17.91,\\pc-max\D\docker\label-studio\media\upload\9\b070102c-anomaly_00035_20260216_181758_854_Color.png
BLUR,17.91,\\pc-max\D\docker\label-studio\media\upload\9\c7f1fa12-anomaly_00017_20260227_145823_922_Rice_Weevil_Color.png
BLUR,17.91,\\pc-max\D\docker\label-studio\media\upload\9\eba98d50-anomaly_00045_20260207_215249_700_paddy_Color.png
BLUR,17.91,\\pc-max\D\docker\label-studio\media\upload\9\34165598-anomaly_00080_20260216_144054_830_Rice_Weevil.png
BLUR,17.91,\\pc-max\D\docker\label-studio\media\upload\9\1c3ec547-anomaly_00074_20260213_141613_263_Rice_Weevil_Color.png
BLUR,17.91,\\pc-max\D\docker\label-studio\media\upload\9\94bd4279-capture_20260228_230654_646.png
BLUR,17.92,\\pc-max\D\docker\label-studio\media\upload\9\09c137dd-anomaly_00102_20260216_183707_176_Rice_Weevil.png
BLUR,17.92,\\pc-max\D\docker\label-studio\media\upload\9\725a6717-anomaly_00025_20260207_221829_382_Color.png
BLUR,17.92,\\pc-max\D\docker\label-studio\media\upload\9\63f59d74-anomaly_00057_20260301_171353_191_Rice_Weevil.png
BLUR,17.93,\\pc-max\D\docker\label-studio\media\upload\9\d4ccbb54-anomaly_00069_20260131_151323_290_Rice_Weevil.png
BLUR,17.93,\\pc-max\D\docker\label-studio\media\upload\9\7a456d51-anomaly_00045_20260216_182206_575_Rice_Weevil.png
BLUR,17.93,\\pc-max\D\docker\label-studio\media\upload\9\56cd1a77-anomaly_00041_20260131_173736_142_Rice_Weevil.png
BLUR,17.93,\\pc-max\D\docker\label-studio\media\upload\9\f5b3b773-anomaly_00082_20260216_183421_524_Rice_Weevil.png
BLUR,17.94,\\pc-max\D\docker\label-studio\media\upload\9\7a388f72-anomaly_00044_20260216_143944_719_Rice_Weevil.png
BLUR,17.94,\\pc-max\D\docker\label-studio\media\upload\9\7e12b92f-anomaly_00231_20260118_215010_555.png
BLUR,17.94,\\pc-max\D\docker\label-studio\media\upload\9\3225513b-anomaly_00128_20260131_175016_301_paddy_Color.png
BLUR,17.94,\\pc-max\D\docker\label-studio\media\upload\9\0a50d832-anomaly_00098_20260216_183706_865_Rice_Weevil.png
BLUR,17.94,\\pc-max\D\docker\label-studio\media\upload\9\2439f12b-anomaly_00011_20260207_211809_767_Rice_Weevil_Color.png
BLUR,17.94,\\pc-max\D\docker\label-studio\media\upload\9\114657ec-anomaly_00106_20260216_183707_481_Rice_Weevil.png
BLUR,17.95,\\pc-max\D\docker\label-studio\media\upload\9\1b7d73b6-anomaly_00061_20260131_150236_629_paddy_Color.png
BLUR,17.95,\\pc-max\D\docker\label-studio\media\upload\9\650fa4d7-anomaly_00061_20260131_150236_629_paddy_Color.png
BLUR,17.95,\\pc-max\D\docker\label-studio\media\upload\9\e652ca5c-anomaly_00097_20260216_183617_572_Rice_Weevil.png
BLUR,17.95,\\pc-max\D\docker\label-studio\media\upload\9\755c37ec-anomaly_00099_20260216_183706_967_Rice_Weevil.png
BLUR,17.95,\\pc-max\D\docker\label-studio\media\upload\9\05008bd3-anomaly_00053_20260216_182756_252_Rice_Weevil.png
BLUR,17.96,\\pc-max\D\docker\label-studio\media\upload\9\cf9de89e-anomaly_00070_20260131_151323_560_Rice_Weevil.png
BLUR,17.96,\\pc-max\D\docker\label-studio\media\upload\9\45d5599f-anomaly_00004_20260225_142417_499_Butterfly_Color.png
BLUR,17.96,\\pc-max\D\docker\label-studio\media\upload\9\4f8e3799-anomaly_00077_20260216_144054_626_Rice_Weevil.png
BLUR,17.96,\\pc-max\D\docker\label-studio\media\upload\9\cb38544b-anomaly_00083_20260216_183421_592_Rice_Weevil.png
BLUR,17.96,\\pc-max\D\docker\label-studio\media\upload\9\76095b46-anomaly_00002_20260207_221825_465_paddy_Color.png
BLUR,17.96,\\pc-max\D\docker\label-studio\media\upload\9\2cebedc4-anomaly_00042_20260131_173736_347_Rice_Weevil.png
BLUR,17.96,\\pc-max\D\docker\label-studio\media\upload\9\79948ca3-anomaly_00050_20260216_182206_884_Rice_Weevil.png
BLUR,17.96,\\pc-max\D\docker\label-studio\media\upload\9\c578861e-anomaly_00076_20260216_144054_556_Rice_Weevil.png
BLUR,17.96,\\pc-max\D\docker\label-studio\media\upload\9\19de8667-anomaly_00021_20260227_145824_133_Rice_Weevil_Color.png
BLUR,17.97,\\pc-max\D\docker\label-studio\media\upload\9\fe635a1f-anomaly_00020_20260227_145824_099_Rice_Weevil_Color.png
BLUR,17.97,\\pc-max\D\docker\label-studio\media\upload\9\6f0aecbd-anomaly_00196_20260206_094652_846_Lay_eggs.png
BLUR,17.97,\\pc-max\D\docker\label-studio\media\upload\9\62f57ccd-anomaly_00014_20260303_180253_681_Rice_Weevil.png
BLUR,17.97,\\pc-max\D\docker\label-studio\media\upload\9\2b0c9473-anomaly_00007_20260227_145823_125_Butterfly_Color.png
BLUR,17.97,\\pc-max\D\docker\label-studio\media\upload\9\61367938-anomaly_00018_20260227_145823_958_Rice_Weevil_Color.png
BLUR,17.98,\\pc-max\D\docker\label-studio\media\upload\9\060d42b5-anomaly_00344_20260211_195413_577_paddy_Color.png
BLUR,17.98,\\pc-max\D\docker\label-studio\media\upload\9\5b4d547e-anomaly_00336_20260211_195413_055_paddy_Color.png
BLUR,17.98,\\pc-max\D\docker\label-studio\media\upload\9\0af8bd4f-anomaly_00100_20260131_154734_372_Color.png
BLUR,17.98,\\pc-max\D\docker\label-studio\media\upload\9\0c16767b-anomaly_00081_20260216_144054_898_Rice_Weevil.png
BLUR,17.99,\\pc-max\D\docker\label-studio\media\upload\9\9446b381-anomaly_00019_20260227_145824_029_Rice_Weevil_Color.png
BLUR,17.99,\\pc-max\D\docker\label-studio\media\upload\9\6c781971-anomaly_00107_20260216_183707_587_Rice_Weevil.png
BLUR,17.99,\\pc-max\D\docker\label-studio\media\upload\9\6fb8c7d2-anomaly_00085_20260216_183421_698_Rice_Weevil.png
BLUR,17.99,\\pc-max\D\docker\label-studio\media\upload\9\1561b6ae-anomaly_00056_20260131_150236_289_paddy_Color.png
BLUR,17.99,\\pc-max\D\docker\label-studio\media\upload\9\feb0f97f-anomaly_00001_20260227_145822_744_Butterfly_Color.png
BLUR,17.99,\\pc-max\D\docker\label-studio\media\upload\9\b223634d-anomaly_00054_20260301_171353_052_Rice_Weevil.png
BLUR,17.99,\\pc-max\D\docker\label-studio\media\upload\9\73befbb2-anomaly_00073_20260213_141613_196_Rice_Weevil.png
BLUR,18.00,\\pc-max\D\docker\label-studio\media\upload\9\c0148d0b-anomaly_00005_20260207_211809_223_Rice_Weevil_Color.png
BLUR,18.00,\\pc-max\D\docker\label-studio\media\upload\9\3c36c15c-anomaly_00069_20260216_144016_675_Rice_Weevil.png
BLUR,18.00,\\pc-max\D\docker\label-studio\media\upload\9\05afcbfc-anomaly_00088_20260216_183522_898_Rice_Weevil.png
BLUR,18.00,\\pc-max\D\docker\label-studio\media\upload\9\39ae7770-anomaly_00106_20260204_192445_480_Rice_Weevil_Model_Color.png
BLUR,18.01,\\pc-max\D\docker\label-studio\media\upload\9\690a53fa-anomaly_00082_20260216_144054_969_Rice_Weevil.png
BLUR,18.02,\\pc-max\D\docker\label-studio\media\upload\9\e99ca330-anomaly_00010_20260213_201242_859_Rice_Weevil_Color.png
BLUR,18.02,\\pc-max\D\docker\label-studio\media\upload\9\40a9d019-anomaly_00126_20260131_175016_171_paddy_Color.png
BLUR,18.02,\\pc-max\D\docker\label-studio\media\upload\9\1b0f7a45-anomaly_00036_20260216_143924_167_Rice_Weevil.png
BLUR,18.03,\\pc-max\D\docker\label-studio\media\upload\9\97f5150c-anomaly_00002_20260225_142417_428_Butterfly_Color.png
BLUR,18.03,\\pc-max\D\docker\label-studio\media\upload\9\dbb8a9c4-anomaly_00034_20260213_152958_004_Rice_Weevil.png
BLUR,18.03,\\pc-max\D\docker\label-studio\media\upload\9\93e233f8-anomaly_00003_20260301_172255_583_Model.png
BLUR,18.03,\\pc-max\D\docker\label-studio\media\upload\9\e27db3f7-anomaly_00028_20260207_211812_594_paddy_Color.png
BLUR,18.04,\\pc-max\D\docker\label-studio\media\upload\9\b434eb01-anomaly_00009_20260227_145823_265_Color.png
BLUR,18.04,\\pc-max\D\docker\label-studio\media\upload\9\a75cbbf4-anomaly_00086_20260216_183421_731_Rice_Weevil.png
BLUR,18.04,\\pc-max\D\docker\label-studio\media\upload\9\b91be55e-anomaly_00012_20260303_180248_576_Rice_Weevil_Model.png
BLUR,18.05,\\pc-max\D\docker\label-studio\media\upload\9\6f851f32-anomaly_00013_20260303_180248_941_Rice_Weevil_Model.png
BLUR,18.05,\\pc-max\D\docker\label-studio\media\upload\9\8697abff-anomaly_00158_20260211_184644_303_Color.png
BLUR,18.05,\\pc-max\D\docker\label-studio\media\upload\9\c21773ba-anomaly_00027_20260216_143900_819_Rice_Weevil.png
BLUR,18.06,\\pc-max\D\docker\label-studio\media\upload\9\e9ab3647-anomaly_00342_20260211_195413_438_paddy_Color.png
BLUR,18.06,\\pc-max\D\docker\label-studio\media\upload\9\d5319d6f-anomaly_00125_20260118_114817_841.png
BLUR,18.06,\\pc-max\D\docker\label-studio\media\upload\9\287ffe43-anomaly_00337_20260211_195413_125_paddy_Color.png
BLUR,18.07,\\pc-max\D\docker\label-studio\media\upload\9\384d46a8-anomaly_00195_20260208_192628_189_paddy_Color.png
BLUR,18.07,\\pc-max\D\docker\label-studio\media\upload\9\0ec4f435-anomaly_00062_20260131_150249_917_paddy.png
BLUR,18.07,\\pc-max\D\docker\label-studio\media\upload\9\a6af69c2-anomaly_00078_20260216_144054_730_Rice_Weevil.png
BLUR,18.07,\\pc-max\D\docker\label-studio\media\upload\9\e8b9d474-anomaly_00002_20260227_145822_810_Butterfly_Color.png
BLUR,18.08,\\pc-max\D\docker\label-studio\media\upload\9\9899d136-anomaly_00068_20260131_151323_225_Rice_Weevil.png
BLUR,18.08,\\pc-max\D\docker\label-studio\media\upload\9\0105e384-anomaly_00062_20260216_144016_229_Rice_Weevil.png
BLUR,18.09,\\pc-max\D\docker\label-studio\media\upload\9\97f83b60-anomaly_00006_20260225_142417_567_rice_worm_Color.png
BLUR,18.09,\\pc-max\D\docker\label-studio\media\upload\9\47c46c40-anomaly_00066_20260213_141612_748_Rice_Weevil.png
BLUR,18.10,\\pc-max\D\docker\label-studio\media\upload\9\5065249b-anomaly_00005_20260227_145823_019_Butterfly_Color.png
BLUR,18.10,\\pc-max\D\docker\label-studio\media\upload\9\7a497982-anomaly_00031_20260213_152957_728_Rice_Weevil.png
BLUR,18.11,\\pc-max\D\docker\label-studio\media\upload\9\4d2d8abe-anomaly_00051_20260216_143959_017_Rice_Weevil.png
BLUR,18.11,\\pc-max\D\docker\label-studio\media\upload\9\549ca6af-anomaly_00039_20260218_192126_615_Color.png
BLUR,18.11,\\pc-max\D\docker\label-studio\media\upload\9\2b4e255a-anomaly_00023_20260213_201514_292_Color.png
BLUR,18.11,\\pc-max\D\docker\label-studio\media\upload\9\5983efdf-anomaly_00103_20260216_183707_243_Rice_Weevil.png
BLUR,18.12,\\pc-max\D\docker\label-studio\media\upload\9\1c74d34e-anomaly_00333_20260211_195401_301_Rice_Weevil.png
BLUR,18.12,\\pc-max\D\docker\label-studio\media\upload\9\a21143a4-anomaly_00044_20260216_182206_502_Rice_Weevil.png
BLUR,18.12,\\pc-max\D\docker\label-studio\media\upload\9\72c1d432-anomaly_00003_20260225_142417_464_Butterfly_Color.png
BLUR,18.12,\\pc-max\D\docker\label-studio\media\upload\9\9269cd9e-anomaly_00067_20260131_151323_154_Rice_Weevil.png
BLUR,18.12,\\pc-max\D\docker\label-studio\media\upload\9\10d80239-anomaly_00004_20260227_145822_950_Butterfly_Color.png
BLUR,18.12,\\pc-max\D\docker\label-studio\media\upload\9\2568c8bb-anomaly_00003_20260227_145822_880_Butterfly_Color.png
BLUR,18.12,\\pc-max\D\docker\label-studio\media\upload\9\96779150-anomaly_00008_20260207_211809_460_Rice_Weevil_Color.png
BLUR,18.13,\\pc-max\D\docker\label-studio\media\upload\9\66071981-anomaly_00061_20260216_144016_192_Rice_Weevil.png
BLUR,18.13,\\pc-max\D\docker\label-studio\media\upload\9\fcc40bfa-anomaly_00128_20260118_114818_199.png
BLUR,18.13,\\pc-max\D\docker\label-studio\media\upload\9\e078e49d-anomaly_00001_20260301_163958_652_Rice_Weevil_Model.png
BLUR,18.14,\\pc-max\D\docker\label-studio\media\upload\9\9fd833b9-anomaly_00007_20260211_185610_379_rice_worm_Color.png
BLUR,18.14,\\pc-max\D\docker\label-studio\media\upload\9\8e498774-anomaly_00079_20260216_144054_763_Rice_Weevil.png
BLUR,18.14,\\pc-max\D\docker\label-studio\media\upload\9\65ed834b-anomaly_00063_20260216_144016_263_Rice_Weevil.png
BLUR,18.14,\\pc-max\D\docker\label-studio\media\upload\9\4b209aeb-anomaly_00004_20260213_145621_667_Rice_Weevil.png
BLUR,18.15,\\pc-max\D\docker\label-studio\media\upload\9\f1eff36e-anomaly_00009_20260207_211809_596_Rice_Weevil_Color.png
BLUR,18.15,\\pc-max\D\docker\label-studio\media\upload\9\25f07de6-anomaly_00009_20260301_163959_063_Rice_Weevil_Model.png
BLUR,18.15,\\pc-max\D\docker\label-studio\media\upload\9\9290a4d4-anomaly_00052_20260216_144002_345_Rice_Weevil.png
BLUR,18.16,\\pc-max\D\docker\label-studio\media\upload\9\099bcba3-anomaly_00334_20260211_195401_436_Rice_Weevil.png
BLUR,18.16,\\pc-max\D\docker\label-studio\media\upload\9\843a3772-anomaly_01071_20260127_195545_727_paddy_Color.png
BLUR,18.16,\\pc-max\D\docker\label-studio\media\upload\9\b7a49634-anomaly_00068_20260216_144016_606_Rice_Weevil.png
BLUR,18.17,\\pc-max\D\docker\label-studio\media\upload\9\cd1496f0-anomaly_00001_20260225_142417_358_Color.png
BLUR,18.17,\\pc-max\D\docker\label-studio\media\upload\9\68a76186-anomaly_00060_20260216_144016_092_Rice_Weevil.png
BLUR,18.17,\\pc-max\D\docker\label-studio\media\upload\9\d366d5ad-anomaly_00040_20260216_143933_775_Rice_Weevil.png
BLUR,18.17,\\pc-max\D\docker\label-studio\media\upload\9\42e4d6dc-anomaly_01075_20260127_195545_998_paddy_Color.png
BLUR,18.17,\\pc-max\D\docker\label-studio\media\upload\9\547d8312-anomaly_00052_20260213_155221_836_Rice_Weevil_Color.png
BLUR,18.18,\\pc-max\D\docker\label-studio\media\upload\9\a0ff2990-anomaly_00043_20260216_143942_501_Rice_Weevil.png
BLUR,18.18,\\pc-max\D\docker\label-studio\media\upload\9\17d266e4-anomaly_00068_20260213_121837_628_Rice_Weevil.png
BLUR,18.18,\\pc-max\D\docker\label-studio\media\upload\9\fa102165-anomaly_00005_20260204_201422_251_Rice_Weevil.png
BLUR,18.18,\\pc-max\D\docker\label-studio\media\upload\9\d2f27817-anomaly_00028_20260216_143901_638_Rice_Weevil.png
BLUR,18.18,\\pc-max\D\docker\label-studio\media\upload\9\e41f5ff8-anomaly_00014_20260213_201248_009_Rice_Weevil.png
BLUR,18.18,\\pc-max\D\docker\label-studio\media\upload\9\5b3eccea-anomaly_00086_20260213_161156_823_paddy_Color.png
BLUR,18.18,\\pc-max\D\docker\label-studio\media\upload\9\428ed6c0-anomaly_00064_20260216_144016_331_Rice_Weevil.png
BLUR,18.18,\\pc-max\D\docker\label-studio\media\upload\9\7fb1373e-anomaly_00003_20260301_163958_757_Rice_Weevil_Model.png
BLUR,18.19,\\pc-max\D\docker\label-studio\media\upload\9\e54efb49-anomaly_00226_20260211_185356_209_rice_worm.png
BLUR,18.19,\\pc-max\D\docker\label-studio\media\upload\9\dcc11c03-anomaly_00005_20260213_201242_548_Rice_Weevil_Color.png
BLUR,18.19,\\pc-max\D\docker\label-studio\media\upload\9\11b70e66-anomaly_00086_20260207_234214_472_rice_worm.png
BLUR,18.20,\\pc-max\D\docker\label-studio\media\upload\9\fc2bd853-anomaly_00198_20260225_203356_625_Butterfly_Color.png
BLUR,18.20,\\pc-max\D\docker\label-studio\media\upload\9\6d278db7-anomaly_00011_20260213_164240_483_rice_worm_Color.png
BLUR,18.20,\\pc-max\D\docker\label-studio\media\upload\9\05a7697d-anomaly_00051_20260213_155221_765_Rice_Weevil_Color.png
BLUR,18.21,\\pc-max\D\docker\label-studio\media\upload\9\fec87ce3-anomaly_00083_20260216_144055_037_Rice_Weevil.png
BLUR,18.21,\\pc-max\D\docker\label-studio\media\upload\9\ab577927-anomaly_00054_20260131_150236_153_paddy_Color.png
BLUR,18.21,\\pc-max\D\docker\label-studio\media\upload\9\ffc9a2e4-anomaly_00039_20260216_143931_241_Rice_Weevil.png
BLUR,18.22,\\pc-max\D\docker\label-studio\media\upload\9\6210266f-anomaly_00055_20260301_171353_121_Rice_Weevil.png
BLUR,18.22,\\pc-max\D\docker\label-studio\media\upload\9\37980719-anomaly_00089_20260216_183522_931_Rice_Weevil.png
BLUR,18.22,\\pc-max\D\docker\label-studio\media\upload\9\abecbce5-anomaly_00033_20260216_143917_909_Rice_Weevil.png
BLUR,18.22,\\pc-max\D\docker\label-studio\media\upload\9\7063a610-anomaly_00365_20260208_155208_382_Stone_Color.png
BLUR,18.22,\\pc-max\D\docker\label-studio\media\upload\9\24d03ea1-anomaly_00049_20260216_143956_963_Rice_Weevil.png
BLUR,18.23,\\pc-max\D\docker\label-studio\media\upload\9\c8fa2ef0-anomaly_00505_20260213_131333_971_Rice_Weevil.png
BLUR,18.23,\\pc-max\D\docker\label-studio\media\upload\9\43dd5d5a-anomaly_00005_20260225_142417_533_Butterfly_Color.png
BLUR,18.24,\\pc-max\D\docker\label-studio\media\upload\9\fa3743d9-anomaly_00071_20260213_141613_060_Rice_Weevil.png
BLUR,18.24,\\pc-max\D\docker\label-studio\media\upload\9\ccc74f48-anomaly_00057_20260216_144012_470_Rice_Weevil.png
BLUR,18.24,\\pc-max\D\docker\label-studio\media\upload\9\fcfa8898-anomaly_00009_20260213_164240_414_rice_worm_Color.png
BLUR,18.24,\\pc-max\D\docker\label-studio\media\upload\9\c21c147e-anomaly_00004_20260301_172255_652_Model.png
BLUR,18.24,\\pc-max\D\docker\label-studio\media\upload\9\bcf87adc-anomaly_00001_20260213_201242_307_Rice_Weevil_Color.png
BLUR,18.25,\\pc-max\D\docker\label-studio\media\upload\9\fdc4ba1e-anomaly_00067_20260216_144016_536_Rice_Weevil.png
BLUR,18.25,\\pc-max\D\docker\label-studio\media\upload\9\de5e84a8-anomaly_00072_20260213_191223_464_rice_worm_Color.png
BLUR,18.25,\\pc-max\D\docker\label-studio\media\upload\9\16988f29-anomaly_00033_20260207_211813_004_paddy_Color.png
BLUR,18.25,\\pc-max\D\docker\label-studio\media\upload\9\bd0c0e5a-anomaly_00241_20260204_211610_643_Lay_eggs.png
BLUR,18.25,\\pc-max\D\docker\label-studio\media\upload\9\6e48d0f6-anomaly_00053_20260216_144003_406_Rice_Weevil.png
BLUR,18.25,\\pc-max\D\docker\label-studio\media\upload\9\07c21d8d-anomaly_00013_20260213_201247_939_Rice_Weevil.png
BLUR,18.25,\\pc-max\D\docker\label-studio\media\upload\9\d508ddd8-anomaly_00002_20260301_163958_688_Rice_Weevil_Model.png
BLUR,18.26,\\pc-max\D\docker\label-studio\media\upload\9\2c1437c7-anomaly_00041_20260216_143936_171_Rice_Weevil.png
BLUR,18.26,\\pc-max\D\docker\label-studio\media\upload\9\3cad4dd2-anomaly_00024_20260213_204826_316_Color.png
BLUR,18.26,\\pc-max\D\docker\label-studio\media\upload\9\fabe187b-anomaly_00065_20260211_183447_811_Color.png
BLUR,18.26,\\pc-max\D\docker\label-studio\media\upload\9\ac5312c7-anomaly_00006_20260225_155945_795_Color.png
BLUR,18.26,\\pc-max\D\docker\label-studio\media\upload\9\8af5f86e-anomaly_00053_20260213_155221_904_Rice_Weevil.png
BLUR,18.26,\\pc-max\D\docker\label-studio\media\upload\9\523b3dd6-anomaly_00031_20260216_143911_611_Rice_Weevil.png
BLUR,18.26,\\pc-max\D\docker\label-studio\media\upload\9\bf16876b-anomaly_00017_20260213_164240_689_rice_worm_Color.png
BLUR,18.27,\\pc-max\D\docker\label-studio\media\upload\9\28b482d8-anomaly_00002_20260213_164240_171_Color.png
BLUR,18.27,\\pc-max\D\docker\label-studio\media\upload\9\7628c7bd-anomaly_00012_20260216_150334_160_paddy_Color.png
BLUR,18.27,\\pc-max\D\docker\label-studio\media\upload\9\78b11a14-anomaly_00006_20260227_145823_053_Butterfly_Color.png
BLUR,18.27,\\pc-max\D\docker\label-studio\media\upload\9\507cf354-anomaly_00020_20260213_164240_791_rice_worm_Color.png
BLUR,18.27,\\pc-max\D\docker\label-studio\media\upload\9\fd359642-anomaly_00031_20260216_143913_566_Rice_Weevil.png
BLUR,18.28,\\pc-max\D\docker\label-studio\media\upload\9\c7039973-anomaly_00018_20260301_165754_016_Rice_Weevil_Model.png
BLUR,18.28,\\pc-max\D\docker\label-studio\media\upload\9\5005346a-anomaly_00053_20260216_144004_503_Rice_Weevil.png
BLUR,18.28,\\pc-max\D\docker\label-studio\media\upload\9\b28c3090-anomaly_00003_20260225_155945_149_Color.png
BLUR,18.28,\\pc-max\D\docker\label-studio\media\upload\9\5dccd812-anomaly_00309_20260225_174456_071_Rice_straw.png
BLUR,18.28,\\pc-max\D\docker\label-studio\media\upload\9\6ecf7db9-anomaly_00003_20260207_211809_052_Rice_Weevil_Color.png
BLUR,18.28,\\pc-max\D\docker\label-studio\media\upload\9\208466bb-anomaly_00005_20260225_155945_626_Color.png
BLUR,18.28,\\pc-max\D\docker\label-studio\media\upload\9\59e24808-anomaly_00023_20260213_204826_281_Color.png
BLUR,18.28,\\pc-max\D\docker\label-studio\media\upload\9\32018b6e-anomaly_00003_20260213_201242_413_Rice_Weevil.png
BLUR,18.28,\\pc-max\D\docker\label-studio\media\upload\9\2c22367c-anomaly_00016_20260213_164240_653_rice_worm_Color.png
BLUR,18.29,\\pc-max\D\docker\label-studio\media\upload\9\ad6a8aff-anomaly_00055_20260216_144009_318_Rice_Weevil.png
BLUR,18.29,\\pc-max\D\docker\label-studio\media\upload\9\8e604bc8-anomaly_00015_20260213_164240_621_rice_worm_Color.png
BLUR,18.29,\\pc-max\D\docker\label-studio\media\upload\9\cb27fcce-anomaly_00008_20260301_163959_029_Rice_Weevil_Model.png
BLUR,18.29,\\pc-max\D\docker\label-studio\media\upload\9\0a3680eb-anomaly_00008_20260216_122943_053_rice_worm_Color.png
BLUR,18.29,\\pc-max\D\docker\label-studio\media\upload\9\c95ebe50-anomaly_00085_20260207_234214_437_Color.png
BLUR,18.30,\\pc-max\D\docker\label-studio\media\upload\9\db624525-anomaly_00003_20260213_164240_208_rice_worm_Color.png
BLUR,18.30,\\pc-max\D\docker\label-studio\media\upload\9\cd8ea8f3-anomaly_00312_20260208_155201_249_Color.png
BLUR,18.30,\\pc-max\D\docker\label-studio\media\upload\9\7d8be29c-anomaly_00090_20260213_161157_064_paddy_Color.png
BLUR,18.30,\\pc-max\D\docker\label-studio\media\upload\9\92318b6b-anomaly_00004_20260213_164240_242_rice_worm_Color.png
BLUR,18.30,\\pc-max\D\docker\label-studio\media\upload\9\19c0d4b3-anomaly_00038_20260213_205012_322_paddy_Color.png
BLUR,18.31,\\pc-max\D\docker\label-studio\media\upload\9\01a039c8-anomaly_00012_20260213_202412_477_Rice_straw_Color.png
BLUR,18.31,\\pc-max\D\docker\label-studio\media\upload\9\a12878c3-anomaly_00005_20260213_164240_276_rice_worm_Color.png
BLUR,18.31,\\pc-max\D\docker\label-studio\media\upload\9\0f635757-anomaly_00056_20260216_144010_038_Rice_Weevil.png
BLUR,18.31,\\pc-max\D\docker\label-studio\media\upload\9\370532fa-anomaly_00257_20260208_194618_657_paddy_Color.png
BLUR,18.31,\\pc-max\D\docker\label-studio\media\upload\9\bf45c89d-anomaly_00062_20260208_154252_805_rice_worm.png
BLUR,18.31,\\pc-max\D\docker\label-studio\media\upload\9\f824f817-anomaly_00009_20260213_202412_339_Color.png
BLUR,18.31,\\pc-max\D\docker\label-studio\media\upload\9\c1f6f223-anomaly_00011_20260216_150334_124_paddy_Color.png
BLUR,18.32,\\pc-max\D\docker\label-studio\media\upload\9\35c2d094-anomaly_00051_20260208_150106_759_paddy_Color.png
BLUR,18.32,\\pc-max\D\docker\label-studio\media\upload\9\5c392601-anomaly_00039_20260216_143932_644_Rice_Weevil.png
BLUR,18.32,\\pc-max\D\docker\label-studio\media\upload\9\6c4a02d2-anomaly_00001_20260208_192354_657_Color.png
BLUR,18.32,\\pc-max\D\docker\label-studio\media\upload\9\c3362511-anomaly_00044_20260216_143945_912_Rice_Weevil.png
BLUR,18.33,\\pc-max\D\docker\label-studio\media\upload\9\afbf5e36-anomaly_00007_20260213_164240_344_rice_worm_Color.png
BLUR,18.33,\\pc-max\D\docker\label-studio\media\upload\9\3795cbe0-anomaly_00008_20260216_150333_922_paddy_Color.png
BLUR,18.33,\\pc-max\D\docker\label-studio\media\upload\9\39090775-anomaly_00201_20260225_203356_830_Butterfly_Color.png
BLUR,18.33,\\pc-max\D\docker\label-studio\media\upload\9\9e4cf167-anomaly_00054_20260216_144005_494_Rice_Weevil.png
BLUR,18.33,\\pc-max\D\docker\label-studio\media\upload\9\3cb4964a-anomaly_00016_20260216_150334_368_paddy_Color.png
BLUR,18.33,\\pc-max\D\docker\label-studio\media\upload\9\53e6437e-anomaly_00019_20260301_165754_049_Rice_Weevil_Model.png
BLUR,18.33,\\pc-max\D\docker\label-studio\media\upload\9\299c699c-anomaly_00065_20260213_153808_817_Rice_Weevil_Color.png
BLUR,18.33,\\pc-max\D\docker\label-studio\media\upload\9\a99505eb-anomaly_00241_20260208_195655_916_paddy_Color.png
BLUR,18.34,\\pc-max\D\docker\label-studio\media\upload\9\49350de5-anomaly_00018_20260213_164240_724_rice_worm_Color.png
BLUR,18.34,\\pc-max\D\docker\label-studio\media\upload\9\9867bea2-anomaly_00032_20260216_143914_489_Rice_Weevil.png
BLUR,18.34,\\pc-max\D\docker\label-studio\media\upload\9\6d8abf37-anomaly_00205_20260208_194027_644_rice_worm_Color.png
BLUR,18.34,\\pc-max\D\docker\label-studio\media\upload\9\dffd0902-anomaly_00041_20260216_143937_129_Rice_Weevil.png
BLUR,18.34,\\pc-max\D\docker\label-studio\media\upload\9\ec763705-anomaly_00006_20260213_164240_308_rice_worm_Color.png
BLUR,18.34,\\pc-max\D\docker\label-studio\media\upload\9\74b4c9aa-anomaly_00009_20260216_150333_989_paddy_Color.png
BLUR,18.35,\\pc-max\D\docker\label-studio\media\upload\9\e36aa599-anomaly_00197_20260225_203356_556_Butterfly_Color.png
BLUR,18.35,\\pc-max\D\docker\label-studio\media\upload\9\fa59c064-anomaly_00008_20260213_202412_266_Color.png
BLUR,18.35,\\pc-max\D\docker\label-studio\media\upload\9\dd681bc4-anomaly_00027_20260208_154919_895_Color.png
BLUR,18.35,\\pc-max\D\docker\label-studio\media\upload\9\cadbbead-anomaly_00017_20260225_161005_062_Rice_Small_Worm.png
BLUR,18.35,\\pc-max\D\docker\label-studio\media\upload\9\0652390e-anomaly_00056_20260216_144011_343_Rice_Weevil.png
BLUR,18.35,\\pc-max\D\docker\label-studio\media\upload\9\1f0a7530-anomaly_00013_20260213_164240_552_rice_worm_Color.png
BLUR,18.36,\\pc-max\D\docker\label-studio\media\upload\9\4e84a4ed-anomaly_00044_20260208_150106_183_paddy_Color.png
BLUR,18.36,\\pc-max\D\docker\label-studio\media\upload\9\37688803-anomaly_00004_20260207_211809_154_Rice_Weevil_Color.png
BLUR,18.36,\\pc-max\D\docker\label-studio\media\upload\9\862ff289-anomaly_00083_20260213_161156_686_paddy_Color.png
BLUR,18.36,\\pc-max\D\docker\label-studio\media\upload\9\0245fc49-anomaly_00027_20260213_204826_519_Color.png
BLUR,18.36,\\pc-max\D\docker\label-studio\media\upload\9\ea965677-anomaly_00206_20260225_203357_205_Butterfly_Color.png
BLUR,18.37,\\pc-max\D\docker\label-studio\media\upload\9\53313b74-anomaly_00012_20260216_141346_287_Rice_Weevil_Color.png
BLUR,18.37,\\pc-max\D\docker\label-studio\media\upload\9\c131b287-anomaly_00070_20260216_144017_594_Rice_Weevil.png
BLUR,18.37,\\pc-max\D\docker\label-studio\media\upload\9\f214d26c-anomaly_00008_20260213_164240_380_rice_worm_Color.png
BLUR,18.38,\\pc-max\D\docker\label-studio\media\upload\9\419a7079-anomaly_00001_20260225_164811_281_rice_worm.png
BLUR,18.38,\\pc-max\D\docker\label-studio\media\upload\9\2539f3d0-anomaly_00026_20260207_211812_491_Seed_paddy_Color.png
BLUR,18.38,\\pc-max\D\docker\label-studio\media\upload\9\84477651-anomaly_00304_20260208_192718_963_paddy_Color.png
BLUR,18.38,\\pc-max\D\docker\label-studio\media\upload\9\f5ce39dc-anomaly_00010_20260216_150334_058_paddy_Color.png
BLUR,18.38,\\pc-max\D\docker\label-studio\media\upload\9\e8bf7159-anomaly_00078_20260207_234206_673_paddy_Color.png
BLUR,18.39,\\pc-max\D\docker\label-studio\media\upload\9\e7f58749-anomaly_00014_20260216_150334_264_paddy_Color.png
BLUR,18.39,\\pc-max\D\docker\label-studio\media\upload\9\8c2e2713-anomaly_00332_20260211_195400_823_Rice_Weevil_Model.png
BLUR,18.39,\\pc-max\D\docker\label-studio\media\upload\9\fa2189aa-anomaly_00055_20260225_195359_868_Rice_straw.png
BLUR,18.39,\\pc-max\D\docker\label-studio\media\upload\9\d723f28a-anomaly_00048_20260216_143954_498_Rice_Weevil.png
BLUR,18.39,\\pc-max\D\docker\label-studio\media\upload\9\b4cb571a-anomaly_00070_20260216_144016_741_Rice_Weevil.png
BLUR,18.39,\\pc-max\D\docker\label-studio\media\upload\9\856ddb70-anomaly_00095_20260218_175448_939_Color.png
BLUR,18.39,\\pc-max\D\docker\label-studio\media\upload\9\89f21b55-anomaly_00045_20260216_143947_252_Rice_Weevil.png
BLUR,18.39,\\pc-max\D\docker\label-studio\media\upload\9\0e674041-anomaly_00066_20260213_121836_909_Rice_Weevil.png
BLUR,18.39,\\pc-max\D\docker\label-studio\media\upload\9\6e007391-anomaly_00014_20260213_164240_585_rice_worm_Color.png
BLUR,18.40,\\pc-max\D\docker\label-studio\media\upload\9\6e17e42f-anomaly_00068_20260213_121838_447_Rice_Weevil_Model.png
BLUR,18.40,\\pc-max\D\docker\label-studio\media\upload\9\ca02052d-anomaly_00068_20260213_121838_447_Rice_Weevil_Model.png
BLUR,18.40,\\pc-max\D\docker\label-studio\media\upload\9\9855ce92-anomaly_00046_20260225_133731_099_rice_worm.png
BLUR,18.40,\\pc-max\D\docker\label-studio\media\upload\9\a30547a3-anomaly_00234_20260208_194616_129_rice_worm_Color.png
BLUR,18.40,\\pc-max\D\docker\label-studio\media\upload\9\f79b32cc-anomaly_00017_20260208_150043_079_Color.png
BLUR,18.40,\\pc-max\D\docker\label-studio\media\upload\9\5624b581-anomaly_00054_20260213_155221_974_Rice_Weevil_Color.png
BLUR,18.40,\\pc-max\D\docker\label-studio\media\upload\9\c5a7b950-anomaly_00008_20260207_234142_786_Color.png
BLUR,18.40,\\pc-max\D\docker\label-studio\media\upload\9\bc87f958-anomaly_00025_20260211_182118_480_rice_worm.png
BLUR,18.41,\\pc-max\D\docker\label-studio\media\upload\9\e1732b05-anomaly_00207_20260225_203357_240_Butterfly_Color.png
BLUR,18.41,\\pc-max\D\docker\label-studio\media\upload\9\6f370f5b-anomaly_00023_20260208_154917_344_Seed_Color.png
BLUR,18.41,\\pc-max\D\docker\label-studio\media\upload\9\056cce4a-anomaly_00002_20260207_211808_982_Rice_Weevil_Color.png
BLUR,18.41,\\pc-max\D\docker\label-studio\media\upload\9\9e0d151d-anomaly_00019_20260213_164240_758_rice_worm_Color.png
BLUR,18.41,\\pc-max\D\docker\label-studio\media\upload\9\f47d88d2-anomaly_00202_20260225_203356_863_Butterfly_Color.png
BLUR,18.41,\\pc-max\D\docker\label-studio\media\upload\9\219e3f4e-anomaly_00006_20260213_202412_133_Rice_straw_Color.png
BLUR,18.41,\\pc-max\D\docker\label-studio\media\upload\9\743ea97c-anomaly_00014_20260208_150042_806_Color.png
BLUR,18.41,\\pc-max\D\docker\label-studio\media\upload\9\28530b00-anomaly_00027_20260216_143859_627_Rice_Weevil.png
BLUR,18.41,\\pc-max\D\docker\label-studio\media\upload\9\d73cc3f0-anomaly_00017_20260216_150334_435_paddy_Color.png
BLUR,18.42,\\pc-max\D\docker\label-studio\media\upload\9\57c17618-anomaly_00199_20260225_203356_659_Color.png
BLUR,18.43,\\pc-max\D\docker\label-studio\media\upload\9\8ad22880-anomaly_00060_20260213_155222_279_Rice_Weevil_Color.png
BLUR,18.43,\\pc-max\D\docker\label-studio\media\upload\9\60d44a8e-anomaly_00309_20260208_155200_940_Color.png
BLUR,18.43,\\pc-max\D\docker\label-studio\media\upload\9\fdd9597c-anomaly_00013_20260216_150334_199_paddy_Color.png
BLUR,18.43,\\pc-max\D\docker\label-studio\media\upload\9\b408eb28-anomaly_00015_20260216_150334_297_paddy_Color.png
BLUR,18.43,\\pc-max\D\docker\label-studio\media\upload\9\5e30de90-anomaly_00045_20260225_164710_118_Rice_Small_Worm.png
BLUR,18.43,\\pc-max\D\docker\label-studio\media\upload\9\4bfbb7cf-anomaly_00006_20260114_222746_272.png
BLUR,18.43,\\pc-max\D\docker\label-studio\media\upload\9\5d5aa74d-anomaly_00029_20260213_162750_961_rice_worm_Color.png
BLUR,18.43,\\pc-max\D\docker\label-studio\media\upload\9\515186dc-anomaly_00001_20260301_135204_388_rice_worm.png
BLUR,18.43,\\pc-max\D\docker\label-studio\media\upload\9\050df117-anomaly_00009_20260225_132916_862_Rice_straw_Color.png
BLUR,18.43,\\pc-max\D\docker\label-studio\media\upload\9\855fad6e-anomaly_00010_20260213_164240_449_rice_worm_Color.png
BLUR,18.44,\\pc-max\D\docker\label-studio\media\upload\9\943339ec-anomaly_00013_20260216_141346_334_Rice_Weevil.png
BLUR,18.44,\\pc-max\D\docker\label-studio\media\upload\9\afd77544-anomaly_00007_20260207_221825_841_Seed_paddy_Color.png
BLUR,18.44,\\pc-max\D\docker\label-studio\media\upload\9\30d502e8-anomaly_00014_20260216_141346_382_Rice_Weevil.png
BLUR,18.44,\\pc-max\D\docker\label-studio\media\upload\9\01eaca68-anomaly_00004_20260225_155945_421_Color.png
BLUR,18.45,\\pc-max\D\docker\label-studio\media\upload\9\15f809e5-anomaly_00045_20260216_143948_309_Rice_Weevil.png
BLUR,18.45,\\pc-max\D\docker\label-studio\media\upload\9\5b66287c-anomaly_00232_20260208_194616_060_rice_worm_Color.png
BLUR,18.46,\\pc-max\D\docker\label-studio\media\upload\9\1e18bc49-anomaly_00005_20260216_142423_807_Rice_Weevil.png
BLUR,18.46,\\pc-max\D\docker\label-studio\media\upload\9\4056b483-anomaly_00296_20260208_155159_879_paddy_Color.png
BLUR,18.46,\\pc-max\D\docker\label-studio\media\upload\9\a7a260f2-anomaly_00079_20260207_234206_743_paddy_Color.png
BLUR,18.46,\\pc-max\D\docker\label-studio\media\upload\9\b4c776cf-anomaly_00054_20260216_144006_485_Rice_Weevil.png
BLUR,18.46,\\pc-max\D\docker\label-studio\media\upload\9\a3f536e4-anomaly_00020_20260207_211812_183_Seed_paddy_Color.png
BLUR,18.46,\\pc-max\D\docker\label-studio\media\upload\9\08bd4dba-anomaly_00015_20260207_051900_464_Rice_Weevil_Color.png
BLUR,18.46,\\pc-max\D\docker\label-studio\media\upload\9\da2436e2-anomaly_00052_20260208_154245_519_paddy_Color.png
BLUR,18.47,\\pc-max\D\docker\label-studio\media\upload\9\6e9397f6-anomaly_00136_20260208_195552_125_Color.png
BLUR,18.47,\\pc-max\D\docker\label-studio\media\upload\9\202f0e97-anomaly_00113_20260204_192446_631_Rice_Weevil_Model_Color.png
BLUR,18.47,\\pc-max\D\docker\label-studio\media\upload\9\3879d45e-anomaly_00012_20260213_164240_516_rice_worm_Color.png
BLUR,18.47,\\pc-max\D\docker\label-studio\media\upload\9\c1186246-anomaly_00031_20260218_192119_946_Color.png
BLUR,18.47,\\pc-max\D\docker\label-studio\media\upload\9\292442d0-anomaly_00010_20260216_142424_117_Rice_Weevil.png
BLUR,18.47,\\pc-max\D\docker\label-studio\media\upload\9\7c06328a-anomaly_00020_20260216_141346_756_Rice_Weevil_Color.png
BLUR,18.47,\\pc-max\D\docker\label-studio\media\upload\9\bd95c604-anomaly_00064_20260225_131627_408_Rice_Weevil.png
BLUR,18.47,\\pc-max\D\docker\label-studio\media\upload\9\234905ac-anomaly_00047_20260225_124222_124_Rice_Weevil.png
BLUR,18.47,\\pc-max\D\docker\label-studio\media\upload\9\7982f8bb-anomaly_00047_20260225_124222_124_Rice_Weevil.png
BLUR,18.48,\\pc-max\D\docker\label-studio\media\upload\9\365684b5-anomaly_00233_20260208_194616_094_rice_worm_Color.png
BLUR,18.48,\\pc-max\D\docker\label-studio\media\upload\9\bbd190de-anomaly_00003_20260219_220413_817_Rice_Weevil.png
BLUR,18.48,\\pc-max\D\docker\label-studio\media\upload\9\57d36472-anomaly_00002_20260216_142423_603_Rice_Weevil.png
BLUR,18.48,\\pc-max\D\docker\label-studio\media\upload\9\7bf0a443-anomaly_00228_20260208_194615_922_rice_worm_Color.png
BLUR,18.48,\\pc-max\D\docker\label-studio\media\upload\9\dc9d9d7b-anomaly_00018_20260216_141346_572_Rice_Weevil_Color.png
BLUR,18.48,\\pc-max\D\docker\label-studio\media\upload\9\efa2926a-anomaly_00018_20260216_141346_572_Rice_Weevil_Color.png
BLUR,18.49,\\pc-max\D\docker\label-studio\media\upload\9\aa97e527-anomaly_00063_20260207_234201_907_Color.png
BLUR,18.49,\\pc-max\D\docker\label-studio\media\upload\9\c27a4206-anomaly_00001_20260216_142423_535_Rice_Weevil.png
BLUR,18.49,\\pc-max\D\docker\label-studio\media\upload\9\635a445e-anomaly_00514_20260213_131350_281_paddy_Color.png
BLUR,18.49,\\pc-max\D\docker\label-studio\media\upload\9\0ba06299-anomaly_00050_20260225_124222_705_Rice_Weevil.png
BLUR,18.49,\\pc-max\D\docker\label-studio\media\upload\9\d231face-anomaly_00050_20260225_124222_705_Rice_Weevil.png
BLUR,18.49,\\pc-max\D\docker\label-studio\media\upload\9\a59f256a-anomaly_00172_20260208_150228_538_paddy_Color.png
BLUR,18.50,\\pc-max\D\docker\label-studio\media\upload\9\15c85725-anomaly_00053_20260225_124223_420_Rice_Weevil.png
BLUR,18.50,\\pc-max\D\docker\label-studio\media\upload\9\e27165d7-anomaly_00053_20260225_124223_420_Rice_Weevil.png
BLUR,18.50,\\pc-max\D\docker\label-studio\media\upload\9\778574d7-anomaly_00274_20260208_194623_526_Color.png
BLUR,18.50,\\pc-max\D\docker\label-studio\media\upload\9\1f4508e0-anomaly_00036_20260208_154233_164_Color.png
BLUR,18.50,\\pc-max\D\docker\label-studio\media\upload\9\9ada76b8-anomaly_00021_20260213_164240_824_Color.png
BLUR,18.50,\\pc-max\D\docker\label-studio\media\upload\9\c096a762-anomaly_00221_20260208_194615_579_Color.png
BLUR,18.50,\\pc-max\D\docker\label-studio\media\upload\9\8ba19920-anomaly_00057_20260216_144013_763_Rice_Weevil.png
BLUR,18.50,\\pc-max\D\docker\label-studio\media\upload\9\40682752-anomaly_00303_20260208_155200_459_paddy_Color.png
BLUR,18.50,\\pc-max\D\docker\label-studio\media\upload\9\fe6897b2-anomaly_00024_20260225_125424_146_rice_worm_Color.png
BLUR,18.50,\\pc-max\D\docker\label-studio\media\upload\9\8915155f-anomaly_00035_20260125_184651_729.png
BLUR,18.51,\\pc-max\D\docker\label-studio\media\upload\9\0443f303-anomaly_00367_20260208_155208_557_Seed_paddy_Color.png
BLUR,18.51,\\pc-max\D\docker\label-studio\media\upload\9\ad9563e6-anomaly_00005_20260213_110759_380_rice_worm_paddy_Color.png
BLUR,18.51,\\pc-max\D\docker\label-studio\media\upload\9\18661aa6-anomaly_00039_20260227_220037_613_rice_worm.png
BLUR,18.51,\\pc-max\D\docker\label-studio\media\upload\9\cc027d86-anomaly_00141_20260208_195552_470_paddy_Color.png
BLUR,18.51,\\pc-max\D\docker\label-studio\media\upload\9\fab3cb5b-anomaly_00050_20260216_143958_504_Rice_Weevil.png
BLUR,18.51,\\pc-max\D\docker\label-studio\media\upload\9\7630d1da-anomaly_00003_20260216_142423_671_Rice_Weevil.png
BLUR,18.52,\\pc-max\D\docker\label-studio\media\upload\9\70664eb3-anomaly_00094_20260218_175448_875_Color.png
BLUR,18.52,\\pc-max\D\docker\label-studio\media\upload\9\d65ba498-anomaly_00058_20260227_204734_904_rice_worm.png
BLUR,18.52,\\pc-max\D\docker\label-studio\media\upload\9\b3cdfb12-anomaly_00092_20260218_175448_764_paddy_Color.png
BLUR,18.52,\\pc-max\D\docker\label-studio\media\upload\9\7c29ae0d-anomaly_00030_20260216_143909_492_Rice_Weevil.png
BLUR,18.53,\\pc-max\D\docker\label-studio\media\upload\9\1b4f3fcd-anomaly_00048_20260216_143955_594_Rice_Weevil.png
BLUR,18.53,\\pc-max\D\docker\label-studio\media\upload\9\9e0a8bae-anomaly_00279_20260128_103350_033_Rice_Weevil.png
BLUR,18.53,\\pc-max\D\docker\label-studio\media\upload\9\a1766558-anomaly_00030_20260208_195520_867_Color.png
BLUR,18.54,\\pc-max\D\docker\label-studio\media\upload\9\a02ef763-anomaly_00001_20260207_211808_880_Rice_Weevil_Color.png
BLUR,18.54,\\pc-max\D\docker\label-studio\media\upload\9\178153b9-anomaly_00255_20260208_194618_488_paddy_Color.png
BLUR,18.54,\\pc-max\D\docker\label-studio\media\upload\9\8472ec03-anomaly_00003_20260228_100050_443_rice_worm.png
BLUR,18.55,\\pc-max\D\docker\label-studio\media\upload\9\dc59c42f-anomaly_00015_20260216_141346_429_Rice_Weevil_Color.png
BLUR,18.55,\\pc-max\D\docker\label-studio\media\upload\9\661fe23a-anomaly_00231_20260208_194616_024_Color.png
BLUR,18.55,\\pc-max\D\docker\label-studio\media\upload\9\c134abd2-anomaly_00067_20260208_154949_020_Seed_Stone_Color.png
BLUR,18.55,\\pc-max\D\docker\label-studio\media\upload\9\dd2026bc-anomaly_00004_20260219_220413_882_Rice_Weevil_Color.png
BLUR,18.55,\\pc-max\D\docker\label-studio\media\upload\9\b26a0f01-anomaly_00065_20260208_154948_885_Seed_Stone_Color.png
BLUR,18.55,\\pc-max\D\docker\label-studio\media\upload\9\5187f368-anomaly_00269_20260128_103339_360_Rice_Weevil_Model.png
BLUR,18.56,\\pc-max\D\docker\label-studio\media\upload\9\187a9791-anomaly_00282_20260128_103350_236_Rice_Weevil.png
BLUR,18.56,\\pc-max\D\docker\label-studio\media\upload\9\cc2e8813-anomaly_00002_20260207_234142_137_Color.png
BLUR,18.56,\\pc-max\D\docker\label-studio\media\upload\9\d893f7ca-anomaly_00057_20260225_195505_236_Rice_straw.png
BLUR,18.56,\\pc-max\D\docker\label-studio\media\upload\9\e7576179-anomaly_00136_20260125_113513_657.png
BLUR,18.56,\\pc-max\D\docker\label-studio\media\upload\9\073d9f84-anomaly_00049_20260225_124222_601_Rice_Weevil.png
BLUR,18.56,\\pc-max\D\docker\label-studio\media\upload\9\0997186a-anomaly_00049_20260225_124222_601_Rice_Weevil.png
BLUR,18.57,\\pc-max\D\docker\label-studio\media\upload\9\5f7811ee-anomaly_00117_20260208_150129_189_paddy_Color.png
BLUR,18.57,\\pc-max\D\docker\label-studio\media\upload\9\8967d97f-anomaly_00017_20260208_154916_863_Seed_Stone_Color.png
BLUR,18.57,\\pc-max\D\docker\label-studio\media\upload\9\31da3a94-anomaly_00062_20260225_131627_065_Rice_Weevil.png
BLUR,18.58,\\pc-max\D\docker\label-studio\media\upload\9\438b7369-anomaly_00008_20260207_051859_881_Rice_Weevil_Color.png
BLUR,18.59,\\pc-max\D\docker\label-studio\media\upload\9\0ee336cb-anomaly_00022_20260227_145824_816_Rice_Weevil.png
BLUR,18.60,\\pc-max\D\docker\label-studio\media\upload\9\364e8981-anomaly_00014_20260207_211811_705_Seed_paddy_Color.png
BLUR,18.60,\\pc-max\D\docker\label-studio\media\upload\9\1f599a1e-anomaly_00224_20260208_194615_755_rice_worm_Color.png
BLUR,18.60,\\pc-max\D\docker\label-studio\media\upload\9\7b5ca696-anomaly_00051_20260225_124222_809_Rice_Weevil.png
BLUR,18.60,\\pc-max\D\docker\label-studio\media\upload\9\b0121575-anomaly_00051_20260225_124222_809_Rice_Weevil.png
BLUR,18.60,\\pc-max\D\docker\label-studio\media\upload\9\f41723cb-anomaly_00038_20260208_154233_335_Color.png
BLUR,18.60,\\pc-max\D\docker\label-studio\media\upload\9\5b54bd2f-anomaly_00007_20260128_125936_280_Stone.png
BLUR,18.61,\\pc-max\D\docker\label-studio\media\upload\9\d2c9b520-anomaly_00090_20260218_175448_658_paddy_Color.png
BLUR,18.61,\\pc-max\D\docker\label-studio\media\upload\9\616baf2a-anomaly_00012_20260128_110924_903_Stone.png
BLUR,18.61,\\pc-max\D\docker\label-studio\media\upload\9\ead0ca50-anomaly_00025_20260227_145825_025_Rice_Weevil_Color.png
BLUR,18.61,\\pc-max\D\docker\label-studio\media\upload\9\0bd5f847-anomaly_00043_20260225_195041_854_Rice_Weevil.png
BLUR,18.62,\\pc-max\D\docker\label-studio\media\upload\9\dac05095-anomaly_00025_20260227_211310_148_Rice_Weevil_Color.png
BLUR,18.62,\\pc-max\D\docker\label-studio\media\upload\9\dee1ab7c-anomaly_00014_20260227_210328_854_Color.png
BLUR,18.62,\\pc-max\D\docker\label-studio\media\upload\9\60892e0d-anomaly_00006_20260216_142423_878_Rice_Weevil.png
BLUR,18.63,\\pc-max\D\docker\label-studio\media\upload\9\4f1f07bb-anomaly_00011_20260114_222746_746.png
BLUR,18.63,\\pc-max\D\docker\label-studio\media\upload\9\ce1f96b2-anomaly_00267_20260128_103339_224_Rice_Weevil_Stone_Model.png
BLUR,18.63,\\pc-max\D\docker\label-studio\media\upload\9\0ded4fe1-anomaly_00007_20260216_142423_945_Rice_Weevil.png
BLUR,18.64,\\pc-max\D\docker\label-studio\media\upload\9\ecdbac79-anomaly_00004_20260301_163958_791_Rice_Weevil_Model.png
BLUR,18.64,\\pc-max\D\docker\label-studio\media\upload\9\d4158ebd-anomaly_00227_20260208_194615_852_Color.png
BLUR,18.64,\\pc-max\D\docker\label-studio\media\upload\9\311d1284-anomaly_00197_20260208_155104_999_paddy_Color.png
BLUR,18.64,\\pc-max\D\docker\label-studio\media\upload\9\1fb31241-anomaly_00006_20260219_220413_982_Rice_Weevil_Color.png
BLUR,18.64,\\pc-max\D\docker\label-studio\media\upload\9\44359afb-anomaly_00200_20260225_203356_727_Butterfly_Color.png
BLUR,18.65,\\pc-max\D\docker\label-studio\media\upload\9\66cff26d-anomaly_00020_20260219_223859_966_Rice_Weevil.png
BLUR,18.65,\\pc-max\D\docker\label-studio\media\upload\9\201842cd-anomaly_00091_20260218_175448_696_paddy_Color.png
BLUR,18.65,\\pc-max\D\docker\label-studio\media\upload\9\0fc58dc0-anomaly_00016_20260216_141346_477_Rice_Weevil.png
BLUR,18.65,\\pc-max\D\docker\label-studio\media\upload\9\d3e253ca-anomaly_00016_20260216_141346_477_Rice_Weevil.png
BLUR,18.65,\\pc-max\D\docker\label-studio\media\upload\9\ddb89cb5-anomaly_00093_20260218_175448_841_paddy_Color.png
BLUR,18.65,\\pc-max\D\docker\label-studio\media\upload\9\fb400258-anomaly_00063_20260225_131627_337_Rice_Weevil.png
BLUR,18.66,\\pc-max\D\docker\label-studio\media\upload\9\b728a4d5-anomaly_00019_20260208_154917_002_Seed_Stone_Color.png
BLUR,18.67,\\pc-max\D\docker\label-studio\media\upload\9\e848d59e-anomaly_00007_20260301_163958_961_Rice_Weevil_Model.png
BLUR,18.67,\\pc-max\D\docker\label-studio\media\upload\9\f032d05e-anomaly_00004_20260216_142423_741_Rice_Weevil.png
BLUR,18.67,\\pc-max\D\docker\label-studio\media\upload\9\4dd5ee9d-anomaly_00012_20260207_051900_223_Rice_Weevil_Model.png
BLUR,18.67,\\pc-max\D\docker\label-studio\media\upload\9\545fe04f-anomaly_00222_20260208_194615_681_rice_worm_Color.png
BLUR,18.68,\\pc-max\D\docker\label-studio\media\upload\9\a731d28e-anomaly_00023_20260225_125424_111_Color.png
BLUR,18.68,\\pc-max\D\docker\label-studio\media\upload\9\4919e705-anomaly_00080_20260116_135448_418.png
BLUR,18.68,\\pc-max\D\docker\label-studio\media\upload\9\a6e8d279-anomaly_00059_20260127_194932_900_paddy_Color.png
BLUR,18.68,\\pc-max\D\docker\label-studio\media\upload\9\95f7a3e0-anomaly_00061_20260225_131627_032_Rice_Weevil.png
BLUR,18.68,\\pc-max\D\docker\label-studio\media\upload\9\f9314166-anomaly_00230_20260208_194615_991_rice_worm_Color.png
BLUR,18.68,\\pc-max\D\docker\label-studio\media\upload\9\2780380c-anomaly_00048_20260225_124222_398_Rice_Weevil.png
BLUR,18.68,\\pc-max\D\docker\label-studio\media\upload\9\aeaac575-anomaly_00048_20260225_124222_398_Rice_Weevil.png
BLUR,18.68,\\pc-max\D\docker\label-studio\media\upload\9\eb93849b-anomaly_00258_20260208_150414_066_rice_worm.png
BLUR,18.69,\\pc-max\D\docker\label-studio\media\upload\9\f9a7469e-anomaly_00008_20260216_142423_978_Rice_Weevil.png
BLUR,18.69,\\pc-max\D\docker\label-studio\media\upload\9\cda8da5c-anomaly_00005_20260219_220413_914_Rice_Weevil_Color.png
BLUR,18.69,\\pc-max\D\docker\label-studio\media\upload\9\845cce4d-anomaly_00006_20260211_230655_746_rice_worm_Color.png
BLUR,18.70,\\pc-max\D\docker\label-studio\media\upload\9\55d7efcb-anomaly_00052_20260225_124223_080_Rice_Weevil.png
BLUR,18.70,\\pc-max\D\docker\label-studio\media\upload\9\ae917059-anomaly_00052_20260225_124223_080_Rice_Weevil.png
BLUR,18.70,\\pc-max\D\docker\label-studio\media\upload\9\b0a6bf37-anomaly_00225_20260208_194615_785_rice_worm_Color.png
BLUR,18.71,\\pc-max\D\docker\label-studio\media\upload\9\44bc3a31-anomaly_00273_20260208_194623_457_Color.png
BLUR,18.71,\\pc-max\D\docker\label-studio\media\upload\9\91652d44-anomaly_00007_20260213_202412_201_Color.png
BLUR,18.71,\\pc-max\D\docker\label-studio\media\upload\9\e7549725-anomaly_00014_20260225_194531_317_Rice_Weevil.png
BLUR,18.71,\\pc-max\D\docker\label-studio\media\upload\9\6f7bd820-anomaly_00009_20260216_142424_047_Rice_Weevil.png
BLUR,18.72,\\pc-max\D\docker\label-studio\media\upload\9\eb96e9e8-anomaly_00001_20260211_224328_000_Model.png
BLUR,18.72,\\pc-max\D\docker\label-studio\media\upload\9\c20c6390-anomaly_00021_20260216_141346_850_Rice_Weevil_Color.png
BLUR,18.73,\\pc-max\D\docker\label-studio\media\upload\9\f2415e86-anomaly_00010_20260219_220414_226_Rice_Weevil_Color.png
BLUR,18.73,\\pc-max\D\docker\label-studio\media\upload\9\03e235d4-anomaly_00007_20260219_220414_055_Rice_Weevil.png
BLUR,18.74,\\pc-max\D\docker\label-studio\media\upload\9\846ff7ff-anomaly_00008_20260219_220414_086_Rice_Weevil_Color.png
BLUR,18.74,\\pc-max\D\docker\label-studio\media\upload\9\0efa453a-anomaly_00204_20260225_203357_101_Butterfly_Color.png
BLUR,18.74,\\pc-max\D\docker\label-studio\media\upload\9\92f00d3c-anomaly_00203_20260225_203357_032_Butterfly_Color.png
BLUR,18.75,\\pc-max\D\docker\label-studio\media\upload\9\4f69fb37-anomaly_00024_20260227_145824_956_Rice_Weevil_Color.png
BLUR,18.75,\\pc-max\D\docker\label-studio\media\upload\9\3f36373c-anomaly_00002_20260219_220413_744_Rice_Weevil_Color.png
BLUR,18.75,\\pc-max\D\docker\label-studio\media\upload\9\cd7a8465-anomaly_00161_20260208_150202_937_paddy_Color.png
BLUR,18.75,\\pc-max\D\docker\label-studio\media\upload\9\06908d96-anomaly_00041_20260225_195041_478_Rice_Weevil.png
BLUR,18.76,\\pc-max\D\docker\label-studio\media\upload\9\e358951e-anomaly_00205_20260225_203357_136_Butterfly_Color.png
BLUR,18.76,\\pc-max\D\docker\label-studio\media\upload\9\cd7b770f-anomaly_00017_20260216_141346_525_Rice_Weevil_Color.png
BLUR,18.76,\\pc-max\D\docker\label-studio\media\upload\9\d2ec9128-anomaly_00017_20260216_141346_525_Rice_Weevil_Color.png
BLUR,18.77,\\pc-max\D\docker\label-studio\media\upload\9\414aa748-anomaly_00019_20260216_141346_665_Rice_Weevil_Color.png
BLUR,18.77,\\pc-max\D\docker\label-studio\media\upload\9\591c1699-anomaly_00019_20260216_141346_665_Rice_Weevil_Color.png
BLUR,18.77,\\pc-max\D\docker\label-studio\media\upload\9\34e6b95c-anomaly_00083_20260208_154950_732_paddy_Color.png
BLUR,18.77,\\pc-max\D\docker\label-studio\media\upload\9\58137290-anomaly_00042_20260225_195041_616_Rice_Weevil.png
BLUR,18.77,\\pc-max\D\docker\label-studio\media\upload\9\ca16957a-anomaly_00015_20260225_194531_417_Rice_Weevil.png
BLUR,18.78,\\pc-max\D\docker\label-studio\media\upload\9\2ac4a4fb-anomaly_00164_20260208_150203_211_paddy_Color.png
BLUR,18.78,\\pc-max\D\docker\label-studio\media\upload\9\04916c04-anomaly_00247_20260208_194618_043_paddy_Color.png
BLUR,18.78,\\pc-max\D\docker\label-studio\media\upload\9\52ccc387-anomaly_00040_20260207_233603_411_rice_worm.png
BLUR,18.79,\\pc-max\D\docker\label-studio\media\upload\9\4087bfc3-anomaly_00082_20260208_195529_635_paddy_Color.png
BLUR,18.80,\\pc-max\D\docker\label-studio\media\upload\9\f357694a-anomaly_00027_20260227_145825_163_Rice_Weevil_Color.png
BLUR,18.81,\\pc-max\D\docker\label-studio\media\upload\9\2d725fbb-anomaly_00075_20260208_154950_283_paddy_Color.png
BLUR,18.81,\\pc-max\D\docker\label-studio\media\upload\9\12c7ed1b-capture_20260204_185136_000.png
BLUR,18.81,\\pc-max\D\docker\label-studio\media\upload\9\6401110b-anomaly_00135_20260125_113513_467.png
BLUR,18.82,\\pc-max\D\docker\label-studio\media\upload\9\7f0e7718-anomaly_00023_20260227_145824_886_Rice_Weevil_Color.png
BLUR,18.82,\\pc-max\D\docker\label-studio\media\upload\9\c2b7d750-anomaly_00022_20260225_125424_041_Color.png
BLUR,18.83,\\pc-max\D\docker\label-studio\media\upload\9\ff212ce8-anomaly_00009_20260219_220414_158_Rice_Weevil_Color.png
BLUR,18.83,\\pc-max\D\docker\label-studio\media\upload\9\7d529342-anomaly_00023_20260207_211812_355_Seed_paddy_Color.png
BLUR,18.83,\\pc-max\D\docker\label-studio\media\upload\9\0cb04ca1-anomaly_00102_20260208_150127_585_Seed_paddy_Color.png
BLUR,18.86,\\pc-max\D\docker\label-studio\media\upload\9\24fe813d-anomaly_00026_20260219_223900_347_Rice_Weevil.png
BLUR,18.87,\\pc-max\D\docker\label-studio\media\upload\9\99342be3-anomaly_00027_20260219_223900_412_Rice_Weevil_Model.png
BLUR,18.88,\\pc-max\D\docker\label-studio\media\upload\9\91579fe6-capture_20260204_182830_644.png
BLUR,18.88,\\pc-max\D\docker\label-studio\media\upload\9\f7d696ad-capture_20260204_185041_732.png
BLUR,18.89,\\pc-max\D\docker\label-studio\media\upload\9\30a93bc7-anomaly_00010_20260207_051900_024_Rice_Weevil_Color.png
BLUR,18.90,\\pc-max\D\docker\label-studio\media\upload\9\6dd08b5b-capture_20260118_171816_556.png
BLUR,18.90,\\pc-max\D\docker\label-studio\media\upload\9\6945f227-anomaly_00007_20260207_051859_812_Rice_Weevil.png
BLUR,18.92,\\pc-max\D\docker\label-studio\media\upload\9\81acbd05-anomaly_00099_20260204_192444_062_Rice_Weevil_Model_Color.png
BLUR,18.92,\\pc-max\D\docker\label-studio\media\upload\9\28a8594d-anomaly_00093_20260208_150127_136_Seed_paddy_Color.png
BLUR,18.92,\\pc-max\D\docker\label-studio\media\upload\9\a02ee908-anomaly_00029_20260227_145825_301_Rice_Weevil_Color.png
BLUR,18.92,\\pc-max\D\docker\label-studio\media\upload\9\f13b1c3e-anomaly_00002_20260211_224328_107_Model_Color.png
BLUR,18.94,\\pc-max\D\docker\label-studio\media\upload\9\5de01a6f-anomaly_00017_20260301_165753_982_Rice_Weevil_Model.png
BLUR,18.94,\\pc-max\D\docker\label-studio\media\upload\9\e562c865-capture_20260204_184844_347.png
BLUR,18.97,\\pc-max\D\docker\label-studio\media\upload\9\efb609dc-anomaly_00013_20260225_194531_248_Rice_Weevil.png
BLUR,18.98,\\pc-max\D\docker\label-studio\media\upload\9\509da5c3-anomaly_00032_20260413_122913_717_Rice_Weevil_Model.png
BLUR,19.02,\\pc-max\D\docker\label-studio\media\upload\9\9076fe37-anomaly_00314_20260216_131059_718_rice_worm_Color.png
BLUR,19.02,\\pc-max\D\docker\label-studio\media\upload\9\1b03c9be-anomaly_00032_20260227_145825_509_Rice_Weevil_Color.png
BLUR,19.03,\\pc-max\D\docker\label-studio\media\upload\9\375905e3-anomaly_00005_20260301_163958_856_Rice_Weevil_Model.png
BLUR,19.04,\\pc-max\D\docker\label-studio\media\upload\9\860e6202-anomaly_00172_20260303_160435_204_Lay_eggs.png
BLUR,19.05,\\pc-max\D\docker\label-studio\media\upload\9\668cc925-anomaly_00002_20260220_162741_559_Rice_Weevil_Color.png
BLUR,19.05,\\pc-max\D\docker\label-studio\media\upload\9\e4e4bc3a-anomaly_00002_20260220_162741_559_Rice_Weevil_Color.png
BLUR,19.05,\\pc-max\D\docker\label-studio\media\upload\9\f087368b-anomaly_00002_20260220_162741_559_Rice_Weevil_Color.png
BLUR,19.06,\\pc-max\D\docker\label-studio\media\upload\9\5d097314-anomaly_00006_20260301_163958_892_Rice_Weevil_Model.png
BLUR,19.06,\\pc-max\D\docker\label-studio\media\upload\9\b8604e16-anomaly_00003_20260211_224328_695_Model_Color.png
BLUR,19.06,\\pc-max\D\docker\label-studio\media\upload\9\cf6dc978-anomaly_00576_20260228_190956_954_Color.png
BLUR,19.07,\\pc-max\D\docker\label-studio\media\upload\9\646e16ef-anomaly_00011_20260207_051900_118_Rice_Weevil_Model.png
BLUR,19.07,\\pc-max\D\docker\label-studio\media\upload\9\234691ae-anomaly_00277_20260128_103349_760_Rice_Weevil_Stone_Model.png
BLUR,19.12,\\pc-max\D\docker\label-studio\media\upload\9\bc927c13-anomaly_00248_20260118_143716_491.png
BLUR,19.13,\\pc-max\D\docker\label-studio\media\upload\9\ee8fb198-anomaly_00031_20260227_145825_445_Rice_Weevil_Color.png
BLUR,19.13,\\pc-max\D\docker\label-studio\media\upload\9\ab2f66bc-anomaly_00003_20260220_162741_650_Rice_Weevil_Model_Color.png
BLUR,19.14,\\pc-max\D\docker\label-studio\media\upload\9\58eafbd1-anomaly_00030_20260227_145825_378_Rice_Weevil_Color.png
BLUR,19.15,\\pc-max\D\docker\label-studio\media\upload\9\94b10fa3-anomaly_00026_20260227_145825_095_Rice_Weevil_Model_Color.png
BLUR,19.15,\\pc-max\D\docker\label-studio\media\upload\9\55796de5-anomaly_00043_20260413_122914_092_Rice_Weevil_Model.png
BLUR,19.15,\\pc-max\D\docker\label-studio\media\upload\9\b07fd3e6-anomaly_00132_20260118_141955_086.png
BLUR,19.15,\\pc-max\D\docker\label-studio\media\upload\9\a6ca064e-anomaly_00005_20260302_194944_758_Rice_Weevil_Lay_eggs_Model.png
BLUR,19.16,\\pc-max\D\docker\label-studio\media\upload\9\7f562755-anomaly_00231_20260118_143547_080.png
BLUR,19.17,\\pc-max\D\docker\label-studio\media\upload\9\f7e2a630-anomaly_00001_20260207_215245_239_paddy_Color.png
BLUR,19.17,\\pc-max\D\docker\label-studio\media\upload\9\593e3695-anomaly_00317_20260216_131100_407_rice_worm_Color.png
BLUR,19.18,\\pc-max\D\docker\label-studio\media\upload\9\b2ed7112-anomaly_00163_20260118_142348_239.png
BLUR,19.18,\\pc-max\D\docker\label-studio\media\upload\9\a0b84baf-anomaly_00320_20260216_131102_437_rice_worm_Color.png
BLUR,19.18,\\pc-max\D\docker\label-studio\media\upload\9\5cc2bcd2-anomaly_00012_20260128_155629_070_rice_worm_Model_Color.png
BLUR,19.19,\\pc-max\D\docker\label-studio\media\upload\9\7eba0533-anomaly_00190_20260216_131011_762_rice_worm_Color.png
BLUR,19.19,\\pc-max\D\docker\label-studio\media\upload\9\1f8fe19a-anomaly_00233_20260118_143547_372.png
BLUR,19.19,\\pc-max\D\docker\label-studio\media\upload\9\71d5ebed-anomaly_00130_20260118_141954_807.png
BLUR,19.20,\\pc-max\D\docker\label-studio\media\upload\9\1c553d5e-anomaly_00311_20260216_131057_725_rice_worm_Color.png
BLUR,19.20,\\pc-max\D\docker\label-studio\media\upload\9\e288c028-anomaly_00017_20260207_211811_942_Seed_paddy_Color.png
BLUR,19.21,\\pc-max\D\docker\label-studio\media\upload\9\ca197767-anomaly_00012_20260301_165753_676_Rice_Weevil_Model.png
BLUR,19.23,\\pc-max\D\docker\label-studio\media\upload\9\934eea90-anomaly_00134_20260118_141955_310.png
BLUR,19.24,\\pc-max\D\docker\label-studio\media\upload\9\3eb4882f-anomaly_00011_20260301_165753_609_Rice_Weevil_Model.png
BLUR,19.24,\\pc-max\D\docker\label-studio\media\upload\9\5287f8c9-capture_20260304_204425_163.png
BLUR,19.24,\\pc-max\D\docker\label-studio\media\upload\9\4e877f18-anomaly_00004_20260204_211830_995_Lay_eggs.png
BLUR,19.25,\\pc-max\D\docker\label-studio\media\upload\9\2f1c0c50-anomaly_00576_20260228_190956_141_rice_worm_Color.png
BLUR,19.25,\\pc-max\D\docker\label-studio\media\upload\9\a8282fe6-anomaly_00001_20260216_130426_261_rice_worm_Color.png
BLUR,19.26,\\pc-max\D\docker\label-studio\media\upload\9\4e738c2e-anomaly_00131_20260118_141954_994.png
BLUR,19.27,\\pc-max\D\docker\label-studio\media\upload\9\8cdfc2db-anomaly_00251_20260118_144115_031.png
BLUR,19.28,\\pc-max\D\docker\label-studio\media\upload\9\587eb898-anomaly_00309_20260216_131056_829_rice_worm_Color.png
BLUR,19.29,\\pc-max\D\docker\label-studio\media\upload\9\21957a12-anomaly_00247_20260118_143716_350.png
BLUR,19.29,\\pc-max\D\docker\label-studio\media\upload\9\f9f93c62-anomaly_00133_20260118_141955_217.png
BLUR,19.29,\\pc-max\D\docker\label-studio\media\upload\9\90784909-anomaly_00159_20260118_142238_606.png
BLUR,19.30,\\pc-max\D\docker\label-studio\media\upload\9\a22bda93-anomaly_00136_20260118_141955_621.png
BLUR,19.30,\\pc-max\D\docker\label-studio\media\upload\9\05117fab-anomaly_00244_20260118_143712_438.png
BLUR,19.31,\\pc-max\D\docker\label-studio\media\upload\9\d68eba51-anomaly_00028_20260227_145825_233_Rice_Weevil_Color.png
BLUR,19.32,\\pc-max\D\docker\label-studio\media\upload\9\f25ef7f5-anomaly_00166_20260118_142348_659.png
BLUR,19.32,\\pc-max\D\docker\label-studio\media\upload\9\42f7abf0-anomaly_00135_20260118_141955_488.png
BLUR,19.33,\\pc-max\D\docker\label-studio\media\upload\9\3fdfdd96-anomaly_00164_20260118_142348_384.png
BLUR,19.33,\\pc-max\D\docker\label-studio\media\upload\9\ff407a37-anomaly_00298_20260216_131049_633_rice_worm_Color.png
BLUR,19.33,\\pc-max\D\docker\label-studio\media\upload\9\b1dda483-anomaly_00278_20260128_103349_893_Rice_Weevil_Model.png
BLUR,19.33,\\pc-max\D\docker\label-studio\media\upload\9\3c798721-anomaly_00255_20260118_144129_303.png
BLUR,19.33,\\pc-max\D\docker\label-studio\media\upload\9\df0835e1-anomaly_00108_20260118_141425_560.png
BLUR,19.34,\\pc-max\D\docker\label-studio\media\upload\9\a3873a0a-anomaly_00001_20260216_130045_265_rice_worm_Model_Color.png
BLUR,19.35,\\pc-max\D\docker\label-studio\media\upload\9\713fa107-anomaly_00128_20260118_141709_149.png
BLUR,19.35,\\pc-max\D\docker\label-studio\media\upload\9\143b0538-anomaly_00227_20260216_131035_185_rice_worm_Model_Color.png
BLUR,19.36,\\pc-max\D\docker\label-studio\media\upload\9\a70ed9c5-anomaly_00104_20260118_141213_210.png
BLUR,19.36,\\pc-max\D\docker\label-studio\media\upload\9\3a6a8a59-capture_20260204_200803_274.png
BLUR,19.37,\\pc-max\D\docker\label-studio\media\upload\9\debeeeff-anomaly_00014_20260301_165753_810_Rice_Weevil_Model.png
BLUR,19.37,\\pc-max\D\docker\label-studio\media\upload\9\949fe814-capture_20260204_185453_152.png
BLUR,19.38,\\pc-max\D\docker\label-studio\media\upload\9\df8b80d8-anomaly_00147_20260118_142124_895.png
BLUR,19.39,\\pc-max\D\docker\label-studio\media\upload\9\eb5d33ee-anomaly_00158_20260118_142238_464.png
BLUR,19.40,\\pc-max\D\docker\label-studio\media\upload\9\15dc24b8-anomaly_00005_20260220_162741_818_Rice_Weevil_Model_Color.png
BLUR,19.40,\\pc-max\D\docker\label-studio\media\upload\9\ae56feb1-capture_20260304_204424_140.png
BLUR,19.41,\\pc-max\D\docker\label-studio\media\upload\9\e15fec0d-anomaly_00001_20260216_125946_270_rice_worm_Color.png
BLUR,19.41,\\pc-max\D\docker\label-studio\media\upload\9\2435223c-capture_20260116_204002_001.png
BLUR,19.41,\\pc-max\D\docker\label-studio\media\upload\9\01be6cbe-anomaly_00002_20260228_190534_367_Rice_Weevil_Color.png
BLUR,19.41,\\pc-max\D\docker\label-studio\media\upload\9\c965484b-anomaly_00095_20260118_140901_888.png
BLUR,19.41,\\pc-max\D\docker\label-studio\media\upload\9\aad19556-anomaly_00005_20260304_205150_627_Rice_Weevil.png
BLUR,19.43,\\pc-max\D\docker\label-studio\media\upload\9\733abf0c-anomaly_00151_20260118_142126_813.png
BLUR,19.44,\\pc-max\D\docker\label-studio\media\upload\9\ba42a55d-anomaly_00165_20260118_142348_521.png
BLUR,19.44,\\pc-max\D\docker\label-studio\media\upload\9\165268c7-anomaly_00331_20260216_131105_851_rice_worm_Color.png
BLUR,19.45,\\pc-max\D\docker\label-studio\media\upload\9\dd8b1169-anomaly_00109_20260118_141425_701.png
BLUR,19.45,\\pc-max\D\docker\label-studio\media\upload\9\98f4f906-anomaly_00146_20260118_142124_558.png
BLUR,19.45,\\pc-max\D\docker\label-studio\media\upload\9\b2f0c81d-anomaly_00032_20251109_152255_125.png
BLUR,19.46,\\pc-max\D\docker\label-studio\media\upload\9\8708b073-anomaly_00026_20260304_220856_942_rice_worm_Color.png
BLUR,19.46,\\pc-max\D\docker\label-studio\media\upload\9\b4105770-anomaly_00016_20260301_165753_920_Rice_Weevil_Model.png
BLUR,19.46,\\pc-max\D\docker\label-studio\media\upload\9\38e3814a-anomaly_00196_20260216_131016_098_rice_worm_Color.png
BLUR,19.47,\\pc-max\D\docker\label-studio\media\upload\9\984fe7f3-anomaly_00001_20260206_101859_738_Color.png
BLUR,19.47,\\pc-max\D\docker\label-studio\media\upload\9\40dba5bc-anomaly_00001_20260206_101832_035_rice_worm_Color.png
BLUR,19.48,\\pc-max\D\docker\label-studio\media\upload\9\4d899756-anomaly_00123_20260118_141525_015.png
BLUR,19.48,\\pc-max\D\docker\label-studio\media\upload\9\f253a20c-anomaly_00110_20260118_141425_843.png
BLUR,19.48,\\pc-max\D\docker\label-studio\media\upload\9\8a8bbecd-anomaly_00002_20260228_190535_182_Color.png
BLUR,19.49,\\pc-max\D\docker\label-studio\media\upload\9\27855bfe-anomaly_00015_20260301_165753_844_Rice_Weevil_Model.png
BLUR,19.50,\\pc-max\D\docker\label-studio\media\upload\9\8c3859be-anomaly_00250_20260118_143745_645.png
BLUR,19.50,\\pc-max\D\docker\label-studio\media\upload\9\92cd2de6-anomaly_00004_20260220_162741_722_Rice_Weevil_Model_Color.png
BLUR,19.52,\\pc-max\D\docker\label-studio\media\upload\9\5157cc82-anomaly_00103_20260118_141144_418.png
BLUR,19.53,\\pc-max\D\docker\label-studio\media\upload\9\7d669a31-anomaly_00005_20260228_190627_879_Model_Color.png
BLUR,19.54,\\pc-max\D\docker\label-studio\media\upload\9\f05e2c60-anomaly_00014_20260128_155629_207_paddy_rice_worm_Model_Color.png
BLUR,19.54,\\pc-max\D\docker\label-studio\media\upload\9\8a8ec832-anomaly_00275_20260228_190939_037_rice_worm_Color.png
BLUR,19.54,\\pc-max\D\docker\label-studio\media\upload\9\6b3766c7-anomaly_00006_20260220_162741_884_Rice_Weevil_Model_Color.png
BLUR,19.54,\\pc-max\D\docker\label-studio\media\upload\9\72f703ee-anomaly_00006_20260220_162741_884_Rice_Weevil_Model_Color.png
BLUR,19.54,\\pc-max\D\docker\label-studio\media\upload\9\97a2bea4-anomaly_00006_20260220_162741_884_Rice_Weevil_Model_Color.png
BLUR,19.55,\\pc-max\D\docker\label-studio\media\upload\9\e38ee4d1-anomaly_00148_20260118_142126_385.png
BLUR,19.56,\\pc-max\D\docker\label-studio\media\upload\9\a0754b8f-anomaly_00011_20260128_155628_931_rice_worm_Color.png
BLUR,19.58,\\pc-max\D\docker\label-studio\media\upload\9\884e152c-anomaly_00055_20260304_205716_804_rice_worm.png
BLUR,19.58,\\pc-max\D\docker\label-studio\media\upload\9\85153aa1-anomaly_00003_20260228_190601_453_Color.png
BLUR,19.60,\\pc-max\D\docker\label-studio\media\upload\9\1a4b0ad9-anomaly_00208_20260208_155119_096_Rice_straw_Color.png
BLUR,19.61,\\pc-max\D\docker\label-studio\media\upload\9\624db571-anomaly_00125_20260118_141525_289.png
BLUR,19.61,\\pc-max\D\docker\label-studio\media\upload\9\90756e29-anomaly_00113_20260118_141457_914.png
BLUR,19.61,\\pc-max\D\docker\label-studio\media\upload\9\0f6813db-anomaly_00245_20260118_143712_798.png
BLUR,19.62,\\pc-max\D\docker\label-studio\media\upload\9\3285d904-anomaly_00001_20260204_202414_543_Lay_eggs.png
BLUR,19.63,\\pc-max\D\docker\label-studio\media\upload\9\70156d82-capture_20260204_181945_681.png
BLUR,19.63,\\pc-max\D\docker\label-studio\media\upload\9\0112b850-anomaly_00006_20260304_205907_664_Rice_Small_Worm.png
BLUR,19.63,\\pc-max\D\docker\label-studio\media\upload\9\27e95b1d-anomaly_00013_20260304_210038_505_Rice_Small_Worm.png
BLUR,19.64,\\pc-max\D\docker\label-studio\media\upload\9\55733819-anomaly_00114_20260118_141458_050.png
BLUR,19.64,\\pc-max\D\docker\label-studio\media\upload\9\3a8b0ae8-anomaly_00160_20260216_130942_275_rice_worm_Model_Color.png
BLUR,19.65,\\pc-max\D\docker\label-studio\media\upload\9\162ba576-anomaly_00111_20260118_141425_939.png
BLUR,19.66,\\pc-max\D\docker\label-studio\media\upload\9\bae84cf1-capture_20260304_204422_031.png
BLUR,19.67,\\pc-max\D\docker\label-studio\media\upload\9\f14036f9-anomaly_00434_20260228_190950_414_Color.png
BLUR,19.67,\\pc-max\D\docker\label-studio\media\upload\9\a617329e-anomaly_00001_20260304_220956_236_rice_worm.png
BLUR,19.67,\\pc-max\D\docker\label-studio\media\upload\9\496622ed-anomaly_00266_20260128_103339_158_Rice_Weevil_Stone_Model.png
BLUR,19.68,\\pc-max\D\docker\label-studio\media\upload\9\6c68cf1d-anomaly_00121_20260118_141524_749.png
BLUR,19.68,\\pc-max\D\docker\label-studio\media\upload\9\db84e5b6-anomaly_00001_20260206_101959_463_Model_Color.png
BLUR,19.69,\\pc-max\D\docker\label-studio\media\upload\9\ac3bbe3a-anomaly_00246_20260118_143712_948.png
BLUR,19.69,\\pc-max\D\docker\label-studio\media\upload\9\0bf6c788-anomaly_00587_20260228_190959_136_rice_worm_Color.png
BLUR,19.71,\\pc-max\D\docker\label-studio\media\upload\9\cc162abe-anomaly_00115_20260118_141458_141.png
BLUR,19.73,\\pc-max\D\docker\label-studio\media\upload\9\c569eee8-anomaly_00122_20260118_141524_884.png
BLUR,19.75,\\pc-max\D\docker\label-studio\media\upload\9\fb336d43-anomaly_00172_20260216_130954_337_rice_worm_Model_Color.png
BLUR,19.76,\\pc-max\D\docker\label-studio\media\upload\9\06bac140-anomaly_00142_20260302_192436_255_Rice_Weevil_Lay_eggs_Model.png
BLUR,19.76,\\pc-max\D\docker\label-studio\media\upload\9\80d9de86-anomaly_00701_20260228_191017_374_Rice_Weevil_Model_Color.png
BLUR,19.77,\\pc-max\D\docker\label-studio\media\upload\9\198b98d7-anomaly_00116_20260118_141458_393.png
BLUR,19.78,\\pc-max\D\docker\label-studio\media\upload\9\ad95ebee-anomaly_00124_20260118_141525_152.png
BLUR,19.78,\\pc-max\D\docker\label-studio\media\upload\9\610a4c0b-anomaly_00013_20260301_165753_741_Rice_Weevil_Model.png
BLUR,19.80,\\pc-max\D\docker\label-studio\media\upload\9\d385c935-capture_20260304_204423_154.png
BLUR,19.80,\\pc-max\D\docker\label-studio\media\upload\9\f2873dea-anomaly_00701_20260228_191016_554_Rice_Weevil_Color.png
BLUR,19.81,\\pc-max\D\docker\label-studio\media\upload\9\087befab-anomaly_00021_20260128_155632_393_paddy_Color.png
BLUR,19.83,\\pc-max\D\docker\label-studio\media\upload\9\531e22a1-anomaly_00023_20260118_140142_547.png
BLUR,19.83,\\pc-max\D\docker\label-studio\media\upload\9\2bc5ab77-anomaly_00026_20260304_214941_608_Black_head.png
BLUR,19.83,\\pc-max\D\docker\label-studio\media\upload\9\541d673e-anomaly_00154_20260128_155743_429_Color.png
BLUR,19.84,\\pc-max\D\docker\label-studio\media\upload\9\fe756113-anomaly_00707_20260228_191029_401_Color.png
BLUR,19.85,\\pc-max\D\docker\label-studio\media\upload\9\42a3f392-anomaly_00153_20260128_155741_190_paddy_Color.png
BLUR,19.85,\\pc-max\D\docker\label-studio\media\upload\9\295ebe84-anomaly_00222_20260128_155813_722_paddy_Color.png
BLUR,19.86,\\pc-max\D\docker\label-studio\media\upload\9\e8ee7028-anomaly_00689_20260228_191013_688_rice_worm_Color.png
BLUR,19.86,\\pc-max\D\docker\label-studio\media\upload\9\881f5afb-anomaly_00113_20260216_130911_722_rice_worm_Model_Color.png
BLUR,19.88,\\pc-max\D\docker\label-studio\media\upload\9\7f8e69d3-anomaly_00042_20260118_140341_200.png
BLUR,19.88,\\pc-max\D\docker\label-studio\media\upload\9\a71698cb-anomaly_00119_20260118_141524_525.png
BLUR,19.89,\\pc-max\D\docker\label-studio\media\upload\9\58183cda-anomaly_00050_20260118_140342_432.png
BLUR,19.90,\\pc-max\D\docker\label-studio\media\upload\9\c47dbe57-anomaly_00145_20260303_160411_047_Lay_eggs.png
BLUR,19.90,\\pc-max\D\docker\label-studio\media\upload\9\15b75286-anomaly_00126_20260216_130919_977_rice_worm_Model_Color.png
BLUR,19.90,\\pc-max\D\docker\label-studio\media\upload\9\4d2f48bc-anomaly_00105_20260118_141214_284.png
BLUR,19.91,\\pc-max\D\docker\label-studio\media\upload\9\060448ca-anomaly_00614_20260228_191010_946_rice_worm_Color.png
BLUR,19.91,\\pc-max\D\docker\label-studio\media\upload\9\5b00cec5-capture_20260114_160720_886.png
BLUR,19.91,\\pc-max\D\docker\label-studio\media\upload\9\92670f96-anomaly_00112_20260228_190821_466_Color.png
BLUR,19.91,\\pc-max\D\docker\label-studio\media\upload\9\d8f8b064-anomaly_00054_20260128_155654_349_paddy_Color.png
BLUR,19.92,\\pc-max\D\docker\label-studio\media\upload\9\a46a0b9e-anomaly_00018_20260228_190704_354_rice_worm_Color.png
BLUR,19.93,\\pc-max\D\docker\label-studio\media\upload\9\fd6ba556-anomaly_00014_20260118_135857_606.png
BLUR,19.93,\\pc-max\D\docker\label-studio\media\upload\9\f50f2eeb-anomaly_00129_20260118_141717_893.png
BLUR,19.94,\\pc-max\D\docker\label-studio\media\upload\9\9cb43502-capture_20260204_182327_454.png
BLUR,19.95,\\pc-max\D\docker\label-studio\media\upload\9\6d895c77-anomaly_00001_20260128_140031_033_Color.png
BLUR,19.95,\\pc-max\D\docker\label-studio\media\upload\9\f4b141cb-anomaly_00157_20260216_130940_242_rice_worm_Model_Color.png
BLUR,19.95,\\pc-max\D\docker\label-studio\media\upload\9\0235c430-anomaly_00027_20260118_140159_916.png
BLUR,19.96,\\pc-max\D\docker\label-studio\media\upload\9\61ce40dc-anomaly_00031_20260118_140200_468.png
BLUR,19.97,\\pc-max\D\docker\label-studio\media\upload\9\f44e0ea8-anomaly_00149_20260128_155739_968_paddy_Color.png
BLUR,19.98,\\pc-max\D\docker\label-studio\media\upload\9\0e860f1f-anomaly_00109_20260228_190928_059_rice_worm_Color.png
BLUR,19.98,\\pc-max\D\docker\label-studio\media\upload\9\338dde8f-capture_20260304_204426_231.png
BLUR,19.98,\\pc-max\D\docker\label-studio\media\upload\9\c30249a4-anomaly_00098_20260228_190927_003_Color.png
BLUR,19.98,\\pc-max\D\docker\label-studio\media\upload\9\eb4bd5ff-anomaly_00029_20260118_140200_150.png
BLUR,19.99,\\pc-max\D\docker\label-studio\media\upload\9\be330e06-anomaly_00690_20260228_191013_722_Color.png
BLUR,20.00,\\pc-max\D\docker\label-studio\media\upload\9\081450fe-anomaly_00154_20260128_155742_617_paddy_Color.png
BLUR,20.00,\\pc-max\D\docker\label-studio\media\upload\9\3ce92432-anomaly_00710_20260228_191030_128_rice_worm_Color.png
BLUR,20.00,\\pc-max\D\docker\label-studio\media\upload\9\8adf6489-anomaly_00054_20260128_155653_535_paddy_Color.png
BLUR,20.00,\\pc-max\D\docker\label-studio\media\upload\9\644e2cb4-anomaly_00008_20260207_224302_119_paddy_rice_worm_Color.png
BLUR,20.00,\\pc-max\D\docker\label-studio\media\upload\9\ef98d288-anomaly_00706_20260228_191027_407_Color.png
BLUR,20.00,\\pc-max\D\docker\label-studio\media\upload\9\9e2300da-anomaly_00072_20260228_190924_548_Color.png
BLUR,20.01,\\pc-max\D\docker\label-studio\media\upload\9\b93f823d-anomaly_00151_20260128_155740_509_paddy_Color.png
BLUR,20.01,\\pc-max\D\docker\label-studio\media\upload\9\6b1bacfe-anomaly_00707_20260228_191027_785_Rice_Weevil_Color.png
BLUR,20.01,\\pc-max\D\docker\label-studio\media\upload\9\40043c06-anomaly_00025_20260118_140159_635.png
BLUR,20.02,\\pc-max\D\docker\label-studio\media\upload\9\73c53411-anomaly_00039_20260118_140231_880.png
BLUR,20.02,\\pc-max\D\docker\label-studio\media\upload\9\d3ad81a1-anomaly_00025_20260128_155634_572_paddy_Color.png
BLUR,20.03,\\pc-max\D\docker\label-studio\media\upload\9\5821de77-anomaly_00112_20260228_190822_268_Color.png
BLUR,20.04,\\pc-max\D\docker\label-studio\media\upload\9\1e115c8f-anomaly_00697_20260228_191014_710_rice_worm_Color.png
BLUR,20.05,\\pc-max\D\docker\label-studio\media\upload\9\6a751792-anomaly_00009_20260228_190653_543_Color.png
BLUR,20.06,\\pc-max\D\docker\label-studio\media\upload\9\71c5c00b-anomaly_00031_20260128_155639_943_paddy_Color.png
BLUR,20.06,\\pc-max\D\docker\label-studio\media\upload\9\6a0ba070-anomaly_00420_20260228_190947_268_rice_worm_Color.png
BLUR,20.07,\\pc-max\D\docker\label-studio\media\upload\9\3538c902-anomaly_00113_20260228_190823_481_Color.png
BLUR,20.07,\\pc-max\D\docker\label-studio\media\upload\9\cbc9ddf4-anomaly_00146_20260216_130932_225_rice_worm_Model_Color.png
BLUR,20.08,\\pc-max\D\docker\label-studio\media\upload\9\508795c2-capture_20260228_230810_217.png
BLUR,20.08,\\pc-max\D\docker\label-studio\media\upload\9\d5f28769-anomaly_00224_20260128_155815_081_paddy_Color.png
BLUR,20.08,\\pc-max\D\docker\label-studio\media\upload\9\9fbfc980-anomaly_00038_20260118_140231_701.png
BLUR,20.09,\\pc-max\D\docker\label-studio\media\upload\9\a2691887-anomaly_00001_20260213_162925_274_rice_worm_Color.png
BLUR,20.09,\\pc-max\D\docker\label-studio\media\upload\9\38f81863-anomaly_00126_20260125_113507_499.png
BLUR,20.11,\\pc-max\D\docker\label-studio\media\upload\9\4c32e474-anomaly_00022_20260128_155632_464_rice_worm_Model_Color.png
BLUR,20.11,\\pc-max\D\docker\label-studio\media\upload\9\027f6321-anomaly_00220_20260128_155810_325_paddy_Color.png
BLUR,20.11,\\pc-max\D\docker\label-studio\media\upload\9\3212811a-anomaly_00266_20260118_144314_774.png
BLUR,20.12,\\pc-max\D\docker\label-studio\media\upload\9\1f7cfe92-anomaly_00434_20260228_190948_766_rice_worm_Color.png
BLUR,20.12,\\pc-max\D\docker\label-studio\media\upload\9\14f5000f-anomaly_00152_20260128_155740_786_paddy_Color.png
BLUR,20.12,\\pc-max\D\docker\label-studio\media\upload\9\02ae7317-anomaly_00055_20260228_190809_476_rice_worm_Color.png
BLUR,20.12,\\pc-max\D\docker\label-studio\media\upload\9\ddacf312-anomaly_00049_20260128_155651_289_paddy_Color.png
BLUR,20.13,\\pc-max\D\docker\label-studio\media\upload\9\3d65272b-anomaly_00061_20260228_190923_358_rice_worm_Color.png
BLUR,20.13,\\pc-max\D\docker\label-studio\media\upload\9\637754d1-anomaly_00028_20260118_140200_053.png
BLUR,20.13,\\pc-max\D\docker\label-studio\media\upload\9\51ea2ed3-anomaly_00050_20260128_155651_563_paddy_Color.png
BLUR,20.13,\\pc-max\D\docker\label-studio\media\upload\9\ad15dec0-capture_20260204_182233_279.png
BLUR,20.14,\\pc-max\D\docker\label-studio\media\upload\9\23eb868e-anomaly_00066_20260118_140451_816.png
BLUR,20.14,\\pc-max\D\docker\label-studio\media\upload\9\9603b41c-anomaly_00033_20260228_190804_193_Rice_Weevil_Color.png
BLUR,20.14,\\pc-max\D\docker\label-studio\media\upload\9\bb62ccb9-anomaly_00221_20260128_155811_619_paddy_Color.png
BLUR,20.14,\\pc-max\D\docker\label-studio\media\upload\9\8f239d98-anomaly_00219_20260128_155809_917_paddy_Color.png
BLUR,20.14,\\pc-max\D\docker\label-studio\media\upload\9\54ad69aa-anomaly_00017_20260228_190704_328_rice_worm_Model_Color.png
BLUR,20.14,\\pc-max\D\docker\label-studio\media\upload\9\de6d6053-anomaly_00433_20260228_190948_731_Color.png
BLUR,20.15,\\pc-max\D\docker\label-studio\media\upload\9\f2f35a9b-anomaly_00027_20260128_155636_541_rice_worm_Color.png
BLUR,20.16,\\pc-max\D\docker\label-studio\media\upload\9\4458989b-anomaly_00058_20260228_190811_414_Color.png
BLUR,20.16,\\pc-max\D\docker\label-studio\media\upload\9\5aad6911-anomaly_00223_20260128_155814_742_paddy_Color.png
BLUR,20.16,\\pc-max\D\docker\label-studio\media\upload\9\1827a60f-anomaly_00003_20260208_154128_769_Color.png
BLUR,20.16,\\pc-max\D\docker\label-studio\media\upload\9\519fd17a-anomaly_00024_20260128_155634_502_paddy_Color.png
BLUR,20.16,\\pc-max\D\docker\label-studio\media\upload\9\be8117e1-anomaly_00024_20260128_155634_502_paddy_Color.png
BLUR,20.17,\\pc-max\D\docker\label-studio\media\upload\9\a2997464-anomaly_00002_20260304_214839_292_Rice_Weevil_Model.png
BLUR,20.17,\\pc-max\D\docker\label-studio\media\upload\9\415d8b9b-anomaly_00018_20260301_175503_239_Butterfly.png
BLUR,20.17,\\pc-max\D\docker\label-studio\media\upload\9\0d6527b3-anomaly_00034_20260228_190806_202_Color.png
BLUR,20.17,\\pc-max\D\docker\label-studio\media\upload\9\668655a8-anomaly_00150_20260128_155740_238_paddy_Color.png
BLUR,20.18,\\pc-max\D\docker\label-studio\media\upload\9\e52ccde4-anomaly_00033_20260228_190803_376_Color.png
BLUR,20.18,\\pc-max\D\docker\label-studio\media\upload\9\6efb2817-anomaly_00025_20260128_155635_386_paddy_Color.png
BLUR,20.18,\\pc-max\D\docker\label-studio\media\upload\9\02089c98-anomaly_00008_20260118_135856_890.png
BLUR,20.18,\\pc-max\D\docker\label-studio\media\upload\9\1a5b518d-anomaly_00225_20260128_155816_374_paddy_Color.png
BLUR,20.18,\\pc-max\D\docker\label-studio\media\upload\9\85507dc5-anomaly_00046_20260228_190807_156_rice_worm_Color.png
BLUR,20.19,\\pc-max\D\docker\label-studio\media\upload\9\c530d850-anomaly_00434_20260228_190949_584_Color.png
BLUR,20.19,\\pc-max\D\docker\label-studio\media\upload\9\04fb5480-anomaly_00031_20260228_190800_457_Color.png
BLUR,20.19,\\pc-max\D\docker\label-studio\media\upload\9\69ffdbbf-anomaly_00022_20260118_140141_755.png
BLUR,20.19,\\pc-max\D\docker\label-studio\media\upload\9\a85be68b-anomaly_00205_20260208_155118_822_paddy_Color.png
BLUR,20.20,\\pc-max\D\docker\label-studio\media\upload\9\29ed7e00-anomaly_00255_20260128_155840_700_paddy_Color.png
BLUR,20.20,\\pc-max\D\docker\label-studio\media\upload\9\61625f94-anomaly_00155_20260128_155744_657_paddy_Color.png
BLUR,20.20,\\pc-max\D\docker\label-studio\media\upload\9\507019a7-anomaly_00066_20260128_155719_042_paddy_Color.png
BLUR,20.20,\\pc-max\D\docker\label-studio\media\upload\9\0b741535-anomaly_00032_20260128_155640_080_paddy_Model_Color.png
BLUR,20.21,\\pc-max\D\docker\label-studio\media\upload\9\4aef4f4f-anomaly_00061_20260118_140406_628.png
BLUR,20.21,\\pc-max\D\docker\label-studio\media\upload\9\f39acb02-anomaly_00066_20260128_155719_854_paddy_Color.png
BLUR,20.21,\\pc-max\D\docker\label-studio\media\upload\9\ba37bd6e-anomaly_00221_20260128_155812_433_paddy_Color.png
BLUR,20.21,\\pc-max\D\docker\label-studio\media\upload\9\0aed5feb-anomaly_00120_20260118_141524_616.png
BLUR,20.21,\\pc-max\D\docker\label-studio\media\upload\9\2fb80b29-anomaly_00062_20260228_190813_423_Color.png
BLUR,20.22,\\pc-max\D\docker\label-studio\media\upload\9\72df1b4b-anomaly_00052_20260128_155652_509_paddy_Model_Color.png
BLUR,20.22,\\pc-max\D\docker\label-studio\media\upload\9\2e484e34-capture_20260116_203738_747.png
BLUR,20.22,\\pc-max\D\docker\label-studio\media\upload\9\bf35290a-anomaly_00058_20260228_190810_596_Color.png
BLUR,20.22,\\pc-max\D\docker\label-studio\media\upload\9\c6a3b7d2-anomaly_00047_20260228_190807_195_rice_worm_Color.png
BLUR,20.22,\\pc-max\D\docker\label-studio\media\upload\9\669cbdc5-anomaly_00112_20260228_190820_647_Color.png
BLUR,20.22,\\pc-max\D\docker\label-studio\media\upload\9\10418edd-anomaly_00226_20260128_155818_342_paddy_Color.png
BLUR,20.22,\\pc-max\D\docker\label-studio\media\upload\9\ff0bb997-anomaly_00057_20260228_190923_219_rice_worm_Color.png
BLUR,20.22,\\pc-max\D\docker\label-studio\media\upload\9\295a6277-anomaly_00006_20260228_190914_879_rice_worm_Model_Color.png
BLUR,20.23,\\pc-max\D\docker\label-studio\media\upload\9\6af24333-anomaly_00007_20260118_135856_797.png
BLUR,20.23,\\pc-max\D\docker\label-studio\media\upload\9\4bfccdb4-anomaly_00028_20260128_155636_749_rice_worm_Color.png
BLUR,20.23,\\pc-max\D\docker\label-studio\media\upload\9\225c13ec-anomaly_00264_20260128_155848_716_paddy_Color.png
BLUR,20.23,\\pc-max\D\docker\label-studio\media\upload\9\9b21a6d7-anomaly_00071_20260228_190815_432_Color.png
BLUR,20.23,\\pc-max\D\docker\label-studio\media\upload\9\6184304a-anomaly_00051_20260128_155651_765_paddy_Color.png
BLUR,20.23,\\pc-max\D\docker\label-studio\media\upload\9\18582530-anomaly_00220_20260128_155811_141_paddy_Color.png
BLUR,20.24,\\pc-max\D\docker\label-studio\media\upload\9\fb78aed6-anomaly_00224_20260128_155815_900_paddy_Color.png
BLUR,20.24,\\pc-max\D\docker\label-studio\media\upload\9\c2e1c5d6-anomaly_00035_20260128_155642_523_paddy_Model_Color.png
BLUR,20.24,\\pc-max\D\docker\label-studio\media\upload\9\2b8d46b0-anomaly_00022_20260413_122839_731_Rice_Weevil_Model.png
BLUR,20.25,\\pc-max\D\docker\label-studio\media\upload\9\47a72280-anomaly_00202_20260208_155118_619_paddy_Color.png
BLUR,20.25,\\pc-max\D\docker\label-studio\media\upload\9\eccf1c44-anomaly_00057_20260228_190809_680_rice_worm_Color.png
BLUR,20.25,\\pc-max\D\docker\label-studio\media\upload\9\d23adb70-anomaly_00028_20260128_155637_562_rice_worm_paddy_Model_Color.png
BLUR,20.26,\\pc-max\D\docker\label-studio\media\upload\9\e3df57a8-anomaly_00032_20260228_190801_368_Model_Color.png
BLUR,20.27,\\pc-max\D\docker\label-studio\media\upload\9\e329a0a6-anomaly_00226_20260128_155817_526_paddy_Model_Color.png
BLUR,20.27,\\pc-max\D\docker\label-studio\media\upload\9\dad9f36e-anomaly_00022_20260128_155634_094_paddy_Color.png
BLUR,20.28,\\pc-max\D\docker\label-studio\media\upload\9\974d3a46-anomaly_00030_20260128_155638_582_rice_worm_Model_Color.png
BLUR,20.28,\\pc-max\D\docker\label-studio\media\upload\9\79757e53-anomaly_00044_20260128_155648_164_paddy_Color.png
BLUR,20.28,\\pc-max\D\docker\label-studio\media\upload\9\0fdc8662-anomaly_00009_20260118_135857_021.png
BLUR,20.28,\\pc-max\D\docker\label-studio\media\upload\9\ac1c4972-anomaly_00109_20260228_190818_642_rice_worm_Color.png
BLUR,20.28,\\pc-max\D\docker\label-studio\media\upload\9\ea18fafd-capture_20260127_195354_487.png
BLUR,20.28,\\pc-max\D\docker\label-studio\media\upload\9\13a65835-anomaly_00001_20260128_155541_269_paddy_Color.png
BLUR,20.29,\\pc-max\D\docker\label-studio\media\upload\9\27f32684-anomaly_00038_20260228_190917_200_rice_worm_Color.png
BLUR,20.29,\\pc-max\D\docker\label-studio\media\upload\9\a5dcf33f-anomaly_00235_20260128_155826_635_paddy_Color.png
BLUR,20.29,\\pc-max\D\docker\label-studio\media\upload\9\87f30610-anomaly_00269_20260204_211711_055_Lay_eggs.png
BLUR,20.29,\\pc-max\D\docker\label-studio\media\upload\9\91caa9e9-anomaly_00020_20260306_093659_736_rice_worm_Color.png
BLUR,20.30,\\pc-max\D\docker\label-studio\media\upload\9\2d41598e-anomaly_00096_20260228_190926_596_rice_worm_Color.png
BLUR,20.30,\\pc-max\D\docker\label-studio\media\upload\9\0e88d7e2-anomaly_00232_20260128_155823_645_paddy_Color.png
BLUR,20.30,\\pc-max\D\docker\label-studio\media\upload\9\6657ddcf-anomaly_00958_20260127_195416_386_Color.png
BLUR,20.31,\\pc-max\D\docker\label-studio\media\upload\9\ebd7f5b9-anomaly_00061_20260228_190811_656_rice_worm_Color.png
BLUR,20.31,\\pc-max\D\docker\label-studio\media\upload\9\23a9ac7b-anomaly_00022_20260128_155633_281_rice_worm_Model_Color.png
BLUR,20.31,\\pc-max\D\docker\label-studio\media\upload\9\a7f60a93-anomaly_00053_20260228_190808_587_Color.png
BLUR,20.32,\\pc-max\D\docker\label-studio\media\upload\9\50ca06c1-anomaly_00339_20260228_190941_224_rice_worm_Color.png
BLUR,20.32,\\pc-max\D\docker\label-studio\media\upload\9\d1e19159-anomaly_00053_20260128_155652_918_paddy_Color.png
BLUR,20.32,\\pc-max\D\docker\label-studio\media\upload\9\1d205f33-anomaly_00229_20260128_155820_449_paddy_Color.png
BLUR,20.32,\\pc-max\D\docker\label-studio\media\upload\9\9ebf7a44-anomaly_00035_20260228_190806_576_Color.png
BLUR,20.32,\\pc-max\D\docker\label-studio\media\upload\9\71103b5b-anomaly_00033_20260228_190802_560_Color.png
BLUR,20.32,\\pc-max\D\docker\label-studio\media\upload\9\ba1af9ef-anomaly_00259_20260128_155844_639_paddy_Color.png
BLUR,20.33,\\pc-max\D\docker\label-studio\media\upload\9\d8e6e913-anomaly_00056_20260228_190809_610_rice_worm_Color.png
BLUR,20.33,\\pc-max\D\docker\label-studio\media\upload\9\a83ec524-anomaly_00044_20260128_155647_350_paddy_Color.png
BLUR,20.34,\\pc-max\D\docker\label-studio\media\upload\9\6c1e37cc-anomaly_00013_20260118_135857_470.png
BLUR,20.34,\\pc-max\D\docker\label-studio\media\upload\9\eff787b0-anomaly_00049_20260128_155650_473_Model_Color.png
BLUR,20.35,\\pc-max\D\docker\label-studio\media\upload\9\7dfacf6e-anomaly_00010_20260118_135857_112.png
BLUR,20.35,\\pc-max\D\docker\label-studio\media\upload\9\f5f9592d-anomaly_00001_20260213_162926_094_rice_worm_Color.png
BLUR,20.36,\\pc-max\D\docker\label-studio\media\upload\9\92af3a58-anomaly_00265_20260128_155849_664_paddy_Model_Color.png
BLUR,20.36,\\pc-max\D\docker\label-studio\media\upload\9\632ac9fd-anomaly_00061_20260228_190812_470_Color.png
BLUR,20.36,\\pc-max\D\docker\label-studio\media\upload\9\9f9c61cd-anomaly_00001_20260128_155539_627_paddy_Color.png
BLUR,20.36,\\pc-max\D\docker\label-studio\media\upload\9\daa53d87-anomaly_00012_20260118_135857_336.png
BLUR,20.36,\\pc-max\D\docker\label-studio\media\upload\9\17741c8e-anomaly_00032_20260228_190800_542_Model_Color.png
BLUR,20.36,\\pc-max\D\docker\label-studio\media\upload\9\b51d438e-anomaly_00201_20260208_155118_551_paddy_Color.png
BLUR,20.37,\\pc-max\D\docker\label-studio\media\upload\9\866cbeb2-anomaly_00028_20260228_190717_758_Color.png
BLUR,20.37,\\pc-max\D\docker\label-studio\media\upload\9\9dc69c18-anomaly_00012_20260306_093659_365_paddy_rice_worm.png
BLUR,20.37,\\pc-max\D\docker\label-studio\media\upload\9\2c33ef5e-anomaly_00232_20260128_155822_832_paddy_Model_Color.png
BLUR,20.37,\\pc-max\D\docker\label-studio\media\upload\9\75ce38a9-anomaly_00045_20260118_140341_675.png
BLUR,20.37,\\pc-max\D\docker\label-studio\media\upload\9\cfbccf1f-anomaly_00065_20260118_140451_591.png
BLUR,20.38,\\pc-max\D\docker\label-studio\media\upload\9\714a1713-anomaly_00258_20260128_155842_737_Color.png
BLUR,20.38,\\pc-max\D\docker\label-studio\media\upload\9\8dc3bafb-anomaly_00035_20260128_155641_710_paddy_Model_Color.png
BLUR,20.38,\\pc-max\D\docker\label-studio\media\upload\9\470d7019-anomaly_00045_20260128_155648_506_paddy_Model_Color.png
BLUR,20.38,\\pc-max\D\docker\label-studio\media\upload\9\fc32a2de-anomaly_00216_20260128_155804_214_paddy_Color.png
BLUR,20.39,\\pc-max\D\docker\label-studio\media\upload\9\8191eaf0-capture_20260204_181449_334.png
BLUR,20.39,\\pc-max\D\docker\label-studio\media\upload\9\0264b290-anomaly_00003_20260128_155543_154_rice_worm_Color.png
BLUR,20.39,\\pc-max\D\docker\label-studio\media\upload\9\d2b66033-anomaly_00003_20260128_155543_154_rice_worm_Color.png
BLUR,20.39,\\pc-max\D\docker\label-studio\media\upload\9\9352a089-anomaly_00240_20260128_155828_746_paddy_Model_Color.png
BLUR,20.40,\\pc-max\D\docker\label-studio\media\upload\9\f55ba311-anomaly_00029_20260228_190728_915_Color.png
BLUR,20.40,\\pc-max\D\docker\label-studio\media\upload\9\97324931-anomaly_00001_20260128_155540_430_paddy_Color.png
BLUR,20.40,\\pc-max\D\docker\label-studio\media\upload\9\87ac5af0-anomaly_00097_20260228_190926_664_rice_worm_Color.png
BLUR,20.40,\\pc-max\D\docker\label-studio\media\upload\9\791dc480-anomaly_00042_20260128_155646_329_rice_worm_Model_Color.png
BLUR,20.40,\\pc-max\D\docker\label-studio\media\upload\9\fe362e49-anomaly_00034_20260228_190804_567_Rice_Weevil_Color.png
BLUR,20.41,\\pc-max\D\docker\label-studio\media\upload\9\42bdaebc-anomaly_00071_20260228_190814_615_Color.png
BLUR,20.41,\\pc-max\D\docker\label-studio\media\upload\9\7e4132b3-anomaly_00001_20260213_162858_483_rice_worm_Color.png
BLUR,20.41,\\pc-max\D\docker\label-studio\media\upload\9\502cb521-anomaly_00256_20260128_155841_923_paddy_Color.png
BLUR,20.42,\\pc-max\D\docker\label-studio\media\upload\9\caad85d6-anomaly_00057_20260228_190810_493_Color.png
BLUR,20.42,\\pc-max\D\docker\label-studio\media\upload\9\e96ebb61-anomaly_00011_20260118_135857_203.png
BLUR,20.42,\\pc-max\D\docker\label-studio\media\upload\9\d03231ac-anomaly_00003_20260228_190914_722_rice_worm_Model_Color.png
BLUR,20.43,\\pc-max\D\docker\label-studio\media\upload\9\82f4815e-anomaly_00046_20260128_155648_914_paddy_rice_worm_Model_Color.png
BLUR,20.44,\\pc-max\D\docker\label-studio\media\upload\9\9fb4b620-anomaly_00036_20260128_155642_936_paddy_Model_Color.png
BLUR,20.44,\\pc-max\D\docker\label-studio\media\upload\9\b165bbba-anomaly_00047_20260128_155649_454_rice_worm_Model_Color.png
BLUR,20.44,\\pc-max\D\docker\label-studio\media\upload\9\7b7f1150-anomaly_00005_20260304_214839_433_Rice_Weevil_Model.png
BLUR,20.44,\\pc-max\D\docker\label-studio\media\upload\9\2d6bcd5e-anomaly_00026_20260128_155635_998_paddy_Model_Color.png
BLUR,20.44,\\pc-max\D\docker\label-studio\media\upload\9\6c2ec1d1-anomaly_00032_20260228_190802_183_Color.png
BLUR,20.45,\\pc-max\D\docker\label-studio\media\upload\9\294c5c6d-anomaly_00253_20260128_155839_475_paddy_rice_worm_Model_Color.png
BLUR,20.45,\\pc-max\D\docker\label-studio\media\upload\9\2938a00c-anomaly_00260_20260128_155845_589_paddy_Model_Color.png
BLUR,20.46,\\pc-max\D\docker\label-studio\media\upload\9\4edda481-anomaly_00002_20260213_162911_327_rice_worm_Color.png
BLUR,20.46,\\pc-max\D\docker\label-studio\media\upload\9\997bc55a-anomaly_00215_20260128_155803_396_paddy_Model_Color.png
BLUR,20.47,\\pc-max\D\docker\label-studio\media\upload\9\b91bb0aa-capture_20260114_160840_269.png
BLUR,20.48,\\pc-max\D\docker\label-studio\media\upload\9\697eaf9e-anomaly_00029_20260128_155637_834_rice_worm_Model_Color.png
BLUR,20.48,\\pc-max\D\docker\label-studio\media\upload\9\3f065353-anomaly_00078_20260302_210204_783_Color.png
BLUR,20.48,\\pc-max\D\docker\label-studio\media\upload\9\f72992aa-anomaly_00289_20260128_155913_041_paddy_Color.png
BLUR,20.50,\\pc-max\D\docker\label-studio\media\upload\9\1ec460e4-anomaly_00252_20260128_155837_847_paddy_Color.png
BLUR,20.50,\\pc-max\D\docker\label-studio\media\upload\9\2ab4a8ea-anomaly_00242_20260128_155829_898_paddy_Model_Color.png
BLUR,20.51,\\pc-max\D\docker\label-studio\media\upload\9\028faec3-anomaly_00020_20260213_163711_477_rice_worm_Color.png
BLUR,20.52,\\pc-max\D\docker\label-studio\media\upload\9\1e404e48-anomaly_00267_20260128_155850_889_Color.png
BLUR,20.52,\\pc-max\D\docker\label-studio\media\upload\9\23e48b00-capture_20260301_215504_570.png
BLUR,20.53,\\pc-max\D\docker\label-studio\media\upload\9\a5444479-anomaly_00125_20260128_155734_251_paddy_Model_Color.png
BLUR,20.53,\\pc-max\D\docker\label-studio\media\upload\9\f72048f8-anomaly_00002_20260128_155541_666_paddy_Color.png
BLUR,20.53,\\pc-max\D\docker\label-studio\media\upload\9\79e1c109-anomaly_00043_20260128_155647_077_paddy_Color.png
BLUR,20.53,\\pc-max\D\docker\label-studio\media\upload\9\827b127b-anomaly_00229_20260128_155821_267_paddy_Model_Color.png
BLUR,20.55,\\pc-max\D\docker\label-studio\media\upload\9\f086e788-anomaly_00270_20260128_155852_591_paddy_Model_Color.png
BLUR,20.55,\\pc-max\D\docker\label-studio\media\upload\9\2582202c-anomaly_00010_20260304_214839_671_Rice_Weevil_Model.png
BLUR,20.55,\\pc-max\D\docker\label-studio\media\upload\9\e2e295d3-anomaly_00001_20260304_220828_345_rice_worm_Color.png
BLUR,20.55,\\pc-max\D\docker\label-studio\media\upload\9\0d8bdaa1-anomaly_00038_20260128_155643_952_paddy_Model_Color.png
BLUR,20.55,\\pc-max\D\docker\label-studio\media\upload\9\9feb55a2-anomaly_00004_20260304_214839_399_Rice_Weevil_Model.png
BLUR,20.57,\\pc-max\D\docker\label-studio\media\upload\9\b564bc73-anomaly_00003_20260304_214839_331_Rice_Weevil.png
BLUR,20.57,\\pc-max\D\docker\label-studio\media\upload\9\38647c97-anomaly_00282_20260128_155907_674_paddy_Color.png
BLUR,20.57,\\pc-max\D\docker\label-studio\media\upload\9\1b474e1d-anomaly_00271_20260128_155854_152_paddy_Model_Color.png
BLUR,20.57,\\pc-max\D\docker\label-studio\media\upload\9\462d76c0-anomaly_00247_20260128_155834_449_paddy_Model_Color.png
BLUR,20.57,\\pc-max\D\docker\label-studio\media\upload\9\fbd2c3d1-anomaly_00250_20260128_155836_487_paddy_Color.png
BLUR,20.58,\\pc-max\D\docker\label-studio\media\upload\9\19bda6b3-anomaly_00015_20260301_175503_066_Butterfly_Model.png
BLUR,20.58,\\pc-max\D\docker\label-studio\media\upload\9\e9b6c52e-anomaly_00007_20260128_125934_647_Stone.png
BLUR,20.59,\\pc-max\D\docker\label-studio\media\upload\9\36422caa-anomaly_00272_20260128_155854_632_paddy_Color.png
BLUR,20.59,\\pc-max\D\docker\label-studio\media\upload\9\45d6a692-anomaly_00041_20260128_155646_260_paddy_Model_Color.png
BLUR,20.60,\\pc-max\D\docker\label-studio\media\upload\9\66769f3a-capture_20260114_160739_330.png
BLUR,20.60,\\pc-max\D\docker\label-studio\media\upload\9\5f9c7a12-anomaly_00048_20260128_155649_727_rice_worm_Color.png
BLUR,20.60,\\pc-max\D\docker\label-studio\media\upload\9\8f8938e0-anomaly_00241_20260128_155829_355_paddy_Model_Color.png
BLUR,20.60,\\pc-max\D\docker\label-studio\media\upload\9\3ce655d8-anomaly_00228_20260128_155820_041_paddy_Model_Color.png
BLUR,20.60,\\pc-max\D\docker\label-studio\media\upload\9\bcf05fa6-anomaly_00243_20260128_155831_121_paddy_rice_worm_Model_Color.png
BLUR,20.61,\\pc-max\D\docker\label-studio\media\upload\9\8636e1ee-capture_20260204_201634_852.png
BLUR,20.61,\\pc-max\D\docker\label-studio\media\upload\9\fc24b765-capture_20260114_160745_954.png
BLUR,20.61,\\pc-max\D\docker\label-studio\media\upload\9\b6c47b2e-anomaly_00008_20260304_214839_603_Rice_Weevil_Model.png
BLUR,20.62,\\pc-max\D\docker\label-studio\media\upload\9\72a29bd3-anomaly_00021_20260204_201630_801_Lay_eggs.png
BLUR,20.63,\\pc-max\D\docker\label-studio\media\upload\9\852146f2-anomaly_00234_20260128_155825_212_paddy_Model_Color.png
BLUR,20.63,\\pc-max\D\docker\label-studio\media\upload\9\d5bf904d-anomaly_00271_20260128_155853_336_paddy_Color.png
BLUR,20.64,\\pc-max\D\docker\label-studio\media\upload\9\cd70050b-anomaly_00237_20260128_155827_320_paddy_Model_Color.png
BLUR,20.64,\\pc-max\D\docker\label-studio\media\upload\9\188a3d69-capture_20260204_201555_521.png
BLUR,20.66,\\pc-max\D\docker\label-studio\media\upload\9\f5cee737-anomaly_00007_20260304_214839_568_Rice_Weevil_Model.png
BLUR,20.67,\\pc-max\D\docker\label-studio\media\upload\9\f382b36f-anomaly_00269_20260128_155852_116_paddy_Rice_Weevil_Model_Color.png
BLUR,20.67,\\pc-max\D\docker\label-studio\media\upload\9\7c6dff1b-anomaly_00247_20260128_155835_262_paddy_Model_Color.png
BLUR,20.69,\\pc-max\D\docker\label-studio\media\upload\9\fafefec5-anomaly_00017_20260301_175503_173_paddy.png
BLUR,20.69,\\pc-max\D\docker\label-studio\media\upload\9\cffa8723-anomaly_00236_20260128_155827_114_paddy_Model_Color.png
BLUR,20.69,\\pc-max\D\docker\label-studio\media\upload\9\c5fd2193-anomaly_00245_20260128_155833_770_paddy_Model_Color.png
BLUR,20.70,\\pc-max\D\docker\label-studio\media\upload\9\3b391ef8-anomaly_00125_20260128_155735_064_paddy_Model_Color.png
BLUR,20.70,\\pc-max\D\docker\label-studio\media\upload\9\5f7d12db-anomaly_00226_20260128_155816_714_paddy_Model_Color.png
BLUR,20.71,\\pc-max\D\docker\label-studio\media\upload\9\522630da-capture_20260124_115015_258.png
BLUR,20.71,\\pc-max\D\docker\label-studio\media\upload\9\94ef5ada-anomaly_00230_20260128_155821_540_paddy_Model_Color.png
BLUR,20.74,\\pc-max\D\docker\label-studio\media\upload\9\82feb15f-anomaly_00009_20260304_214839_636_Rice_Weevil_Model.png
BLUR,20.75,\\pc-max\D\docker\label-studio\media\upload\9\77f7833b-anomaly_00006_20260304_214839_500_Rice_Weevil_Model.png
BLUR,20.75,\\pc-max\D\docker\label-studio\media\upload\9\eacfa36d-anomaly_00231_20260128_155822_492_paddy_Model_Color.png
BLUR,20.76,\\pc-max\D\docker\label-studio\media\upload\9\a3b47b2f-capture_20260118_154834_592.png
BLUR,20.76,\\pc-max\D\docker\label-studio\media\upload\9\c4f2c662-anomaly_00040_20260128_155645_786_paddy_Model_Color.png
BLUR,20.76,\\pc-max\D\docker\label-studio\media\upload\9\d6f8d9d3-anomaly_00285_20260128_155909_442_paddy_rice_worm_Model_Color.png
BLUR,20.76,\\pc-max\D\docker\label-studio\media\upload\9\1b9614c9-capture_20260114_160656_115.png
BLUR,20.77,\\pc-max\D\docker\label-studio\media\upload\9\e6f74ebd-anomaly_00016_20260301_175503_101_Butterfly_Model.png
BLUR,20.79,\\pc-max\D\docker\label-studio\media\upload\9\f17a42c2-anomaly_00011_20260304_214839_740_Rice_Weevil_Model.png
BLUR,20.81,\\pc-max\D\docker\label-studio\media\upload\9\6978b1f9-anomaly_00044_20260118_140341_473.png
BLUR,20.82,\\pc-max\D\docker\label-studio\media\upload\9\9f03c03f-anomaly_00282_20260128_155908_490_paddy_Color.png
BLUR,20.82,\\pc-max\D\docker\label-studio\media\upload\9\8d4aed1a-anomaly_00272_20260128_155855_444_paddy_Color.png
BLUR,20.83,\\pc-max\D\docker\label-studio\media\upload\9\377ab757-anomaly_00012_20260301_175502_926_Butterfly.png
BLUR,20.85,\\pc-max\D\docker\label-studio\media\upload\9\327a3298-anomaly_00204_20260208_155118_754_paddy_Color.png
BLUR,20.87,\\pc-max\D\docker\label-studio\media\upload\9\aff88d16-anomaly_00289_20260128_155913_854_Model_Color.png
BLUR,20.87,\\pc-max\D\docker\label-studio\media\upload\9\084f2678-anomaly_00285_20260128_155910_257_paddy_Color.png
BLUR,20.88,\\pc-max\D\docker\label-studio\media\upload\9\793bd2e6-anomaly_00230_20260128_155822_352_paddy_Color.png
BLUR,20.90,\\pc-max\D\docker\label-studio\media\upload\9\b1918369-anomaly_00013_20260301_175502_963_Butterfly_Model.png
BLUR,20.91,\\pc-max\D\docker\label-studio\media\upload\9\299e6b33-capture_20260204_105806_189.png
BLUR,20.92,\\pc-max\D\docker\label-studio\media\upload\9\a19a270a-anomaly_00014_20260301_175502_997_Butterfly_Model.png
BLUR,20.95,\\pc-max\D\docker\label-studio\media\upload\9\840df5bf-anomaly_00292_20260128_155917_865_paddy_Model_Color.png
BLUR,20.96,\\pc-max\D\docker\label-studio\media\upload\9\f8a19204-anomaly_00284_20260128_155908_897_paddy_Model_Color.png
BLUR,21.01,\\pc-max\D\docker\label-studio\media\upload\9\1499044c-anomaly_00278_20260128_155900_746_paddy_Model_Color.png
BLUR,21.01,\\pc-max\D\docker\label-studio\media\upload\9\cd0c07d7-capture_20260114_160812_819.png
BLUR,21.03,\\pc-max\D\docker\label-studio\media\upload\9\3917de4f-anomaly_00328_20260125_131834_066.png
BLUR,21.06,\\pc-max\D\docker\label-studio\media\upload\9\fa235f8e-capture_20260204_213038_332.png
BLUR,21.06,\\pc-max\D\docker\label-studio\media\upload\9\60eaf003-anomaly_00281_20260128_155906_451_paddy_Model_Color.png
BLUR,21.07,\\pc-max\D\docker\label-studio\media\upload\9\b23fe1ab-capture_20260125_183610_319.png
BLUR,21.09,\\pc-max\D\docker\label-studio\media\upload\9\f5ca8bec-anomaly_00001_20260301_141548_293_paddy_Seed.png
BLUR,21.10,\\pc-max\D\docker\label-studio\media\upload\9\0602f0d9-anomaly_00239_20260128_155828_066_rice_worm_paddy_Model_Color.png
BLUR,21.10,\\pc-max\D\docker\label-studio\media\upload\9\37639c57-anomaly_00006_20251109_143529_122.png
BLUR,21.10,\\pc-max\D\docker\label-studio\media\upload\9\87d33efa-anomaly_00006_20251109_143529_122.png
BLUR,21.26,\\pc-max\D\docker\label-studio\media\upload\9\bc94ba4e-anomaly_00007_20260213_203000_051_Color.png
BLUR,21.26,\\pc-max\D\docker\label-studio\media\upload\9\853cf909-anomaly_00001_20260213_192723_762_rice_worm_Color.png
BLUR,21.28,\\pc-max\D\docker\label-studio\media\upload\9\80788a19-anomaly_00002_20260213_192020_504_rice_worm_Color.png
BLUR,21.30,\\pc-max\D\docker\label-studio\media\upload\9\a42b2179-anomaly_00007_20260302_204140_315_Lay_eggs.png
BLUR,21.32,\\pc-max\D\docker\label-studio\media\upload\9\244c59ba-anomaly_00001_20260304_181450_956_rice_worm.png
BLUR,21.33,\\pc-max\D\docker\label-studio\media\upload\9\794c9e4d-anomaly_00002_20260302_204140_007_Lay_eggs.png
BLUR,21.35,\\pc-max\D\docker\label-studio\media\upload\9\e249c2cd-anomaly_00001_20260213_192020_479_rice_worm_Color.png
BLUR,21.36,\\pc-max\D\docker\label-studio\media\upload\9\6c96316c-capture_20260118_163552_689.png
BLUR,21.39,\\pc-max\D\docker\label-studio\media\upload\9\8c45552d-anomaly_00008_20260227_211437_244_rice_worm_Model_Color.png
BLUR,21.39,\\pc-max\D\docker\label-studio\media\upload\9\8a80d4c6-capture_20260114_223625_458.png
BLUR,21.41,\\pc-max\D\docker\label-studio\media\upload\9\bef859b7-anomaly_00557_20260303_160529_496_rice_worm_Color.png
BLUR,21.43,\\pc-max\D\docker\label-studio\media\upload\9\bf8fa799-anomaly_00733_20260301_131849_063_rice_worm_Color.png
BLUR,21.43,\\pc-max\D\docker\label-studio\media\upload\9\897cf1f5-anomaly_00007_20260227_211437_215_rice_worm_Model_Color.png
BLUR,21.44,\\pc-max\D\docker\label-studio\media\upload\9\9b069097-anomaly_00001_20260227_211737_639_rice_worm_Color.png
BLUR,21.44,\\pc-max\D\docker\label-studio\media\upload\9\6b2f2332-capture_20260302_191639_869.png
BLUR,21.46,\\pc-max\D\docker\label-studio\media\upload\9\23424765-capture_20260114_125648_373.png
BLUR,21.46,\\pc-max\D\docker\label-studio\media\upload\9\1bc3c83c-anomaly_00820_20260301_131852_643_rice_worm_Model_Color.png
BLUR,21.47,\\pc-max\D\docker\label-studio\media\upload\9\cac252e9-anomaly_00019_20260227_211437_566_rice_worm_Model_Color.png
BLUR,21.47,\\pc-max\D\docker\label-studio\media\upload\9\74ed0468-anomaly_00009_20260228_174000_904_rice_worm_Model_Color.png
BLUR,21.48,\\pc-max\D\docker\label-studio\media\upload\9\2e3d64d7-anomaly_00001_20260227_211521_233_rice_worm_Model_Color.png
BLUR,21.49,\\pc-max\D\docker\label-studio\media\upload\9\ca492b88-anomaly_00020_20260227_211437_595_rice_worm_Model_Color.png
BLUR,21.49,\\pc-max\D\docker\label-studio\media\upload\9\18301504-anomaly_00006_20260227_211437_188_rice_worm_Model_Color.png
BLUR,21.50,\\pc-max\D\docker\label-studio\media\upload\9\84495fe6-anomaly_00001_20260227_211641_762_rice_worm_Color.png
BLUR,21.50,\\pc-max\D\docker\label-studio\media\upload\9\fe2870b6-anomaly_00010_20260227_211437_302_rice_worm_Model_Color.png
BLUR,21.53,\\pc-max\D\docker\label-studio\media\upload\9\c5ef83f5-anomaly_00002_20260227_211554_331_rice_worm_Color.png
BLUR,21.53,\\pc-max\D\docker\label-studio\media\upload\9\bdbbf967-anomaly_00001_20260227_211747_032_rice_worm_Model_Color.png
BLUR,21.53,\\pc-max\D\docker\label-studio\media\upload\9\23849b13-anomaly_00012_20260227_211437_359_rice_worm_Color.png
BLUR,21.53,\\pc-max\D\docker\label-studio\media\upload\9\31977a9b-anomaly_00001_20260227_211513_229_rice_worm_Model_Color.png
BLUR,21.53,\\pc-max\D\docker\label-studio\media\upload\9\beb8f0c3-anomaly_00001_20260227_211628_849_rice_worm_Color.png
BLUR,21.53,\\pc-max\D\docker\label-studio\media\upload\9\c4778f98-anomaly_00022_20260227_211437_653_rice_worm_Model_Color.png
BLUR,21.54,\\pc-max\D\docker\label-studio\media\upload\9\5820d13e-anomaly_00016_20260227_211437_481_rice_worm_Model_Color.png
BLUR,21.55,\\pc-max\D\docker\label-studio\media\upload\9\e1755198-anomaly_00884_20260301_131855_781_rice_worm_Color.png
BLUR,21.56,\\pc-max\D\docker\label-studio\media\upload\9\a1c48e6f-anomaly_00018_20260227_211437_536_rice_worm_Model_Color.png
BLUR,21.58,\\pc-max\D\docker\label-studio\media\upload\9\413c602a-anomaly_00021_20260227_211437_623_rice_worm_Model_Color.png
BLUR,21.58,\\pc-max\D\docker\label-studio\media\upload\9\eb121435-anomaly_00001_20260227_211554_247_rice_worm_Color.png
BLUR,21.59,\\pc-max\D\docker\label-studio\media\upload\9\3c680726-anomaly_00004_20260227_211437_128_rice_worm_Model_Color.png
BLUR,21.59,\\pc-max\D\docker\label-studio\media\upload\9\b2b3a362-anomaly_00001_20260227_211420_385_rice_worm_Model_Color.png
BLUR,21.59,\\pc-max\D\docker\label-studio\media\upload\9\582f37fb-anomaly_00009_20260227_211437_274_rice_worm_Model_Color.png
BLUR,21.59,\\pc-max\D\docker\label-studio\media\upload\9\45d6c4f9-anomaly_00002_20260227_211437_065_rice_worm_Model_Color.png
BLUR,21.60,\\pc-max\D\docker\label-studio\media\upload\9\07890b79-anomaly_00015_20260227_211437_451_rice_worm_Model_Color.png
BLUR,21.60,\\pc-max\D\docker\label-studio\media\upload\9\d2ff2443-anomaly_00001_20260227_211613_632_rice_worm_Model_Color.png
BLUR,21.61,\\pc-max\D\docker\label-studio\media\upload\9\5f46ef13-anomaly_00005_20260227_211437_158_rice_worm_Model_Color.png
BLUR,21.61,\\pc-max\D\docker\label-studio\media\upload\9\1a69444c-anomaly_00001_20260227_211437_035_rice_worm_Model_Color.png
BLUR,21.61,\\pc-max\D\docker\label-studio\media\upload\9\f9314b79-anomaly_00001_20260227_211904_884_rice_worm_Model_Color.png
BLUR,21.62,\\pc-max\D\docker\label-studio\media\upload\9\edd9c0b8-anomaly_00017_20260227_211437_508_rice_worm_Model_Color.png
BLUR,21.62,\\pc-max\D\docker\label-studio\media\upload\9\2cd41079-anomaly_00013_20260227_211437_394_rice_worm_Model_Color.png
BLUR,21.63,\\pc-max\D\docker\label-studio\media\upload\9\d651326c-anomaly_00001_20260227_211812_121_rice_worm_Model_Color.png
BLUR,21.63,\\pc-max\D\docker\label-studio\media\upload\9\39e09bc6-anomaly_00001_20260227_211502_437_rice_worm_Color.png
BLUR,21.65,\\pc-max\D\docker\label-studio\media\upload\9\cacd2338-anomaly_00010_20260302_204151_011_Lay_eggs.png
BLUR,21.66,\\pc-max\D\docker\label-studio\media\upload\9\e04a41ee-anomaly_00011_20260227_211437_331_rice_worm_Model_Color.png
BLUR,21.66,\\pc-max\D\docker\label-studio\media\upload\9\a79a0b62-anomaly_00014_20260227_211437_423_rice_worm_Model_Color.png
BLUR,21.66,\\pc-max\D\docker\label-studio\media\upload\9\525d5713-anomaly_00002_20260227_211420_413_rice_worm_Model_Color.png
BLUR,21.68,\\pc-max\D\docker\label-studio\media\upload\9\1e1dae49-anomaly_00797_20260301_131851_859_rice_worm_Color.png
BLUR,21.73,\\pc-max\D\docker\label-studio\media\upload\9\bcf47e9b-anomaly_00001_20260213_191244_581_rice_worm_Color.png
BLUR,21.74,\\pc-max\D\docker\label-studio\media\upload\9\cd440ef1-train_20260116_183358_502_9145.png
BLUR,21.74,\\pc-max\D\docker\label-studio\media\upload\9\9581484e-anomaly_00003_20260125_131247_773.png
BLUR,21.75,\\pc-max\D\docker\label-studio\media\upload\9\a87ace32-anomaly_00003_20260227_211437_100_rice_worm_Model_Color.png
BLUR,21.75,\\pc-max\D\docker\label-studio\media\upload\9\94a8ffa9-anomaly_00001_20260213_191301_868_rice_worm_Color.png
BLUR,21.75,\\pc-max\D\docker\label-studio\media\upload\9\38e547cb-anomaly_00001_20260213_191302_691_rice_worm_Color.png
BLUR,21.76,\\pc-max\D\docker\label-studio\media\upload\9\40470a0f-anomaly_00009_20260301_204032_703_Rice_Weevil_Model.png
BLUR,21.79,\\pc-max\D\docker\label-studio\media\upload\9\685cad8c-anomaly_00008_20260125_131318_675.png
BLUR,21.81,\\pc-max\D\docker\label-studio\media\upload\9\8cdbfe00-anomaly_00041_20260125_131343_322.png
BLUR,21.83,\\pc-max\D\docker\label-studio\media\upload\9\d0494aff-anomaly_00002_20260125_131245_727.png
BLUR,21.85,\\pc-max\D\docker\label-studio\media\upload\9\6727381d-capture_20260306_094516_099.png
BLUR,21.86,\\pc-max\D\docker\label-studio\media\upload\9\33edb621-anomaly_00003_20260125_131249_391.png
BLUR,21.86,\\pc-max\D\docker\label-studio\media\upload\9\3491e288-anomaly_00001_20260213_154255_405_Model_Color.png
BLUR,21.87,\\pc-max\D\docker\label-studio\media\upload\9\e28dbabc-anomaly_00057_20260304_174424_502_Black_head_Color.png
BLUR,21.89,\\pc-max\D\docker\label-studio\media\upload\9\503e84ab-anomaly_00003_20260125_131248_574.png
BLUR,21.91,\\pc-max\D\docker\label-studio\media\upload\9\ab9aa740-anomaly_00044_20260125_131346_466.png
BLUR,21.91,\\pc-max\D\docker\label-studio\media\upload\9\5fffba48-anomaly_00071_20260303_160254_903_Lay_eggs.png
BLUR,21.93,\\pc-max\D\docker\label-studio\media\upload\9\de05bbcf-capture_20260301_215347_473.png
BLUR,21.94,\\pc-max\D\docker\label-studio\media\upload\9\57c34566-anomaly_00008_20260125_131319_491.png
BLUR,21.94,\\pc-max\D\docker\label-studio\media\upload\9\893dfffc-anomaly_00004_20260125_131250_613.png
BLUR,21.94,\\pc-max\D\docker\label-studio\media\upload\9\a5b9004c-anomaly_00004_20260128_103111_709_Rice_Weevil_Model.png
BLUR,21.95,\\pc-max\D\docker\label-studio\media\upload\9\c01ae168-anomaly_00001_20260125_131243_694.png
BLUR,21.95,\\pc-max\D\docker\label-studio\media\upload\9\96b10a49-anomaly_00007_20260125_131317_862.png
BLUR,21.96,\\pc-max\D\docker\label-studio\media\upload\9\11655fdd-anomaly_00012_20260303_094756_366_Color.png
BLUR,21.97,\\pc-max\D\docker\label-studio\media\upload\9\79e4a3ee-anomaly_00006_20260303_094755_993_Color.png
BLUR,21.97,\\pc-max\D\docker\label-studio\media\upload\9\bb52449d-anomaly_00035_20260303_100336_520_Lay_eggs.png
BLUR,21.98,\\pc-max\D\docker\label-studio\media\upload\9\fc678245-anomaly_00004_20260303_094755_855_Color.png
BLUR,21.98,\\pc-max\D\docker\label-studio\media\upload\9\1be56da6-anomaly_00004_20260125_131251_425.png
BLUR,21.99,\\pc-max\D\docker\label-studio\media\upload\9\7deb7551-anomaly_00008_20260303_094756_127_Color.png
BLUR,22.01,\\pc-max\D\docker\label-studio\media\upload\9\56ecef98-capture_20260301_215430_178.png
BLUR,22.01,\\pc-max\D\docker\label-studio\media\upload\9\069f7c91-anomaly_00026_20260125_131334_845.png
BLUR,22.01,\\pc-max\D\docker\label-studio\media\upload\9\20c91fc9-anomaly_00044_20260125_131345_655.png
BLUR,22.02,\\pc-max\D\docker\label-studio\media\upload\9\80cdafcd-anomaly_00001_20260302_191115_226_paddy_Lay_eggs_Color.png
BLUR,22.03,\\pc-max\D\docker\label-studio\media\upload\9\00c51a66-anomaly_00027_20260125_131335_024.png
BLUR,22.03,\\pc-max\D\docker\label-studio\media\upload\9\29b11495-anomaly_00010_20260303_094756_263_Color.png
BLUR,22.04,\\pc-max\D\docker\label-studio\media\upload\9\ac4e3ef2-anomaly_00036_20260125_131340_549.png
BLUR,22.04,\\pc-max\D\docker\label-studio\media\upload\9\ef1b72dd-anomaly_00025_20260301_211827_549_paddy.png
BLUR,22.05,\\pc-max\D\docker\label-studio\media\upload\9\1a045c65-capture_20260301_215346_684.png
BLUR,22.05,\\pc-max\D\docker\label-studio\media\upload\9\49795890-anomaly_00005_20260303_094755_925_Color.png
BLUR,22.06,\\pc-max\D\docker\label-studio\media\upload\9\d05a45cd-anomaly_00039_20260125_131343_001.png
BLUR,22.06,\\pc-max\D\docker\label-studio\media\upload\9\0cf30660-anomaly_00039_20260125_131342_148.png
BLUR,22.06,\\pc-max\D\docker\label-studio\media\upload\9\b8a5a051-anomaly_00109_20260302_210343_013_Lay_eggs.png
BLUR,22.07,\\pc-max\D\docker\label-studio\media\upload\9\3d823621-anomaly_00043_20260125_131345_180.png
BLUR,22.08,\\pc-max\D\docker\label-studio\media\upload\9\82998dda-anomaly_00038_20260125_131341_913.png
BLUR,22.09,\\pc-max\D\docker\label-studio\media\upload\9\49316286-capture_20260302_210453_330.png
BLUR,22.09,\\pc-max\D\docker\label-studio\media\upload\9\10e4d935-capture_20260118_154653_693.png
BLUR,22.10,\\pc-max\D\docker\label-studio\media\upload\9\8ad5281b-anomaly_00007_20260303_094756_059_Color.png
BLUR,22.11,\\pc-max\D\docker\label-studio\media\upload\9\625cc54e-anomaly_00012_20260128_103119_058_Rice_Weevil_Model.png
BLUR,22.11,\\pc-max\D\docker\label-studio\media\upload\9\64bc3d86-anomaly_00012_20260128_103119_058_Rice_Weevil_Model.png
BLUR,22.12,\\pc-max\D\docker\label-studio\media\upload\9\960bcc8e-anomaly_00001_20260301_204032_098_Rice_Weevil_Model.png
BLUR,22.13,\\pc-max\D\docker\label-studio\media\upload\9\67b55659-anomaly_00098_20260301_222332_513_Rice_partial_mill.png
BLUR,22.14,\\pc-max\D\docker\label-studio\media\upload\9\3efd23fe-anomaly_00042_20260125_131344_348.png
BLUR,22.14,\\pc-max\D\docker\label-studio\media\upload\9\3d1b7809-anomaly_00002_20260301_204032_169_Rice_Weevil_Model.png
BLUR,22.14,\\pc-max\D\docker\label-studio\media\upload\9\3c331cee-anomaly_00041_20260125_131344_162.png
BLUR,22.14,\\pc-max\D\docker\label-studio\media\upload\9\d65a3b0e-anomaly_00036_20260125_131339_737.png
BLUR,22.15,\\pc-max\D\docker\label-studio\media\upload\9\98c00a2b-anomaly_00008_20260303_111559_547_Stone.png
BLUR,22.16,\\pc-max\D\docker\label-studio\media\upload\9\3ea26c2d-anomaly_00007_20260125_131317_026.png
BLUR,22.17,\\pc-max\D\docker\label-studio\media\upload\9\bd7f5e61-anomaly_00312_20260128_155924_457_paddy_Stone_Model_Color.png
BLUR,22.18,\\pc-max\D\docker\label-studio\media\upload\9\eb7ad106-anomaly_00040_20260125_131343_136.png
BLUR,22.18,\\pc-max\D\docker\label-studio\media\upload\9\7805e090-anomaly_00009_20260303_094756_196_Color.png
BLUR,22.19,\\pc-max\D\docker\label-studio\media\upload\9\7b82e1ce-anomaly_00011_20260303_094756_297_Color.png
BLUR,22.19,\\pc-max\D\docker\label-studio\media\upload\9\65f75151-anomaly_00008_20260301_204032_627_Rice_Weevil_Model.png
BLUR,22.20,\\pc-max\D\docker\label-studio\media\upload\9\86392f1c-anomaly_00097_20260301_222332_478_Rice_partial_mill.png
BLUR,22.21,\\pc-max\D\docker\label-studio\media\upload\9\93c35757-anomaly_00152_20260304_163158_948_Black_head.png
BLUR,22.22,\\pc-max\D\docker\label-studio\media\upload\9\ac1b8544-anomaly_00001_20260301_211242_267_Butterfly.png
BLUR,22.24,\\pc-max\D\docker\label-studio\media\upload\9\f1ed395f-anomaly_00038_20260125_131341_094.png
BLUR,22.25,\\pc-max\D\docker\label-studio\media\upload\9\daad7fd5-anomaly_00058_20260304_174424_875_Color.png
BLUR,22.27,\\pc-max\D\docker\label-studio\media\upload\9\ff9462af-anomaly_00151_20260304_163158_811_Black_head.png
BLUR,22.28,\\pc-max\D\docker\label-studio\media\upload\9\1b41abde-anomaly_00216_20260125_111703_512.png
BLUR,22.28,\\pc-max\D\docker\label-studio\media\upload\9\b85762b9-anomaly_00004_20260125_131249_801.png
BLUR,22.28,\\pc-max\D\docker\label-studio\media\upload\9\66ccec0c-anomaly_00007_20260301_204032_556_Rice_Weevil_Model.png
BLUR,22.28,\\pc-max\D\docker\label-studio\media\upload\9\ce7dfd2c-anomaly_00005_20260302_181427_350_Rice_Weevil_Model.png
BLUR,22.31,\\pc-max\D\docker\label-studio\media\upload\9\28f60420-capture_20260204_183721_977.png
BLUR,22.31,\\pc-max\D\docker\label-studio\media\upload\9\ac4cefa8-anomaly_00099_20260301_222332_581_Rice_partial_mill.png
BLUR,22.32,\\pc-max\D\docker\label-studio\media\upload\9\88cc94b1-anomaly_00009_20260301_211242_677_Butterfly.png
BLUR,22.33,\\pc-max\D\docker\label-studio\media\upload\9\debe742d-anomaly_00102_20260301_222332_820_Rice_partial_mill.png
BLUR,22.34,\\pc-max\D\docker\label-studio\media\upload\9\c8a1f85d-anomaly_00863_20260302_200636_269_paddy_Lay_eggs_Color.png
BLUR,22.36,\\pc-max\D\docker\label-studio\media\upload\9\421aacee-anomaly_00037_20260125_131340_958.png
BLUR,22.36,\\pc-max\D\docker\label-studio\media\upload\9\53d7cab4-anomaly_00481_20260128_160008_528_paddy_Stone_Model_Color.png
BLUR,22.37,\\pc-max\D\docker\label-studio\media\upload\9\c0b3a582-anomaly_00035_20260125_131339_059.png
BLUR,22.41,\\pc-max\D\docker\label-studio\media\upload\9\26489a28-anomaly_00003_20260301_204032_239_Rice_Weevil_Model.png
BLUR,22.42,\\pc-max\D\docker\label-studio\media\upload\9\a521fbbf-anomaly_00007_20260301_211242_544_Butterfly.png
BLUR,22.42,\\pc-max\D\docker\label-studio\media\upload\9\f1e727e1-anomaly_00101_20260301_222332_751_Rice_partial_mill.png
BLUR,22.43,\\pc-max\D\docker\label-studio\media\upload\9\080e5f25-anomaly_00314_20260128_155927_104_Stone_paddy_Model_Color.png
BLUR,22.43,\\pc-max\D\docker\label-studio\media\upload\9\50b13564-anomaly_00066_20260302_210154_222_Color.png
BLUR,22.43,\\pc-max\D\docker\label-studio\media\upload\9\de13cea9-anomaly_00032_20260302_210103_564_rice_worm_Color.png
BLUR,22.45,\\pc-max\D\docker\label-studio\media\upload\9\e33d435c-anomaly_00103_20260301_222332_888_Rice_partial_mill.png
BLUR,22.45,\\pc-max\D\docker\label-studio\media\upload\9\75aaf363-anomaly_00087_20260303_101228_444_Model_Color.png
BLUR,22.46,\\pc-max\D\docker\label-studio\media\upload\9\4d725563-anomaly_00053_20260303_100653_540_Butterfly_Model_Color.png
BLUR,22.46,\\pc-max\D\docker\label-studio\media\upload\9\56d1450d-anomaly_00053_20260303_100653_540_Butterfly_Model_Color.png
BLUR,22.46,\\pc-max\D\docker\label-studio\media\upload\9\43a9f156-anomaly_00063_20260304_162511_479_Rice_partial_mill.png
BLUR,22.46,\\pc-max\D\docker\label-studio\media\upload\9\6f604412-anomaly_00507_20260128_160018_926_paddy_Stone_Model_Color.png
BLUR,22.48,\\pc-max\D\docker\label-studio\media\upload\9\9108d3bb-anomaly_00253_20260125_131810_080.png
BLUR,22.48,\\pc-max\D\docker\label-studio\media\upload\9\39705276-anomaly_00012_20260301_214335_555_rice_worm.png
BLUR,22.49,\\pc-max\D\docker\label-studio\media\upload\9\597f8a7c-anomaly_00008_20260301_211242_610_Butterfly.png
BLUR,22.49,\\pc-max\D\docker\label-studio\media\upload\9\3a958798-anomaly_00607_20260303_160548_754_Rice_Weevil_Model_Color.png
BLUR,22.50,\\pc-max\D\docker\label-studio\media\upload\9\af899673-anomaly_00034_20260301_134815_061_rice_worm.png
BLUR,22.51,\\pc-max\D\docker\label-studio\media\upload\9\0c4ef3a8-anomaly_00062_20260125_131358_221.png
BLUR,22.52,\\pc-max\D\docker\label-studio\media\upload\9\79748bd7-anomaly_00494_20260128_160014_507_paddy_Stone_Model_Color.png
BLUR,22.55,\\pc-max\D\docker\label-studio\media\upload\9\0219ca78-anomaly_00116_20260301_222352_949_Rice_Weevil.png
BLUR,22.55,\\pc-max\D\docker\label-studio\media\upload\9\972c2533-anomaly_00041_20251110_222150_122.png
BLUR,22.55,\\pc-max\D\docker\label-studio\media\upload\9\1f3faab7-anomaly_00045_20260303_100652_996_Butterfly_Model_Color.png
BLUR,22.55,\\pc-max\D\docker\label-studio\media\upload\9\9cce3603-anomaly_00045_20260303_100652_996_Butterfly_Model_Color.png
BLUR,22.55,\\pc-max\D\docker\label-studio\media\upload\9\4f13b359-anomaly_00471_20260128_160005_537_paddy_Stone_Model_Color.png
BLUR,22.55,\\pc-max\D\docker\label-studio\media\upload\9\2bcc308a-anomaly_00025_20260302_190607_648_Stone_Model.png
BLUR,22.55,\\pc-max\D\docker\label-studio\media\upload\9\799d1169-anomaly_00100_20260301_222332_716_Rice_partial_mill.png
BLUR,22.55,\\pc-max\D\docker\label-studio\media\upload\9\f4e0f1de-anomaly_00115_20260301_222352_879_Rice_Weevil.png
BLUR,22.56,\\pc-max\D\docker\label-studio\media\upload\9\0cc60a4c-anomaly_00470_20260128_160004_656_paddy_Stone_Model_Color.png
BLUR,22.56,\\pc-max\D\docker\label-studio\media\upload\9\913a859b-anomaly_00137_20260301_222617_078_Butterfly.png
BLUR,22.60,\\pc-max\D\docker\label-studio\media\upload\9\81de15bd-anomaly_00077_20260302_201356_768_paddy_Lay_eggs_Rice_Weevil_Color.png
BLUR,22.62,\\pc-max\D\docker\label-studio\media\upload\9\f565306f-anomaly_00669_20260302_200607_561_paddy_Lay_eggs_Color.png
BLUR,22.62,\\pc-max\D\docker\label-studio\media\upload\9\b5b78acf-anomaly_00004_20260301_211242_440_Butterfly.png
BLUR,22.62,\\pc-max\D\docker\label-studio\media\upload\9\e864ab51-anomaly_00138_20260304_162929_568_Lay_eggs.png
BLUR,22.62,\\pc-max\D\docker\label-studio\media\upload\9\5375f95e-capture_20260128_194417_450.png
BLUR,22.62,\\pc-max\D\docker\label-studio\media\upload\9\56bc2cd2-capture_20260128_194417_450.png
BLUR,22.63,\\pc-max\D\docker\label-studio\media\upload\9\0484b062-anomaly_00054_20260304_165908_119_paddy.png
BLUR,22.63,\\pc-max\D\docker\label-studio\media\upload\9\f6a45d9c-train_20260116_183504_963_5395.png
BLUR,22.63,\\pc-max\D\docker\label-studio\media\upload\9\0f8dabad-anomaly_00010_20260128_103117_830_Model.png
BLUR,22.63,\\pc-max\D\docker\label-studio\media\upload\9\7e5865dd-anomaly_00004_20260301_204032_309_Rice_Weevil_Model.png
BLUR,22.65,\\pc-max\D\docker\label-studio\media\upload\9\70f40184-anomaly_00046_20260303_100653_062_Butterfly_Model_Color.png
BLUR,22.65,\\pc-max\D\docker\label-studio\media\upload\9\e9b02230-anomaly_00046_20260303_100653_062_Butterfly_Model_Color.png
BLUR,22.67,\\pc-max\D\docker\label-studio\media\upload\9\c8fced61-anomaly_00006_20260301_204032_449_Rice_Weevil_Model.png
BLUR,22.67,\\pc-max\D\docker\label-studio\media\upload\9\e61e1ed7-anomaly_00113_20260301_222341_133_Rice_partial_mill.png
BLUR,22.67,\\pc-max\D\docker\label-studio\media\upload\9\02e48d0b-anomaly_00114_20260301_222352_537_Rice_Weevil.png
BLUR,22.67,\\pc-max\D\docker\label-studio\media\upload\9\c7106bc4-anomaly_00146_20260301_222617_627_Butterfly_Color.png
BLUR,22.69,\\pc-max\D\docker\label-studio\media\upload\9\eb810411-anomaly_00067_20260304_162511_720_Rice_partial_mill.png
BLUR,22.70,\\pc-max\D\docker\label-studio\media\upload\9\725108ea-anomaly_00005_20260125_131316_502.png
BLUR,22.70,\\pc-max\D\docker\label-studio\media\upload\9\94f1950f-train_20260116_185203_154_5490.png
BLUR,22.70,\\pc-max\D\docker\label-studio\media\upload\9\1bc36f7b-anomaly_00111_20260301_222340_996_Rice_partial_mill.png
BLUR,22.71,\\pc-max\D\docker\label-studio\media\upload\9\bd4c9584-anomaly_00461_20260128_160002_345_paddy_Stone_Model_Color.png
BLUR,22.72,\\pc-max\D\docker\label-studio\media\upload\9\f4156272-anomaly_00335_20260125_131906_356.png
BLUR,22.72,\\pc-max\D\docker\label-studio\media\upload\9\bc374b80-anomaly_00071_20260302_210158_718_Color.png
BLUR,22.72,\\pc-max\D\docker\label-studio\media\upload\9\dc43ab68-train_20260116_183453_194_0678.png
BLUR,22.73,\\pc-max\D\docker\label-studio\media\upload\9\cbd6b229-anomaly_00098_20260303_101229_093_Butterfly_Model_Color.png
BLUR,22.74,\\pc-max\D\docker\label-studio\media\upload\9\3f2bda77-anomaly_00109_20260301_222340_893_Rice_partial_mill.png
BLUR,22.75,\\pc-max\D\docker\label-studio\media\upload\9\de6315c3-anomaly_00104_20260301_222340_585_Rice_partial_mill.png
BLUR,22.75,\\pc-max\D\docker\label-studio\media\upload\9\1a41602e-anomaly_00039_20260304_165646_245_Lay_eggs.png
BLUR,22.78,\\pc-max\D\docker\label-studio\media\upload\9\709afe43-anomaly_00485_20260128_160010_434_paddy_Stone_Model_Color.png
BLUR,22.79,\\pc-max\D\docker\label-studio\media\upload\9\2e4e6300-train_20260116_185150_573_5355.png
BLUR,22.79,\\pc-max\D\docker\label-studio\media\upload\9\e759a9dd-anomaly_00145_20260304_163100_864_Lay_eggs.png
BLUR,22.80,\\pc-max\D\docker\label-studio\media\upload\9\02d77d29-anomaly_00428_20260128_155952_218_paddy_Stone_rice_worm_Model_Color.png
BLUR,22.80,\\pc-max\D\docker\label-studio\media\upload\9\cd9e7739-anomaly_00112_20260301_222341_064_Rice_partial_mill.png
BLUR,22.81,\\pc-max\D\docker\label-studio\media\upload\9\bf511681-anomaly_00108_20260301_222340_827_Rice_partial_mill.png
BLUR,22.81,\\pc-max\D\docker\label-studio\media\upload\9\4fd05c25-anomaly_00099_20260302_201404_998_paddy_Rice_Weevil_Lay_eggs_Model_Color.png
BLUR,22.81,\\pc-max\D\docker\label-studio\media\upload\9\c9548f34-anomaly_00475_20260128_160006_489_paddy_Stone_Model_Color.png
BLUR,22.81,\\pc-max\D\docker\label-studio\media\upload\9\a09c3f84-anomaly_00005_20260304_164057_480_Lay_eggs.png
BLUR,22.81,\\pc-max\D\docker\label-studio\media\upload\9\d9442214-anomaly_00106_20260301_222340_691_Rice_partial_mill.png
BLUR,22.83,\\pc-max\D\docker\label-studio\media\upload\9\07acc0c7-anomaly_00145_20260301_222617_559_Butterfly_Color.png
BLUR,22.83,\\pc-max\D\docker\label-studio\media\upload\9\95c361c5-anomaly_00005_20260303_111559_242_Seed.png
BLUR,22.83,\\pc-max\D\docker\label-studio\media\upload\9\69a5babe-capture_20260115_220558_846.png
BLUR,22.83,\\pc-max\D\docker\label-studio\media\upload\9\1423c38b-train_20260116_185233_086_1302.png
BLUR,22.84,\\pc-max\D\docker\label-studio\media\upload\9\f35339cf-anomaly_00030_20260301_220922_248_Rice_Weevil_Model.png
BLUR,22.84,\\pc-max\D\docker\label-studio\media\upload\9\e5b2b803-anomaly_00002_20260304_172902_383_Lay_eggs.png
BLUR,22.85,\\pc-max\D\docker\label-studio\media\upload\9\6c09d1f9-anomaly_00103_20260304_162627_825_Lay_eggs.png
BLUR,22.86,\\pc-max\D\docker\label-studio\media\upload\9\3762c3f1-anomaly_00006_20260301_211242_508_Butterfly.png
BLUR,22.86,\\pc-max\D\docker\label-studio\media\upload\9\2fbfcc12-anomaly_00031_20260301_220922_282_Rice_Weevil_Model.png
BLUR,22.87,\\pc-max\D\docker\label-studio\media\upload\9\fe7bbfa2-anomaly_00105_20260301_222340_654_Rice_partial_mill.png
BLUR,22.87,\\pc-max\D\docker\label-studio\media\upload\9\7fdbca39-anomaly_00075_20260304_162523_741_Rice_partial_mill.png
BLUR,22.87,\\pc-max\D\docker\label-studio\media\upload\9\bd4db57f-anomaly_00467_20260128_160004_042_paddy_Stone_Model_Color.png
BLUR,22.89,\\pc-max\D\docker\label-studio\media\upload\9\9cd980c0-anomaly_00002_20260302_201310_341_paddy_Lay_eggs_Color.png
BLUR,22.90,\\pc-max\D\docker\label-studio\media\upload\9\6b071205-anomaly_00412_20260128_155948_003_paddy_Stone_Model_Color.png
BLUR,22.90,\\pc-max\D\docker\label-studio\media\upload\9\859faac6-anomaly_00166_20260304_163519_414_Butterfly.png
BLUR,22.91,\\pc-max\D\docker\label-studio\media\upload\9\3721b96e-anomaly_00047_20260303_100653_130_Butterfly_Model_Color.png
BLUR,22.91,\\pc-max\D\docker\label-studio\media\upload\9\5a523b2e-anomaly_00047_20260303_100653_130_Butterfly_Model_Color.png
BLUR,22.92,\\pc-max\D\docker\label-studio\media\upload\9\0ba34043-anomaly_00052_20260303_100653_472_Butterfly_Model_Color.png
BLUR,22.92,\\pc-max\D\docker\label-studio\media\upload\9\9142fbfe-anomaly_00002_20260301_211242_337_Butterfly.png
BLUR,22.93,\\pc-max\D\docker\label-studio\media\upload\9\da7ffe9e-anomaly_00039_20260301_220922_758_Rice_Weevil_Model.png
BLUR,22.93,\\pc-max\D\docker\label-studio\media\upload\9\3f5b0c81-train_20260116_185220_505_4076.png
BLUR,22.93,\\pc-max\D\docker\label-studio\media\upload\9\36a6b8cd-anomaly_00103_20260304_171302_832_Lay_eggs.png
BLUR,22.93,\\pc-max\D\docker\label-studio\media\upload\9\f0802833-anomaly_00110_20260301_222340_928_Rice_partial_mill.png
BLUR,22.94,\\pc-max\D\docker\label-studio\media\upload\9\d22dadad-anomaly_00004_20260304_172902_828_Lay_eggs.png
BLUR,22.94,\\pc-max\D\docker\label-studio\media\upload\9\d516ef51-anomaly_00048_20260303_100653_199_Butterfly_Model_Color.png
BLUR,22.94,\\pc-max\D\docker\label-studio\media\upload\9\1c059312-anomaly_00078_20260304_162523_913_Rice_partial_mill.png
BLUR,22.95,\\pc-max\D\docker\label-studio\media\upload\9\ac2b03cd-anomaly_00040_20251110_221942_676.png
BLUR,22.95,\\pc-max\D\docker\label-studio\media\upload\9\7e797a9b-anomaly_00005_20260125_131315_688.png
BLUR,22.95,\\pc-max\D\docker\label-studio\media\upload\9\fea02150-anomaly_00006_20260125_131316_637.png
BLUR,22.95,\\pc-max\D\docker\label-studio\media\upload\9\79a6e4d7-anomaly_00389_20260303_091108_691_paddy_Lay_eggs_Color.png
BLUR,22.96,\\pc-max\D\docker\label-studio\media\upload\9\3f56e7bf-train_20260116_185216_204_5503.png
BLUR,22.98,\\pc-max\D\docker\label-studio\media\upload\9\b7044276-anomaly_00029_20260302_182013_819_paddy_Color.png
BLUR,22.98,\\pc-max\D\docker\label-studio\media\upload\9\88f38f0c-anomaly_00109_20260304_162723_727_Lay_eggs.png
BLUR,22.98,\\pc-max\D\docker\label-studio\media\upload\9\e5d7b878-anomaly_00020_20260302_182013_239_Model_Color.png
BLUR,22.99,\\pc-max\D\docker\label-studio\media\upload\9\37e08f5f-anomaly_00097_20260303_101229_058_Butterfly_Model_Color.png
BLUR,23.00,\\pc-max\D\docker\label-studio\media\upload\9\72f97e7c-anomaly_00039_20251110_221933_564.png
BLUR,23.00,\\pc-max\D\docker\label-studio\media\upload\9\a66ad2e4-anomaly_00425_20260128_155951_129_paddy_Stone_Model_Color.png
BLUR,23.03,\\pc-max\D\docker\label-studio\media\upload\9\8edf3dbe-anomaly_00033_20260301_220922_419_Rice_Weevil_Model.png
BLUR,23.03,\\pc-max\D\docker\label-studio\media\upload\9\0a252366-anomaly_00107_20260301_222340_756_Rice_partial_mill.png
BLUR,23.03,\\pc-max\D\docker\label-studio\media\upload\9\b8bcc23c-anomaly_00023_20260304_165235_191_Black_head.png
BLUR,23.04,\\pc-max\D\docker\label-studio\media\upload\9\e4eeff23-anomaly_00013_20260125_131324_452.png
BLUR,23.04,\\pc-max\D\docker\label-studio\media\upload\9\ad1f4fe7-anomaly_00021_20260304_160657_392_Lay_eggs.png
BLUR,23.04,\\pc-max\D\docker\label-studio\media\upload\9\75ec5de4-anomaly_00005_20260301_211242_474_Butterfly.png
BLUR,23.04,\\pc-max\D\docker\label-studio\media\upload\9\ef99f5c7-anomaly_00003_20260304_172902_757_Lay_eggs.png
BLUR,23.05,\\pc-max\D\docker\label-studio\media\upload\9\1eccd2fc-anomaly_00148_20260304_163101_072_Lay_eggs.png
BLUR,23.06,\\pc-max\D\docker\label-studio\media\upload\9\b359e1ef-anomaly_00213_20260128_103307_291_Rice_Weevil_Stone_Model.png
BLUR,23.07,\\pc-max\D\docker\label-studio\media\upload\9\e7275145-anomaly_00146_20260304_163100_936_Lay_eggs.png
BLUR,23.09,\\pc-max\D\docker\label-studio\media\upload\9\2086d9e0-anomaly_00080_20260304_162531_408_Rice_partial_mill.png
BLUR,23.09,\\pc-max\D\docker\label-studio\media\upload\9\ae21fb13-anomaly_00038_20260301_220922_690_Rice_Weevil_Model.png
BLUR,23.11,\\pc-max\D\docker\label-studio\media\upload\9\9ed47c11-anomaly_00436_20260128_155954_461_paddy_Stone_Model_Color.png
BLUR,23.11,\\pc-max\D\docker\label-studio\media\upload\9\6b68ca89-anomaly_00025_20260125_131333_825.png
BLUR,23.11,\\pc-max\D\docker\label-studio\media\upload\9\dd095b6f-anomaly_00026_20260125_131334_005.png
BLUR,23.11,\\pc-max\D\docker\label-studio\media\upload\9\d9dc27f9-anomaly_00042_20251110_222733_363.png
BLUR,23.11,\\pc-max\D\docker\label-studio\media\upload\9\c5b76c16-anomaly_00147_20260304_163101_004_Lay_eggs.png
BLUR,23.11,\\pc-max\D\docker\label-studio\media\upload\9\10e2357a-anomaly_00079_20260304_170619_349_Lay_eggs.png
BLUR,23.11,\\pc-max\D\docker\label-studio\media\upload\9\f170407d-anomaly_00028_20260302_182013_750_paddy_Model_Color.png
BLUR,23.12,\\pc-max\D\docker\label-studio\media\upload\9\8d910906-anomaly_00088_20260303_101228_512_Butterfly_Model_Color.png
BLUR,23.12,\\pc-max\D\docker\label-studio\media\upload\9\4b1dbead-anomaly_00613_20260303_160557_115_Rice_Weevil_Model_Color.png
BLUR,23.13,\\pc-max\D\docker\label-studio\media\upload\9\e5023f67-anomaly_00051_20260303_100653_404_Butterfly_Model_Color.png
BLUR,23.14,\\pc-max\D\docker\label-studio\media\upload\9\21f661d6-train_20260116_185244_719_3987.png
BLUR,23.15,\\pc-max\D\docker\label-studio\media\upload\9\47aebe90-anomaly_00032_20260301_220922_351_Rice_Weevil_Model.png
BLUR,23.15,\\pc-max\D\docker\label-studio\media\upload\9\c5feb261-anomaly_00015_20260304_160529_248_Lay_eggs.png
BLUR,23.16,\\pc-max\D\docker\label-studio\media\upload\9\6a72e2db-anomaly_00049_20260303_100653_269_Butterfly_Model_Color.png
BLUR,23.16,\\pc-max\D\docker\label-studio\media\upload\9\345f0fbc-train_20260116_185153_132_7960.png
BLUR,23.17,\\pc-max\D\docker\label-studio\media\upload\9\f8870d5b-anomaly_00098_20260304_171116_312_Black_head.png
BLUR,23.17,\\pc-max\D\docker\label-studio\media\upload\9\fced2006-anomaly_00058_20260304_161322_083_rice_worm.png
BLUR,23.18,\\pc-max\D\docker\label-studio\media\upload\9\8d393299-anomaly_00078_20260304_170619_313_Lay_eggs.png
BLUR,23.21,\\pc-max\D\docker\label-studio\media\upload\9\eec469e1-anomaly_00005_20260301_204032_378_Rice_Weevil_Model.png
BLUR,23.22,\\pc-max\D\docker\label-studio\media\upload\9\7152c1ca-anomaly_00037_20260301_220922_657_Rice_Weevil_Model.png
BLUR,23.22,\\pc-max\D\docker\label-studio\media\upload\9\2e9339e9-anomaly_00144_20260301_222617_524_Butterfly_Color.png
BLUR,23.22,\\pc-max\D\docker\label-studio\media\upload\9\182c87fe-train_20260116_185230_931_0135.png
BLUR,23.23,\\pc-max\D\docker\label-studio\media\upload\9\2e98da93-anomaly_00080_20260304_170619_450_Lay_eggs.png
BLUR,23.23,\\pc-max\D\docker\label-studio\media\upload\9\07a8fe0b-anomaly_00119_20260304_162833_976_Black_head.png
BLUR,23.24,\\pc-max\D\docker\label-studio\media\upload\9\29243d54-anomaly_00002_20260303_195053_313_Lay_eggs.png
BLUR,23.24,\\pc-max\D\docker\label-studio\media\upload\9\a4af56be-anomaly_00034_20260301_220922_486_Rice_Weevil_Model.png
BLUR,23.25,\\pc-max\D\docker\label-studio\media\upload\9\729e3d61-anomaly_00001_20260228_221718_312_rice_worm.png
BLUR,23.25,\\pc-max\D\docker\label-studio\media\upload\9\ef68397a-train_20260116_185247_749_4312.png
BLUR,23.25,\\pc-max\D\docker\label-studio\media\upload\9\c9b948f4-anomaly_00050_20260303_100653_336_Butterfly_Model_Color.png
BLUR,23.26,\\pc-max\D\docker\label-studio\media\upload\9\043fab69-anomaly_00078_20251110_234726_283.png
BLUR,23.26,\\pc-max\D\docker\label-studio\media\upload\9\b862fc4a-train_20260116_183519_224_8543.png
BLUR,23.27,\\pc-max\D\docker\label-studio\media\upload\9\32e5e66e-anomaly_00007_20260303_121827_647_Lay_eggs.png
BLUR,23.28,\\pc-max\D\docker\label-studio\media\upload\9\cb975b69-anomaly_00014_20260125_131324_864.png
BLUR,23.30,\\pc-max\D\docker\label-studio\media\upload\9\8f2a1553-anomaly_00004_20260303_121827_442_Lay_eggs.png
BLUR,23.31,\\pc-max\D\docker\label-studio\media\upload\9\8fd6defe-anomaly_00015_20260125_131325_339.png
BLUR,23.31,\\pc-max\D\docker\label-studio\media\upload\9\9dfcb078-anomaly_00002_20260303_121827_305_Lay_eggs.png
BLUR,23.32,\\pc-max\D\docker\label-studio\media\upload\9\0625a500-anomaly_00005_20260303_130837_547_Lay_eggs.png
BLUR,23.32,\\pc-max\D\docker\label-studio\media\upload\9\83f79e7c-anomaly_00021_20260125_131330_980.png
BLUR,23.32,\\pc-max\D\docker\label-studio\media\upload\9\803c2a86-anomaly_00075_20251110_234322_401.png
BLUR,23.32,\\pc-max\D\docker\label-studio\media\upload\9\57a6f14b-anomaly_00074_20251110_234056_572.png
BLUR,23.33,\\pc-max\D\docker\label-studio\media\upload\9\92ebdbbc-anomaly_00003_20260301_211242_370_Butterfly_Model.png
BLUR,23.33,\\pc-max\D\docker\label-studio\media\upload\9\a8a5f7c4-anomaly_00122_20260125_131448_602.png
BLUR,23.34,\\pc-max\D\docker\label-studio\media\upload\9\066e41b5-anomaly_00025_20260125_131333_013.png
BLUR,23.34,\\pc-max\D\docker\label-studio\media\upload\9\b6259e05-anomaly_00091_20260303_101228_719_Butterfly_Model_Color.png
BLUR,23.35,\\pc-max\D\docker\label-studio\media\upload\9\87113ea7-anomaly_00084_20260304_162531_644_Rice_partial_mill.png
BLUR,23.36,\\pc-max\D\docker\label-studio\media\upload\9\67021887-train_20260116_185238_064_2688.png
BLUR,23.37,\\pc-max\D\docker\label-studio\media\upload\9\ced1b511-train_20260116_185200_461_1220.png
BLUR,23.38,\\pc-max\D\docker\label-studio\media\upload\9\ed773ebe-anomaly_00008_20260303_121827_713_Lay_eggs.png
BLUR,23.38,\\pc-max\D\docker\label-studio\media\upload\9\480a9aa0-train_20260116_185249_761_7085.png
BLUR,23.38,\\pc-max\D\docker\label-studio\media\upload\9\c12e9f7f-anomaly_00036_20260301_220922_591_Rice_Weevil_Model.png
BLUR,23.38,\\pc-max\D\docker\label-studio\media\upload\9\d40808b4-capture_20260127_193718_908.png
BLUR,23.38,\\pc-max\D\docker\label-studio\media\upload\9\443ed704-anomaly_00024_20260125_131332_405.png
BLUR,23.39,\\pc-max\D\docker\label-studio\media\upload\9\5172aff2-anomaly_00012_20251110_212541_928.png
BLUR,23.41,\\pc-max\D\docker\label-studio\media\upload\9\2bae4bad-anomaly_00004_20260125_131314_866.png
BLUR,23.41,\\pc-max\D\docker\label-studio\media\upload\9\9672375d-anomaly_00007_20260303_194828_672_Lay_eggs.png
BLUR,23.41,\\pc-max\D\docker\label-studio\media\upload\9\ca688e31-anomaly_00007_20260303_194828_672_Lay_eggs.png
BLUR,23.41,\\pc-max\D\docker\label-studio\media\upload\9\feb06f80-anomaly_00068_20251110_230811_924.png
BLUR,23.41,\\pc-max\D\docker\label-studio\media\upload\9\508d0035-anomaly_00015_20260304_154232_281_Rice_Weevil_Model.png
BLUR,23.42,\\pc-max\D\docker\label-studio\media\upload\9\6525c0be-anomaly_00142_20260301_222617_385_Butterfly_Model_Color.png
BLUR,23.44,\\pc-max\D\docker\label-studio\media\upload\9\6c5a7664-anomaly_00023_20260125_131331_798.png
BLUR,23.44,\\pc-max\D\docker\label-studio\media\upload\9\ed0acab6-anomaly_00002_20260304_161609_393_Lay_eggs.png
BLUR,23.44,\\pc-max\D\docker\label-studio\media\upload\9\14bc641d-anomaly_00035_20260301_220922_520_Rice_Weevil_Model.png
BLUR,23.44,\\pc-max\D\docker\label-studio\media\upload\9\1f94b1a8-anomaly_00015_20260304_161752_970_Lay_eggs.png
BLUR,23.45,\\pc-max\D\docker\label-studio\media\upload\9\61fa2d02-train_20260116_185208_556_1134.png
BLUR,23.45,\\pc-max\D\docker\label-studio\media\upload\9\602f879a-train_20260116_183410_752_0141.png
BLUR,23.45,\\pc-max\D\docker\label-studio\media\upload\9\fa2fdc14-anomaly_00003_20260303_121827_374_Lay_eggs.png
BLUR,23.46,\\pc-max\D\docker\label-studio\media\upload\9\5f3bc8bf-train_20260116_185242_164_3654.png
BLUR,23.47,\\pc-max\D\docker\label-studio\media\upload\9\6c359e39-anomaly_00101_20260304_162553_951_Lay_eggs.png
BLUR,23.47,\\pc-max\D\docker\label-studio\media\upload\9\59b82b1f-anomaly_00138_20260301_222617_145_Butterfly_Model_Color.png
BLUR,23.47,\\pc-max\D\docker\label-studio\media\upload\9\bfe41bd5-anomaly_00010_20251110_211019_011.png
BLUR,23.47,\\pc-max\D\docker\label-studio\media\upload\9\023f0fb9-anomaly_00020_20251110_213548_020.png
BLUR,23.47,\\pc-max\D\docker\label-studio\media\upload\9\0f5c8cd0-anomaly_00001_20260303_121827_201_Lay_eggs.png
BLUR,23.50,\\pc-max\D\docker\label-studio\media\upload\9\b106f00d-anomaly_00019_20260303_194459_650_Lay_eggs.png
BLUR,23.50,\\pc-max\D\docker\label-studio\media\upload\9\f4f1d523-anomaly_00019_20260303_194459_650_Lay_eggs.png
BLUR,23.50,\\pc-max\D\docker\label-studio\media\upload\9\b5a51b1b-anomaly_00005_20260303_121827_510_Lay_eggs.png
BLUR,23.50,\\pc-max\D\docker\label-studio\media\upload\9\5fcba704-anomaly_00143_20260301_222617_455_Butterfly_Model_Color.png
BLUR,23.50,\\pc-max\D\docker\label-studio\media\upload\9\25c745d8-anomaly_00009_20260303_121827_783_Lay_eggs.png
BLUR,23.51,\\pc-max\D\docker\label-studio\media\upload\9\82c47eab-anomaly_00069_20260304_162523_091_Rice_partial_mill.png
BLUR,23.51,\\pc-max\D\docker\label-studio\media\upload\9\1decf7d6-anomaly_00003_20260125_131314_535.png
BLUR,23.52,\\pc-max\D\docker\label-studio\media\upload\9\702f5a52-anomaly_00001_20260304_160131_706_rice_worm.png
BLUR,23.53,\\pc-max\D\docker\label-studio\media\upload\9\dc82374c-capture_20260118_135228_772.png
BLUR,23.53,\\pc-max\D\docker\label-studio\media\upload\9\f6463139-anomaly_00010_20260303_121827_850_Lay_eggs.png
BLUR,23.54,\\pc-max\D\docker\label-studio\media\upload\9\2b6f9780-anomaly_00069_20251110_230812_194.png
BLUR,23.55,\\pc-max\D\docker\label-studio\media\upload\9\138a955d-anomaly_00006_20260303_121827_578_Lay_eggs.png
BLUR,23.55,\\pc-max\D\docker\label-studio\media\upload\9\59caf5b9-anomaly_00092_20260303_101228_754_Butterfly_Rice_Weevil_Model_Color.png
BLUR,23.56,\\pc-max\D\docker\label-studio\media\upload\9\714625d6-anomaly_00008_20260303_130837_988_Lay_eggs.png
BLUR,23.56,\\pc-max\D\docker\label-studio\media\upload\9\ce5090f1-capture_20260118_135309_940.png
BLUR,23.58,\\pc-max\D\docker\label-studio\media\upload\9\c709d9ff-anomaly_00049_20251110_223000_670.png
BLUR,23.60,\\pc-max\D\docker\label-studio\media\upload\9\7dc8cee5-anomaly_00001_20260127_193711_055_paddy_Rice_straw_Model_Color.png
BLUR,23.61,\\pc-max\D\docker\label-studio\media\upload\9\5c505e87-anomaly_00140_20260301_222617_248_Butterfly_Model_Color.png
BLUR,23.62,\\pc-max\D\docker\label-studio\media\upload\9\446abda3-anomaly_00001_20260303_165213_587_Model_Color.png
BLUR,23.64,\\pc-max\D\docker\label-studio\media\upload\9\6f1a8672-train_20260116_183318_226_7051.png
BLUR,23.64,\\pc-max\D\docker\label-studio\media\upload\9\abf7b1bd-anomaly_00088_20260303_202417_077_Butterfly.png
BLUR,23.65,\\pc-max\D\docker\label-studio\media\upload\9\3bc0abec-anomaly_00141_20260301_222617_317_Butterfly_Model_Color.png
BLUR,23.65,\\pc-max\D\docker\label-studio\media\upload\9\b7f2c8b0-anomaly_00048_20251110_222926_941.png
BLUR,23.65,\\pc-max\D\docker\label-studio\media\upload\9\8edb6098-anomaly_00017_20251110_213547_498.png
BLUR,23.67,\\pc-max\D\docker\label-studio\media\upload\9\99d07ffb-train_20260116_185222_591_0606.png
BLUR,23.67,\\pc-max\D\docker\label-studio\media\upload\9\279f32b8-anomaly_00090_20260303_101228_651_Butterfly_Model_Color.png
BLUR,23.67,\\pc-max\D\docker\label-studio\media\upload\9\3756ea35-train_20260116_183229_786_4623.png
BLUR,23.67,\\pc-max\D\docker\label-studio\media\upload\9\19e4bccc-anomaly_00013_20260304_154232_142_Rice_Weevil_Model.png
BLUR,23.68,\\pc-max\D\docker\label-studio\media\upload\9\b35429db-anomaly_00139_20260301_222617_215_Butterfly_Model_Color.png
BLUR,23.69,\\pc-max\D\docker\label-studio\media\upload\9\6064f21d-train_20260116_185155_574_4041.png
BLUR,23.69,\\pc-max\D\docker\label-studio\media\upload\9\740a7455-anomaly_00022_20260125_131331_173.png
BLUR,23.69,\\pc-max\D\docker\label-studio\media\upload\9\52f64eec-anomaly_00096_20260303_101228_990_Butterfly_Model_Color.png
BLUR,23.70,\\pc-max\D\docker\label-studio\media\upload\9\ee24adaa-train_20260116_183232_483_1271.png
BLUR,23.70,\\pc-max\D\docker\label-studio\media\upload\9\81254860-anomaly_00017_20260304_154232_382_Rice_Weevil_Model.png
BLUR,23.71,\\pc-max\D\docker\label-studio\media\upload\9\74000961-train_20260116_183245_009_2559.png
BLUR,23.71,\\pc-max\D\docker\label-studio\media\upload\9\ccd8158e-anomaly_00095_20260303_101228_922_Butterfly_Model_Color.png
BLUR,23.72,\\pc-max\D\docker\label-studio\media\upload\9\bba1ba5e-train_20260116_185228_245_1117.png
BLUR,23.72,\\pc-max\D\docker\label-studio\media\upload\9\1e9fb4c3-anomaly_00093_20260303_101228_788_Butterfly_Model_Color.png
BLUR,23.73,\\pc-max\D\docker\label-studio\media\upload\9\2ce4e4a9-anomaly_00014_20260304_154232_211_Rice_Weevil_Model.png
BLUR,23.74,\\pc-max\D\docker\label-studio\media\upload\9\898f19d5-anomaly_00073_20251110_233815_141.png
BLUR,23.74,\\pc-max\D\docker\label-studio\media\upload\9\35a0832b-anomaly_00016_20260304_154232_313_Rice_Weevil_Model.png
BLUR,23.74,\\pc-max\D\docker\label-studio\media\upload\9\2f27fb29-train_20260116_183216_309_3950.png
BLUR,23.75,\\pc-max\D\docker\label-studio\media\upload\9\6ac83ae6-anomaly_00012_20260304_154232_072_Rice_Weevil_Model.png
BLUR,23.75,\\pc-max\D\docker\label-studio\media\upload\9\5b4cc6a0-train_20260116_183141_399_6727.png
BLUR,23.76,\\pc-max\D\docker\label-studio\media\upload\9\3aef58f8-anomaly_00001_20260303_160207_611_Lay_eggs.png
BLUR,23.76,\\pc-max\D\docker\label-studio\media\upload\9\21d0a0e0-anomaly_00002_20260125_131313_543.png
BLUR,23.77,\\pc-max\D\docker\label-studio\media\upload\9\1fb10277-anomaly_00047_20251110_222926_748.png
BLUR,23.77,\\pc-max\D\docker\label-studio\media\upload\9\3363ca65-train_20260116_183308_993_5712.png
BLUR,23.78,\\pc-max\D\docker\label-studio\media\upload\9\3b47fe48-anomaly_00019_20251110_213547_872.png
BLUR,23.78,\\pc-max\D\docker\label-studio\media\upload\9\11b37368-train_20260116_185252_251_3617.png
BLUR,23.78,\\pc-max\D\docker\label-studio\media\upload\9\e9f9c125-train_20260116_183250_936_1230.png
BLUR,23.80,\\pc-max\D\docker\label-studio\media\upload\9\610bce9d-train_20260116_183255_046_3650.png
BLUR,23.80,\\pc-max\D\docker\label-studio\media\upload\9\a3392854-train_20260116_183149_693_0107.png
BLUR,23.81,\\pc-max\D\docker\label-studio\media\upload\9\481c12d3-anomaly_00043_20251110_222925_994.png
BLUR,23.81,\\pc-max\D\docker\label-studio\media\upload\9\5e9e8391-train_20260116_183203_038_6938.png
BLUR,23.81,\\pc-max\D\docker\label-studio\media\upload\9\0cf01dab-train_20260116_183248_713_0808.png
BLUR,23.81,\\pc-max\D\docker\label-studio\media\upload\9\7e08c1f9-anomaly_00018_20260304_154232_451_Rice_Weevil_Model.png
BLUR,23.81,\\pc-max\D\docker\label-studio\media\upload\9\270ec99d-train_20260116_183155_216_9914.png
BLUR,23.82,\\pc-max\D\docker\label-studio\media\upload\9\7294f3f9-train_20260116_183158_183_1421.png
BLUR,23.83,\\pc-max\D\docker\label-studio\media\upload\9\8af1c614-train_20260116_183304_006_8728.png
BLUR,23.83,\\pc-max\D\docker\label-studio\media\upload\9\ba20c9d5-train_20260116_183145_313_3779.png
BLUR,23.83,\\pc-max\D\docker\label-studio\media\upload\9\37ee435b-train_20260116_183258_684_1811.png
BLUR,23.83,\\pc-max\D\docker\label-studio\media\upload\9\62331d55-capture_20251109_095104_531.png
BLUR,23.83,\\pc-max\D\docker\label-studio\media\upload\9\88c3da71-capture_20251109_095104_531.png
BLUR,23.83,\\pc-max\D\docker\label-studio\media\upload\9\7b552fd9-train_20260116_183200_672_8280.png
BLUR,23.83,\\pc-max\D\docker\label-studio\media\upload\9\b095823e-anomaly_00094_20260303_101228_854_Butterfly_Model_Color.png
BLUR,23.84,\\pc-max\D\docker\label-studio\media\upload\9\d01aefa2-train_20260116_183139_106_5903.png
BLUR,23.84,\\pc-max\D\docker\label-studio\media\upload\9\8455e85c-train_20260116_183239_218_0255.png
BLUR,23.85,\\pc-max\D\docker\label-studio\media\upload\9\a3fa7625-train_20260116_183212_930_9442.png
BLUR,23.85,\\pc-max\D\docker\label-studio\media\upload\9\b89d214d-capture_20260125_145100_596.png
BLUR,23.85,\\pc-max\D\docker\label-studio\media\upload\9\f7dfa6ac-anomaly_00001_20260304_154225_570_Rice_Weevil_Model.png
BLUR,23.85,\\pc-max\D\docker\label-studio\media\upload\9\a7ea399c-anomaly_00005_20260303_195111_802_Lay_eggs.png
BLUR,23.85,\\pc-max\D\docker\label-studio\media\upload\9\c41c7efa-anomaly_00013_20251110_212542_081.png
BLUR,23.86,\\pc-max\D\docker\label-studio\media\upload\9\1b2a6f50-anomaly_00076_20251110_234325_837.png
BLUR,23.87,\\pc-max\D\docker\label-studio\media\upload\9\41500bea-anomaly_00089_20260303_101228_581_Butterfly_Model_Color.png
BLUR,23.88,\\pc-max\D\docker\label-studio\media\upload\9\55c8bb44-anomaly_00051_20251110_223254_879.png
BLUR,23.88,\\pc-max\D\docker\label-studio\media\upload\9\b233cbef-capture_20260118_135335_789.png
BLUR,23.88,\\pc-max\D\docker\label-studio\media\upload\9\a1bed2de-train_20260116_183235_442_2448.png
BLUR,23.89,\\pc-max\D\docker\label-studio\media\upload\9\4c7604c0-anomaly_00044_20251110_222926_197.png
BLUR,23.90,\\pc-max\D\docker\label-studio\media\upload\9\31fc244d-train_20260116_183219_747_8733.png
BLUR,23.93,\\pc-max\D\docker\label-studio\media\upload\9\70ac69ad-train_20260116_183324_862_0448.png
BLUR,23.95,\\pc-max\D\docker\label-studio\media\upload\9\d3208347-train_20260116_183241_442_6935.png
BLUR,23.95,\\pc-max\D\docker\label-studio\media\upload\9\ebc61a8c-anomaly_00062_20251110_224650_305.png
BLUR,23.95,\\pc-max\D\docker\label-studio\media\upload\9\786c5456-train_20260116_183301_244_3156.png
BLUR,23.95,\\pc-max\D\docker\label-studio\media\upload\9\1c2155f9-train_20260116_185225_484_0251.png
BLUR,23.95,\\pc-max\D\docker\label-studio\media\upload\9\a467239b-anomaly_00018_20251110_213547_763.png
BLUR,23.96,\\pc-max\D\docker\label-studio\media\upload\9\1e615e16-anomaly_00070_20251110_232031_410.png
BLUR,23.97,\\pc-max\D\docker\label-studio\media\upload\9\c03dd780-anomaly_00005_20260304_154225_738_Rice_Weevil_Model.png
BLUR,23.97,\\pc-max\D\docker\label-studio\media\upload\9\283eb05f-anomaly_00071_20251110_232102_470.png
BLUR,23.98,\\pc-max\D\docker\label-studio\media\upload\9\89d18374-anomaly_00006_20260304_154225_805_Rice_Weevil_Model.png
BLUR,23.99,\\pc-max\D\docker\label-studio\media\upload\9\3a291b1d-anomaly_00064_20251110_224650_677.png
BLUR,23.99,\\pc-max\D\docker\label-studio\media\upload\9\bc7d00b7-anomaly_00027_20260302_182013_680_paddy_Model_Color.png
BLUR,24.01,\\pc-max\D\docker\label-studio\media\upload\9\aff20087-anomaly_00050_20251110_223254_777.png
BLUR,24.01,\\pc-max\D\docker\label-studio\media\upload\9\185b07a1-anomaly_00004_20260304_154225_670_Rice_Weevil_Model.png
BLUR,24.02,\\pc-max\D\docker\label-studio\media\upload\9\d16fdd19-train_20260116_183321_544_3373.png
BLUR,24.03,\\pc-max\D\docker\label-studio\media\upload\9\ebf2bd18-anomaly_00022_20260302_182013_377_Butterfly_Model_Color.png
BLUR,24.03,\\pc-max\D\docker\label-studio\media\upload\9\35b1f9db-train_20260116_183207_102_2204.png
BLUR,24.03,\\pc-max\D\docker\label-studio\media\upload\9\a961a742-anomaly_00022_20260304_154232_724_Rice_Weevil_Model.png
BLUR,24.04,\\pc-max\D\docker\label-studio\media\upload\9\b27d00d2-train_20260116_183314_520_2330.png
BLUR,24.04,\\pc-max\D\docker\label-studio\media\upload\9\d82e9a11-train_20260116_183223_926_1672.png
BLUR,24.07,\\pc-max\D\docker\label-studio\media\upload\9\54909ca5-anomaly_00032_20251110_220733_149.png
BLUR,24.08,\\pc-max\D\docker\label-studio\media\upload\9\d8c6c6d3-anomaly_00008_20260303_110015_115_Rice_Weevil_Model.png
BLUR,24.09,\\pc-max\D\docker\label-studio\media\upload\9\9b4d2efb-anomaly_00011_20251110_211019_153.png
BLUR,24.09,\\pc-max\D\docker\label-studio\media\upload\9\b57e8f43-anomaly_00037_20251110_220742_130.png
BLUR,24.10,\\pc-max\D\docker\label-studio\media\upload\9\0f31980a-anomaly_00063_20251110_224650_582.png
BLUR,24.11,\\pc-max\D\docker\label-studio\media\upload\9\7350a6b1-anomaly_00015_20251110_212605_794.png
BLUR,24.11,\\pc-max\D\docker\label-studio\media\upload\9\196eecf7-anomaly_00002_20260304_154225_601_Rice_Weevil_Model.png
BLUR,24.12,\\pc-max\D\docker\label-studio\media\upload\9\7c5cdf4f-anomaly_00021_20251110_213815_084.png
BLUR,24.12,\\pc-max\D\docker\label-studio\media\upload\9\ece02b97-anomaly_00005_20251110_205723_607.png
BLUR,24.15,\\pc-max\D\docker\label-studio\media\upload\9\354ea035-anomaly_00009_20251110_210705_945.png
BLUR,24.20,\\pc-max\D\docker\label-studio\media\upload\9\d252b494-anomaly_00107_20260303_203826_065_wood_Model.png
BLUR,24.20,\\pc-max\D\docker\label-studio\media\upload\9\1e599a42-anomaly_00033_20251110_220733_265.png
BLUR,24.22,\\pc-max\D\docker\label-studio\media\upload\9\47f6f62d-anomaly_00001_20251109_143457_176.png
BLUR,24.22,\\pc-max\D\docker\label-studio\media\upload\9\513a54ee-anomaly_00001_20251109_143457_176.png
BLUR,24.23,\\pc-max\D\docker\label-studio\media\upload\9\979208fe-anomaly_00016_20251110_212606_047.png
BLUR,24.24,\\pc-max\D\docker\label-studio\media\upload\9\2ddc3a6c-anomaly_00038_20251110_220742_280.png
BLUR,24.25,\\pc-max\D\docker\label-studio\media\upload\9\3be10f0b-anomaly_00019_20260304_154232_519_Rice_Weevil_Model.png
BLUR,24.26,\\pc-max\D\docker\label-studio\media\upload\9\1de1d774-anomaly_00077_20251110_234611_048.png
BLUR,24.26,\\pc-max\D\docker\label-studio\media\upload\9\65c149c8-anomaly_00029_20251109_105222_803.png
BLUR,24.26,\\pc-max\D\docker\label-studio\media\upload\9\ce33e80a-anomaly_00029_20251109_105222_803.png
BLUR,24.27,\\pc-max\D\docker\label-studio\media\upload\9\ad17eae5-anomaly_00003_20260304_154225_636_Rice_Weevil_Model.png
BLUR,24.28,\\pc-max\D\docker\label-studio\media\upload\9\deb36c82-anomaly_00021_20260302_182013_308_Model_Color.png
BLUR,24.28,\\pc-max\D\docker\label-studio\media\upload\9\cfd9b412-anomaly_00014_20251110_212605_569.png
BLUR,24.30,\\pc-max\D\docker\label-studio\media\upload\9\37b3d9ff-anomaly_00001_20260125_131312_459.png
BLUR,24.30,\\pc-max\D\docker\label-studio\media\upload\9\0db3a698-anomaly_00049_20260303_110057_799_rice_worm.png
BLUR,24.31,\\pc-max\D\docker\label-studio\media\upload\9\19beeedc-anomaly_00007_20251110_210705_600.png
BLUR,24.33,\\pc-max\D\docker\label-studio\media\upload\9\9c31654a-anomaly_00021_20260304_154232_655_Rice_Weevil_Model.png
BLUR,24.35,\\pc-max\D\docker\label-studio\media\upload\9\62681b53-anomaly_00023_20251109_105159_597.png
BLUR,24.36,\\pc-max\D\docker\label-studio\media\upload\9\ec59f0dc-anomaly_00008_20251110_210705_801.png
BLUR,24.37,\\pc-max\D\docker\label-studio\media\upload\9\0a49887e-capture_20260114_231243_135.png
BLUR,24.41,\\pc-max\D\docker\label-studio\media\upload\9\0d8eb3ec-anomaly_00066_20251110_224819_989.png
BLUR,24.41,\\pc-max\D\docker\label-studio\media\upload\9\d0593393-anomaly_00036_20251110_220741_926.png
BLUR,24.41,\\pc-max\D\docker\label-studio\media\upload\9\5c286434-anomaly_00020_20260304_154232_588_Rice_Weevil_Model.png
BLUR,24.42,\\pc-max\D\docker\label-studio\media\upload\9\2c3d8f99-anomaly_00027_20251110_215010_297.png
BLUR,24.46,\\pc-max\D\docker\label-studio\media\upload\9\e6239c7e-anomaly_00115_20260303_203826_710_Model.png
BLUR,24.47,\\pc-max\D\docker\label-studio\media\upload\9\e3c25125-anomaly_00026_20260302_182013_612_Butterfly_Model_Color.png
BLUR,24.47,\\pc-max\D\docker\label-studio\media\upload\9\03896dad-anomaly_00358_20260125_131912_599.png
BLUR,24.47,\\pc-max\D\docker\label-studio\media\upload\9\f4f103aa-anomaly_00035_20251110_220733_978.png
BLUR,24.48,\\pc-max\D\docker\label-studio\media\upload\9\45f01a3b-anomaly_00031_20251110_215902_812.png
BLUR,24.48,\\pc-max\D\docker\label-studio\media\upload\9\c663056a-anomaly_00029_20251110_215049_815.png
BLUR,24.50,\\pc-max\D\docker\label-studio\media\upload\9\31972e1a-anomaly_00056_20251110_223721_067.png
BLUR,24.50,\\pc-max\D\docker\label-studio\media\upload\9\3a782230-anomaly_00034_20251110_220733_448.png
BLUR,24.51,\\pc-max\D\docker\label-studio\media\upload\9\64415351-anomaly_00060_20251110_224548_430.png
BLUR,24.52,\\pc-max\D\docker\label-studio\media\upload\9\561c3ec9-anomaly_00109_20260303_203826_201_wood_Model.png
BLUR,24.52,\\pc-max\D\docker\label-studio\media\upload\9\43a5bf57-anomaly_00059_20251110_224548_159.png
BLUR,24.54,\\pc-max\D\docker\label-studio\media\upload\9\fb0e01b7-anomaly_00001_20251109_143935_398.png
BLUR,24.56,\\pc-max\D\docker\label-studio\media\upload\9\c50afb89-anomaly_00046_20251110_222926_511.png
BLUR,24.59,\\pc-max\D\docker\label-studio\media\upload\9\8296a091-anomaly_00061_20251110_224548_567.png
BLUR,24.60,\\pc-max\D\docker\label-studio\media\upload\9\0e3f3c68-anomaly_00007_20260304_154225_875_Rice_Weevil_Model.png
BLUR,24.61,\\pc-max\D\docker\label-studio\media\upload\9\8b3dc927-anomaly_00011_20260304_154226_115_Rice_Weevil_Model.png
BLUR,24.63,\\pc-max\D\docker\label-studio\media\upload\9\4f7bc366-anomaly_00022_20251110_214118_965.png
BLUR,24.63,\\pc-max\D\docker\label-studio\media\upload\9\7dc5f422-anomaly_00027_20251109_105200_126.png
BLUR,24.65,\\pc-max\D\docker\label-studio\media\upload\9\3671deb8-anomaly_00025_20251109_105159_854.png
BLUR,24.66,\\pc-max\D\docker\label-studio\media\upload\9\1bba9f05-anomaly_00006_20251110_210705_397.png
BLUR,24.68,\\pc-max\D\docker\label-studio\media\upload\9\97a2f20c-anomaly_00111_20260303_203826_403_Rice_Weevil_Model.png
BLUR,24.68,\\pc-max\D\docker\label-studio\media\upload\9\dc5c9bfc-anomaly_00072_20251110_232832_014.png
BLUR,24.70,\\pc-max\D\docker\label-studio\media\upload\9\72433fa8-anomaly_00067_20251110_230038_033.png
BLUR,24.71,\\pc-max\D\docker\label-studio\media\upload\9\82ba5407-anomaly_00024_20251109_105159_696.png
BLUR,24.72,\\pc-max\D\docker\label-studio\media\upload\9\7d9ae110-anomaly_00001_20251109_151330_469.png
BLUR,24.74,\\pc-max\D\docker\label-studio\media\upload\9\f565ecba-anomaly_00045_20251110_222926_346.png
BLUR,24.74,\\pc-max\D\docker\label-studio\media\upload\9\e496b9e2-anomaly_00023_20251110_214119_169.png
BLUR,24.76,\\pc-max\D\docker\label-studio\media\upload\9\7ece893b-anomaly_00028_20251110_215049_551.png
BLUR,24.77,\\pc-max\D\docker\label-studio\media\upload\9\2710c090-anomaly_00030_20251109_105223_112.png
BLUR,24.78,\\pc-max\D\docker\label-studio\media\upload\9\091912f6-anomaly_00260_20260128_103335_290_Rice_Weevil_Stone_Model.png
BLUR,24.80,\\pc-max\D\docker\label-studio\media\upload\9\a5caf0a7-anomaly_00025_20260302_182013_545_paddy_Model_Color.png
BLUR,24.82,\\pc-max\D\docker\label-studio\media\upload\9\4f73e1b3-anomaly_00058_20251110_224242_094.png
BLUR,24.88,\\pc-max\D\docker\label-studio\media\upload\9\c0a94773-anomaly_00025_20251110_214623_197.png
BLUR,24.89,\\pc-max\D\docker\label-studio\media\upload\9\ab16d4e1-anomaly_00023_20260302_182013_411_Butterfly_Model_Color.png
BLUR,24.90,\\pc-max\D\docker\label-studio\media\upload\9\9f55e8b1-anomaly_00055_20251110_223720_730.png
BLUR,24.99,\\pc-max\D\docker\label-studio\media\upload\9\fbe49eb6-anomaly_00010_20251110_191333_462.png
BLUR,25.03,\\pc-max\D\docker\label-studio\media\upload\9\7dc95e7b-anomaly_00052_20251110_223456_004.png
BLUR,25.03,\\pc-max\D\docker\label-studio\media\upload\9\8a55ea0c-anomaly_00057_20251110_224241_882.png
BLUR,25.08,\\pc-max\D\docker\label-studio\media\upload\9\e5760dc5-anomaly_00003_20251110_205407_923.png
BLUR,25.11,\\pc-max\D\docker\label-studio\media\upload\9\8db81c98-anomaly_00252_20260128_103330_323_Rice_Weevil_Stone_Model.png
BLUR,25.20,\\pc-max\D\docker\label-studio\media\upload\9\fda90ab2-anomaly_00004_20251110_205453_509.png
BLUR,25.26,\\pc-max\D\docker\label-studio\media\upload\9\ace65eee-anomaly_00030_20251110_215049_960.png
BLUR,25.27,\\pc-max\D\docker\label-studio\media\upload\9\8cb8ffa0-anomaly_00053_20251110_223456_208.png
BLUR,25.28,\\pc-max\D\docker\label-studio\media\upload\9\272f4e24-anomaly_00134_20251113_085130_942.png
BLUR,25.29,\\pc-max\D\docker\label-studio\media\upload\9\84a45a23-anomaly_00054_20251110_223456_410.png
BLUR,25.31,\\pc-max\D\docker\label-studio\media\upload\9\31c0183e-anomaly_00024_20260302_182013_480_paddy_Model_Color.png
BLUR,25.33,\\pc-max\D\docker\label-studio\media\upload\9\512363e2-anomaly_00065_20251110_224819_748.png
BLUR,25.34,\\pc-max\D\docker\label-studio\media\upload\9\4f3b89ad-anomaly_00023_20251110_191632_049.png
BLUR,25.34,\\pc-max\D\docker\label-studio\media\upload\9\39b41a30-anomaly_00001_20251109_152227_707.png
BLUR,25.35,\\pc-max\D\docker\label-studio\media\upload\9\02f4e3cd-anomaly_00026_20251110_214623_466.png
BLUR,25.36,\\pc-max\D\docker\label-studio\media\upload\9\08c43078-anomaly_00009_20260304_154226_011_Rice_Weevil_Model.png
BLUR,25.41,\\pc-max\D\docker\label-studio\media\upload\9\e102edfc-anomaly_00997_20260302_201445_612_paddy_Rice_Weevil_Stone_Model.png
BLUR,25.42,\\pc-max\D\docker\label-studio\media\upload\9\626df768-anomaly_00022_20251109_105159_404.png
BLUR,25.52,\\pc-max\D\docker\label-studio\media\upload\9\76bf9a6c-train_20260116_183355_337_2348.png
BLUR,25.52,\\pc-max\D\docker\label-studio\media\upload\9\236a1fc1-anomaly_00002_20251109_151330_742.png
BLUR,25.56,\\pc-max\D\docker\label-studio\media\upload\9\8e0b9770-train_20260116_183529_047_9096.png
BLUR,25.59,\\pc-max\D\docker\label-studio\media\upload\9\2080ec42-anomaly_00008_20260304_154225_943_Rice_Weevil_Model.png
BLUR,25.59,\\pc-max\D\docker\label-studio\media\upload\9\020bd835-train_20260116_183347_188_0397.png
BLUR,25.60,\\pc-max\D\docker\label-studio\media\upload\9\bbe4cac0-train_20260116_183432_203_8793.png
BLUR,25.62,\\pc-max\D\docker\label-studio\media\upload\9\3edafd86-train_20260116_183531_405_8859.png
BLUR,25.63,\\pc-max\D\docker\label-studio\media\upload\9\944d792a-anomaly_00083_20260303_110113_609_Rice_Weevil_rice_worm_Model.png
BLUR,25.64,\\pc-max\D\docker\label-studio\media\upload\9\9654485b-anomaly_00029_20251113_074220_149.png
BLUR,25.65,\\pc-max\D\docker\label-studio\media\upload\9\0cb876d6-train_20260116_183436_243_8438.png
BLUR,25.69,\\pc-max\D\docker\label-studio\media\upload\9\27039e0c-anomaly_00002_20251109_152126_054.png
BLUR,25.74,\\pc-max\D\docker\label-studio\media\upload\9\977a432d-anomaly_00003_20251109_151330_961.png
BLUR,25.81,\\pc-max\D\docker\label-studio\media\upload\9\257d599c-train_20260116_183456_018_5778.png
BLUR,25.82,\\pc-max\D\docker\label-studio\media\upload\9\d82770bc-capture_20251110_190652_399.png
BLUR,25.83,\\pc-max\D\docker\label-studio\media\upload\9\5886520b-anomaly_00001_20251112_153809_486.png
BLUR,25.84,\\pc-max\D\docker\label-studio\media\upload\9\494449cf-train_20260116_183407_792_5281.png
BLUR,25.84,\\pc-max\D\docker\label-studio\media\upload\9\787e887c-anomaly_00196_20260128_103255_398_Rice_Weevil_Stone_Model.png
BLUR,25.85,\\pc-max\D\docker\label-studio\media\upload\9\e188ca2b-anomaly_00019_20251110_191334_807.png
BLUR,25.87,\\pc-max\D\docker\label-studio\media\upload\9\84fa40d7-train_20260116_183507_386_2661.png
BLUR,25.87,\\pc-max\D\docker\label-studio\media\upload\9\f303a507-train_20260116_183336_946_5361.png
BLUR,25.89,\\pc-max\D\docker\label-studio\media\upload\9\1ea4d189-train_20260116_183330_310_4427.png
BLUR,25.89,\\pc-max\D\docker\label-studio\media\upload\9\0f27a1d1-train_20260116_183339_181_4777.png
BLUR,25.91,\\pc-max\D\docker\label-studio\media\upload\9\32cbaf62-anomaly_00094_20251113_081629_487.png
BLUR,25.91,\\pc-max\D\docker\label-studio\media\upload\9\b20f4f98-train_20260116_183441_560_7864.png
BLUR,25.97,\\pc-max\D\docker\label-studio\media\upload\9\7b4c3cb8-anomaly_00016_20251110_191334_401.png
BLUR,26.00,\\pc-max\D\docker\label-studio\media\upload\9\69cb973e-train_20260116_183403_218_0694.png
BLUR,26.01,\\pc-max\D\docker\label-studio\media\upload\9\0a7a275f-train_20260116_183524_810_2285.png
BLUR,26.02,\\pc-max\D\docker\label-studio\media\upload\9\0d7afb2a-train_20260116_183521_513_0284.png
BLUR,26.03,\\pc-max\D\docker\label-studio\media\upload\9\5ebb2e1b-anomaly_00011_20251110_191333_663.png
BLUR,26.06,\\pc-max\D\docker\label-studio\media\upload\9\16792fda-anomaly_00116_20251113_083211_901.png
BLUR,26.07,\\pc-max\D\docker\label-studio\media\upload\9\94df538f-train_20260116_183401_059_7652.png
BLUR,26.07,\\pc-max\D\docker\label-studio\media\upload\9\d26fab8f-train_20260116_183438_331_6619.png
BLUR,26.09,\\pc-max\D\docker\label-studio\media\upload\9\0fae73d7-train_20260116_183516_669_1500.png
BLUR,26.11,\\pc-max\D\docker\label-studio\media\upload\9\bc307736-train_20260116_183511_889_3364.png
BLUR,26.11,\\pc-max\D\docker\label-studio\media\upload\9\ec2fd57a-anomaly_00013_20251110_191333_931.png
BLUR,26.12,\\pc-max\D\docker\label-studio\media\upload\9\a7de83b3-anomaly_00987_20260302_201445_268_paddy_Rice_Weevil_Stone_Model.png
BLUR,26.12,\\pc-max\D\docker\label-studio\media\upload\9\27ae9599-train_20260116_183341_337_3722.png
BLUR,26.15,\\pc-max\D\docker\label-studio\media\upload\9\339564ea-anomaly_00047_20251113_080535_523.png
BLUR,26.17,\\pc-max\D\docker\label-studio\media\upload\9\6d70afa0-anomaly_00128_20251113_084710_041.png
BLUR,26.19,\\pc-max\D\docker\label-studio\media\upload\9\c1a16adc-train_20260116_183513_907_7280.png
BLUR,26.19,\\pc-max\D\docker\label-studio\media\upload\9\fa8c28e7-anomaly_00002_20251110_203728_572.png
BLUR,26.20,\\pc-max\D\docker\label-studio\media\upload\9\20a9c06a-anomaly_00009_20251110_191332_854.png
BLUR,26.23,\\pc-max\D\docker\label-studio\media\upload\9\2f8e161e-anomaly_00018_20251110_191334_670.png
BLUR,26.25,\\pc-max\D\docker\label-studio\media\upload\9\30b13df4-train_20260116_183502_813_7564.png
BLUR,26.30,\\pc-max\D\docker\label-studio\media\upload\9\420ebe5f-anomaly_00002_20251113_072314_115.png
BLUR,26.30,\\pc-max\D\docker\label-studio\media\upload\9\c03de608-anomaly_00047_20251110_192711_255.png
BLUR,26.33,\\pc-max\D\docker\label-studio\media\upload\9\f719c4b6-anomaly_00014_20251113_072633_469.png
BLUR,26.34,\\pc-max\D\docker\label-studio\media\upload\9\5d8ad8c2-capture_20251110_190645_065.png
BLUR,26.34,\\pc-max\D\docker\label-studio\media\upload\9\ba54ba39-anomaly_00004_20251109_151331_168.png
BLUR,26.35,\\pc-max\D\docker\label-studio\media\upload\9\27a8c1b8-capture_20260125_144955_326.png
BLUR,26.35,\\pc-max\D\docker\label-studio\media\upload\9\9977a80a-anomaly_00014_20251110_191334_064.png
BLUR,26.36,\\pc-max\D\docker\label-studio\media\upload\9\922a4cdb-anomaly_00200_20260128_103258_929_Rice_Weevil_Stone_Model.png
BLUR,26.37,\\pc-max\D\docker\label-studio\media\upload\9\b744687a-anomaly_00003_20251113_072314_445.png
BLUR,26.39,\\pc-max\D\docker\label-studio\media\upload\9\d5e0991a-anomaly_00233_20260128_103318_502_Rice_Weevil_Stone_Model.png
BLUR,26.40,\\pc-max\D\docker\label-studio\media\upload\9\1ce3daea-train_20260116_183416_264_5518.png
BLUR,26.40,\\pc-max\D\docker\label-studio\media\upload\9\71f76f08-anomaly_00030_20251113_074220_457.png
BLUR,26.40,\\pc-max\D\docker\label-studio\media\upload\9\bb49d011-train_20260116_185257_910_9962.png
BLUR,26.42,\\pc-max\D\docker\label-studio\media\upload\9\282eb1e2-anomaly_00065_20251113_081140_709.png
BLUR,26.44,\\pc-max\D\docker\label-studio\media\upload\9\f9fb97e1-anomaly_00133_20251113_085025_936.png
BLUR,26.47,\\pc-max\D\docker\label-studio\media\upload\9\34137e53-anomaly_00107_20251113_082223_492.png
BLUR,26.52,\\pc-max\D\docker\label-studio\media\upload\9\356b03a8-anomaly_00138_20251113_085251_573.png
BLUR,26.52,\\pc-max\D\docker\label-studio\media\upload\9\11aeaac6-capture_20251110_190649_507.png
BLUR,26.55,\\pc-max\D\docker\label-studio\media\upload\9\f6d97f48-anomaly_00001_20251110_203727_025.png
BLUR,26.57,\\pc-max\D\docker\label-studio\media\upload\9\d9a6bf71-anomaly_00024_20251110_214230_903.png
BLUR,26.62,\\pc-max\D\docker\label-studio\media\upload\9\bb620ee6-anomaly_00009_20251113_072337_100.png
BLUR,26.64,\\pc-max\D\docker\label-studio\media\upload\9\7ad95b24-anomaly_00137_20251113_085227_128.png
BLUR,26.65,\\pc-max\D\docker\label-studio\media\upload\9\e9015b17-anomaly_00234_20260128_103318_907_Rice_Weevil_Stone_Model.png
BLUR,26.66,\\pc-max\D\docker\label-studio\media\upload\9\302975e0-train_20260116_185300_268_1721.png
BLUR,26.66,\\pc-max\D\docker\label-studio\media\upload\9\a8e80dfc-capture_20251110_190653_736.png
BLUR,26.70,\\pc-max\D\docker\label-studio\media\upload\9\4528565f-anomaly_00013_20251113_072633_157.png
BLUR,26.71,\\pc-max\D\docker\label-studio\media\upload\9\582673ed-anomaly_00102_20251113_082116_470.png
BLUR,26.71,\\pc-max\D\docker\label-studio\media\upload\9\dfa7b51b-anomaly_00004_20251113_072314_733.png
BLUR,26.71,\\pc-max\D\docker\label-studio\media\upload\9\133001c8-anomaly_00045_20251110_192710_716.png
BLUR,26.72,\\pc-max\D\docker\label-studio\media\upload\9\3e1031db-anomaly_00015_20251113_071421_831.png
BLUR,26.74,\\pc-max\D\docker\label-studio\media\upload\9\69d3ce6a-train_20260116_185255_686_1538.png
BLUR,26.75,\\pc-max\D\docker\label-studio\media\upload\9\df96bcfb-anomaly_00232_20260128_103318_025_Rice_Weevil_Stone_Model.png
BLUR,26.75,\\pc-max\D\docker\label-studio\media\upload\9\5bcdba88-anomaly_00025_20251113_073802_173.png
BLUR,26.76,\\pc-max\D\docker\label-studio\media\upload\9\9503ee3b-anomaly_00020_20251110_191424_304.png
BLUR,26.76,\\pc-max\D\docker\label-studio\media\upload\9\4c3a00be-anomaly_00008_20251110_191313_622.png
BLUR,26.78,\\pc-max\D\docker\label-studio\media\upload\9\7d85dcca-anomaly_00046_20251110_192711_118.png
BLUR,26.79,\\pc-max\D\docker\label-studio\media\upload\9\f3dfecd6-anomaly_00129_20251113_084751_685.png
BLUR,26.80,\\pc-max\D\docker\label-studio\media\upload\9\65ec5d7f-capture_20251110_190656_022.png
BLUR,26.81,\\pc-max\D\docker\label-studio\media\upload\9\b0a2edab-anomaly_00012_20251110_191333_793.png
BLUR,26.83,\\pc-max\D\docker\label-studio\media\upload\9\574e0437-anomaly_00022_20251113_073042_710.png
BLUR,26.83,\\pc-max\D\docker\label-studio\media\upload\9\939af848-anomaly_00092_20251113_081522_465.png
BLUR,26.92,\\pc-max\D\docker\label-studio\media\upload\9\fb3e3fe4-anomaly_00028_20251109_195408_638.png
BLUR,26.92,\\pc-max\D\docker\label-studio\media\upload\9\b20045ac-anomaly_00122_20251113_083421_010.png
BLUR,26.94,\\pc-max\D\docker\label-studio\media\upload\9\0bae575d-anomaly_00023_20251113_071909_478.png
BLUR,26.94,\\pc-max\D\docker\label-studio\media\upload\9\b1bbe20b-anomaly_00017_20251110_191334_492.png
BLUR,26.97,\\pc-max\D\docker\label-studio\media\upload\9\95af5a28-capture_20251110_190647_294.png
BLUR,27.01,\\pc-max\D\docker\label-studio\media\upload\9\e068ab93-anomaly_00114_20251113_083032_395.png
BLUR,27.03,\\pc-max\D\docker\label-studio\media\upload\9\8ec989a2-anomaly_00009_20251113_072619_303.png
BLUR,27.05,\\pc-max\D\docker\label-studio\media\upload\9\b7773527-anomaly_00106_20251113_082223_115.png
BLUR,27.06,\\pc-max\D\docker\label-studio\media\upload\9\6f3af2cb-anomaly_00099_20251113_081905_612.png
BLUR,27.06,\\pc-max\D\docker\label-studio\media\upload\9\5637ece7-anomaly_00090_20251113_081303_873.png
BLUR,27.07,\\pc-max\D\docker\label-studio\media\upload\9\8a01b1ed-anomaly_00103_20251113_082222_364.png
BLUR,27.09,\\pc-max\D\docker\label-studio\media\upload\9\7ffe4a68-capture_20251110_190655_317.png
BLUR,27.09,\\pc-max\D\docker\label-studio\media\upload\9\cd84a225-anomaly_00104_20251113_082222_690.png
BLUR,27.10,\\pc-max\D\docker\label-studio\media\upload\9\d71c4dee-anomaly_00045_20251113_080418_273.png
BLUR,27.14,\\pc-max\D\docker\label-studio\media\upload\9\36ef7c48-anomaly_00065_20251111_202504_859.png
BLUR,27.15,\\pc-max\D\docker\label-studio\media\upload\9\817fbd18-capture_20251110_190653_064.png
BLUR,27.15,\\pc-max\D\docker\label-studio\media\upload\9\81531ca5-anomaly_00109_20251113_082523_333.png
BLUR,27.18,\\pc-max\D\docker\label-studio\media\upload\9\60931f11-anomaly_00132_20251113_084812_964.png
BLUR,27.20,\\pc-max\D\docker\label-studio\media\upload\9\3463a372-anomaly_00126_20251113_083937_673.png
BLUR,27.21,\\pc-max\D\docker\label-studio\media\upload\9\68248d22-anomaly_00048_20251113_080620_314.png
BLUR,27.21,\\pc-max\D\docker\label-studio\media\upload\9\70efa3d9-anomaly_00125_20251113_083511_822.png
BLUR,27.21,\\pc-max\D\docker\label-studio\media\upload\9\33d2e388-anomaly_00028_20251112_142054_558.png
BLUR,27.22,\\pc-max\D\docker\label-studio\media\upload\9\df453027-anomaly_00130_20251113_084753_298.png
BLUR,27.22,\\pc-max\D\docker\label-studio\media\upload\9\dca42ed3-anomaly_00019_20251113_072920_877.png
BLUR,27.23,\\pc-max\D\docker\label-studio\media\upload\9\1338dc76-anomaly_00015_20251110_191334_266.png
BLUR,27.23,\\pc-max\D\docker\label-studio\media\upload\9\57efa9bf-anomaly_00108_20251113_082223_925.png
BLUR,27.26,\\pc-max\D\docker\label-studio\media\upload\9\22fa3c54-anomaly_00007_20251110_191313_272.png
BLUR,27.29,\\pc-max\D\docker\label-studio\media\upload\9\4d7517e4-anomaly_00024_20251111_201754_035.png
BLUR,27.30,\\pc-max\D\docker\label-studio\media\upload\9\e0b24280-anomaly_00027_20251110_191950_343.png
BLUR,27.30,\\pc-max\D\docker\label-studio\media\upload\9\3c2cf58f-anomaly_00118_20251113_083315_147.png
BLUR,27.31,\\pc-max\D\docker\label-studio\media\upload\9\a171aae5-anomaly_00020_20251111_201718_345.png
BLUR,27.33,\\pc-max\D\docker\label-studio\media\upload\9\fe35633e-capture_20251110_190654_484.png
BLUR,27.34,\\pc-max\D\docker\label-studio\media\upload\9\fce79fb8-anomaly_00080_20251113_081231_604.png
BLUR,27.35,\\pc-max\D\docker\label-studio\media\upload\9\3dcbf4f5-anomaly_00006_20251110_191313_144.png
BLUR,27.36,\\pc-max\D\docker\label-studio\media\upload\9\4110cf83-anomaly_00051_20251113_081012_324.png
BLUR,27.36,\\pc-max\D\docker\label-studio\media\upload\9\f17e9bd5-anomaly_00049_20251110_192906_533.png
BLUR,27.38,\\pc-max\D\docker\label-studio\media\upload\9\fb1240b1-anomaly_00004_20251110_191312_873.png
BLUR,27.41,\\pc-max\D\docker\label-studio\media\upload\9\833a3f53-anomaly_00025_20251109_195407_600.png
BLUR,27.42,\\pc-max\D\docker\label-studio\media\upload\9\c546167c-anomaly_00035_20251113_074840_076.png
BLUR,27.42,\\pc-max\D\docker\label-studio\media\upload\9\5ed2d88a-anomaly_00036_20251113_074840_349.png
BLUR,27.42,\\pc-max\D\docker\label-studio\media\upload\9\e75de0f1-anomaly_00036_20251113_074840_349.png
BLUR,27.45,\\pc-max\D\docker\label-studio\media\upload\9\81369147-anomaly_00105_20251113_082222_899.png
BLUR,27.46,\\pc-max\D\docker\label-studio\media\upload\9\dec663bc-anomaly_00048_20251110_192904_509.png
BLUR,27.48,\\pc-max\D\docker\label-studio\media\upload\9\0638d7f0-anomaly_00004_20251113_072555_768.png
BLUR,27.48,\\pc-max\D\docker\label-studio\media\upload\9\5cee0ce2-anomaly_00052_20251110_192909_492.png
BLUR,27.48,\\pc-max\D\docker\label-studio\media\upload\9\71d4e673-anomaly_00027_20251113_074102_484.png
BLUR,27.49,\\pc-max\D\docker\label-studio\media\upload\9\cc2723ce-anomaly_00200_20251110_083811_321.png
BLUR,27.49,\\pc-max\D\docker\label-studio\media\upload\9\e500135b-anomaly_00097_20251113_081824_317.png
BLUR,27.49,\\pc-max\D\docker\label-studio\media\upload\9\83f9f828-anomaly_00026_20251109_195408_052.png
BLUR,27.50,\\pc-max\D\docker\label-studio\media\upload\9\4f0247c1-anomaly_00021_20251110_191623_704.png
BLUR,27.50,\\pc-max\D\docker\label-studio\media\upload\9\42bb18dc-anomaly_00004_20251111_201336_394.png
BLUR,27.53,\\pc-max\D\docker\label-studio\media\upload\9\a310034e-anomaly_00075_20251113_081215_304.png
BLUR,27.53,\\pc-max\D\docker\label-studio\media\upload\9\b71ef2fb-anomaly_00033_20251113_074512_166.png
BLUR,27.54,\\pc-max\D\docker\label-studio\media\upload\9\a1048f59-anomaly_00236_20260128_103320_065_Rice_Weevil_Stone_Model.png
BLUR,27.55,\\pc-max\D\docker\label-studio\media\upload\9\7437fef1-anomaly_00005_20251110_191312_964.png
BLUR,27.58,\\pc-max\D\docker\label-studio\media\upload\9\bc04b332-capture_20251109_183838_137.png
BLUR,27.59,\\pc-max\D\docker\label-studio\media\upload\9\2beaf315-anomaly_00057_20251113_081121_654.png
BLUR,27.60,\\pc-max\D\docker\label-studio\media\upload\9\05a92fae-anomaly_00162_20260128_103223_806_Rice_Weevil_Stone_Model.png
BLUR,27.60,\\pc-max\D\docker\label-studio\media\upload\9\1c8201ce-anomaly_00162_20260128_103223_806_Rice_Weevil_Stone_Model.png
BLUR,27.61,\\pc-max\D\docker\label-studio\media\upload\9\cb87f130-capture_20251109_184045_905.png
BLUR,27.62,\\pc-max\D\docker\label-studio\media\upload\9\0174d4b5-anomaly_00096_20251113_081807_866.png
BLUR,27.64,\\pc-max\D\docker\label-studio\media\upload\9\b26ccf29-anomaly_00139_20251113_085308_628.png
BLUR,27.65,\\pc-max\D\docker\label-studio\media\upload\9\6567abe6-anomaly_00202_20251110_083811_655.png
BLUR,27.66,\\pc-max\D\docker\label-studio\media\upload\9\b167b5fb-anomaly_00242_20260128_103324_207_Rice_Weevil_Stone_Model.png
BLUR,27.66,\\pc-max\D\docker\label-studio\media\upload\9\71c9994c-anomaly_00161_20251110_081418_536.png
BLUR,27.67,\\pc-max\D\docker\label-studio\media\upload\9\2f30fc13-anomaly_00049_20251113_080632_209.png
BLUR,27.68,\\pc-max\D\docker\label-studio\media\upload\9\175a867e-capture_20260116_174245_285.png
BLUR,27.68,\\pc-max\D\docker\label-studio\media\upload\9\d1b8d405-anomaly_00235_20260128_103319_320_Rice_Weevil_Stone_Model.png
BLUR,27.69,\\pc-max\D\docker\label-studio\media\upload\9\2383c3e1-anomaly_00163_20260128_103224_011_Rice_Weevil_Stone_Model.png
BLUR,27.69,\\pc-max\D\docker\label-studio\media\upload\9\9ed534bd-anomaly_00163_20260128_103224_011_Rice_Weevil_Stone_Model.png
BLUR,27.69,\\pc-max\D\docker\label-studio\media\upload\9\39961b5f-anomaly_00037_20251113_074840_572.png
BLUR,27.71,\\pc-max\D\docker\label-studio\media\upload\9\3d5d19f6-anomaly_00183_20251110_082155_210.png
BLUR,27.71,\\pc-max\D\docker\label-studio\media\upload\9\e33504f9-anomaly_00131_20251113_084753_506.png
BLUR,27.72,\\pc-max\D\docker\label-studio\media\upload\9\d135e161-anomaly_00023_20251109_194942_412.png
BLUR,27.72,\\pc-max\D\docker\label-studio\media\upload\9\2c8016b8-anomaly_00207_20251110_084658_952.png
BLUR,27.73,\\pc-max\D\docker\label-studio\media\upload\9\080e465c-anomaly_00051_20251110_192909_288.png
BLUR,27.76,\\pc-max\D\docker\label-studio\media\upload\9\bb0f59a2-anomaly_00050_20251110_192909_084.png
BLUR,27.76,\\pc-max\D\docker\label-studio\media\upload\9\652cf2c4-anomaly_00056_20251113_081121_261.png
BLUR,27.76,\\pc-max\D\docker\label-studio\media\upload\9\8e213db7-anomaly_00056_20251113_081121_261.png
BLUR,27.80,\\pc-max\D\docker\label-studio\media\upload\9\ba40d0c9-anomaly_00178_20251110_082154_441.png
BLUR,27.80,\\pc-max\D\docker\label-studio\media\upload\9\721e3b5a-anomaly_00184_20251110_082605_198.png
BLUR,27.81,\\pc-max\D\docker\label-studio\media\upload\9\9a5f2114-anomaly_00022_20251110_191629_493.png
BLUR,27.81,\\pc-max\D\docker\label-studio\media\upload\9\e089081d-anomaly_00003_20251111_201336_188.png
BLUR,27.84,\\pc-max\D\docker\label-studio\media\upload\9\0600a84b-anomaly_00013_20251109_194851_159.png
BLUR,27.85,\\pc-max\D\docker\label-studio\media\upload\9\dea9f17b-anomaly_00003_20251110_191312_742.png
BLUR,27.85,\\pc-max\D\docker\label-studio\media\upload\9\0f0e9c04-anomaly_00203_20251110_084637_295.png
BLUR,27.87,\\pc-max\D\docker\label-studio\media\upload\9\bc149e52-anomaly_00031_20251112_144607_511.png
BLUR,27.88,\\pc-max\D\docker\label-studio\media\upload\9\4ef6f0f7-anomaly_00055_20251113_081120_371.png
BLUR,27.89,\\pc-max\D\docker\label-studio\media\upload\9\58789adf-anomaly_00042_20251109_195446_971.png
BLUR,27.91,\\pc-max\D\docker\label-studio\media\upload\9\22185cdb-anomaly_00176_20251110_082154_132.png
BLUR,27.91,\\pc-max\D\docker\label-studio\media\upload\9\0bbe6f11-anomaly_00041_20251109_195446_761.png
BLUR,27.93,\\pc-max\D\docker\label-studio\media\upload\9\61704cf0-anomaly_00002_20251110_191312_611.png
BLUR,27.96,\\pc-max\D\docker\label-studio\media\upload\9\eb41acdb-anomaly_00056_20251109_195650_412.png
BLUR,27.96,\\pc-max\D\docker\label-studio\media\upload\9\68bc91a0-anomaly_00177_20251110_082154_289.png
BLUR,27.96,\\pc-max\D\docker\label-studio\media\upload\9\06482965-anomaly_00120_20251113_083355_424.png
BLUR,27.98,\\pc-max\D\docker\label-studio\media\upload\9\aa252af7-anomaly_00100_20251113_081925_406.png
BLUR,27.99,\\pc-max\D\docker\label-studio\media\upload\9\6cf5a5af-anomaly_00011_20251113_072407_373.png
BLUR,28.01,\\pc-max\D\docker\label-studio\media\upload\9\ebad48ca-anomaly_00028_20251112_144607_070.png
BLUR,28.03,\\pc-max\D\docker\label-studio\media\upload\9\5c366930-anomaly_00124_20251113_083444_839.png
BLUR,28.04,\\pc-max\D\docker\label-studio\media\upload\9\bceeaf01-anomaly_00093_20251113_081617_556.png
BLUR,28.04,\\pc-max\D\docker\label-studio\media\upload\9\7c610c34-anomaly_00113_20251113_082941_100.png
BLUR,28.05,\\pc-max\D\docker\label-studio\media\upload\9\d82b1a75-anomaly_00170_20251110_082132_523.png
BLUR,28.05,\\pc-max\D\docker\label-studio\media\upload\9\0e9078d7-anomaly_00005_20251111_201336_663.png
BLUR,28.05,\\pc-max\D\docker\label-studio\media\upload\9\9c6861da-anomaly_00001_20251110_191312_400.png
BLUR,28.06,\\pc-max\D\docker\label-studio\media\upload\9\115a7144-anomaly_00022_20251109_194942_230.png
BLUR,28.06,\\pc-max\D\docker\label-studio\media\upload\9\a0702398-anomaly_00021_20251113_073026_214.png
BLUR,28.06,\\pc-max\D\docker\label-studio\media\upload\9\069fbbe7-anomaly_00017_20251109_194851_762.png
BLUR,28.07,\\pc-max\D\docker\label-studio\media\upload\9\7b46e7ed-anomaly_00039_20251113_074841_064.png
BLUR,28.09,\\pc-max\D\docker\label-studio\media\upload\9\ce111dea-anomaly_00010_20251113_072345_974.png
BLUR,28.09,\\pc-max\D\docker\label-studio\media\upload\9\48d5420a-anomaly_00018_20251113_071744_549.png
BLUR,28.10,\\pc-max\D\docker\label-studio\media\upload\9\cc98978e-anomaly_00054_20251113_081050_594.png
BLUR,28.15,\\pc-max\D\docker\label-studio\media\upload\9\9276e60d-anomaly_00110_20251113_082555_665.png
BLUR,28.16,\\pc-max\D\docker\label-studio\media\upload\9\0a529f89-anomaly_00206_20251110_084641_154.png
BLUR,28.16,\\pc-max\D\docker\label-studio\media\upload\9\ebf45e6a-anomaly_00007_20251113_072618_680.png
BLUR,28.17,\\pc-max\D\docker\label-studio\media\upload\9\3f831246-anomaly_00161_20260128_103223_470_Rice_Weevil_Stone_Model.png
BLUR,28.17,\\pc-max\D\docker\label-studio\media\upload\9\899b4846-anomaly_00161_20260128_103223_470_Rice_Weevil_Stone_Model.png
BLUR,28.19,\\pc-max\D\docker\label-studio\media\upload\9\371d4900-anomaly_00172_20251110_082132_841.png
BLUR,28.19,\\pc-max\D\docker\label-studio\media\upload\9\a92ad963-anomaly_00012_20251109_210819_627.png
BLUR,28.19,\\pc-max\D\docker\label-studio\media\upload\9\070dd29c-anomaly_00018_20251109_194941_610.png
BLUR,28.21,\\pc-max\D\docker\label-studio\media\upload\9\c5b52467-anomaly_00033_20251112_144607_791.png
BLUR,28.22,\\pc-max\D\docker\label-studio\media\upload\9\80f1ddcd-anomaly_00119_20251113_083355_103.png
BLUR,28.24,\\pc-max\D\docker\label-studio\media\upload\9\b627e86c-anomaly_00023_20251111_201753_703.png
BLUR,28.25,\\pc-max\D\docker\label-studio\media\upload\9\5d99cf3a-anomaly_00109_20251111_202719_016.png
BLUR,28.25,\\pc-max\D\docker\label-studio\media\upload\9\ace02823-anomaly_00046_20251111_202201_380.png
BLUR,28.25,\\pc-max\D\docker\label-studio\media\upload\9\df035e69-anomaly_00002_20251111_201335_920.png
BLUR,28.27,\\pc-max\D\docker\label-studio\media\upload\9\6fa6366d-anomaly_00060_20251111_202424_443.png
BLUR,28.29,\\pc-max\D\docker\label-studio\media\upload\9\731c9ddb-anomaly_00001_20251111_201335_784.png
BLUR,28.30,\\pc-max\D\docker\label-studio\media\upload\9\4632542d-anomaly_00047_20251109_195455_541.png
BLUR,28.30,\\pc-max\D\docker\label-studio\media\upload\9\e0b450f0-anomaly_00022_20251113_071745_868.png
BLUR,28.32,\\pc-max\D\docker\label-studio\media\upload\9\24e49a77-anomaly_00021_20251109_194942_086.png
BLUR,28.32,\\pc-max\D\docker\label-studio\media\upload\9\1195eeaf-anomaly_00181_20251110_082154_887.png
BLUR,28.32,\\pc-max\D\docker\label-studio\media\upload\9\9d653647-anomaly_00182_20251110_082155_049.png
BLUR,28.33,\\pc-max\D\docker\label-studio\media\upload\9\8c1554f6-anomaly_00121_20251113_083356_311.png
BLUR,28.33,\\pc-max\D\docker\label-studio\media\upload\9\340e8e6a-anomaly_00046_20251109_195454_258.png
BLUR,28.34,\\pc-max\D\docker\label-studio\media\upload\9\42987701-anomaly_00048_20251111_202239_750.png
BLUR,28.34,\\pc-max\D\docker\label-studio\media\upload\9\ae88d3d3-anomaly_00010_20251111_201710_715.png
BLUR,28.36,\\pc-max\D\docker\label-studio\media\upload\9\4db2d81f-anomaly_00066_20251111_202510_705.png
BLUR,28.37,\\pc-max\D\docker\label-studio\media\upload\9\c39b6f1c-anomaly_00017_20251113_071744_218.png
BLUR,28.38,\\pc-max\D\docker\label-studio\media\upload\9\4025452a-anomaly_00003_20251109_143459_689.png
BLUR,28.38,\\pc-max\D\docker\label-studio\media\upload\9\a932015b-anomaly_00003_20251109_143459_689.png
BLUR,28.38,\\pc-max\D\docker\label-studio\media\upload\9\9ec71bb0-anomaly_00097_20251111_202643_038.png
BLUR,28.38,\\pc-max\D\docker\label-studio\media\upload\9\74e22922-anomaly_00171_20251110_082132_673.png
BLUR,28.39,\\pc-max\D\docker\label-studio\media\upload\9\27be194e-anomaly_00111_20251113_082607_595.png
BLUR,28.39,\\pc-max\D\docker\label-studio\media\upload\9\39dfc7ab-anomaly_00111_20251113_082607_595.png
BLUR,28.39,\\pc-max\D\docker\label-studio\media\upload\9\fdb7170c-anomaly_00020_20251109_194941_916.png
BLUR,28.40,\\pc-max\D\docker\label-studio\media\upload\9\9fbd333f-anomaly_00006_20251113_072618_239.png
BLUR,28.40,\\pc-max\D\docker\label-studio\media\upload\9\0dbe5847-anomaly_00024_20251110_191931_613.png
BLUR,28.40,\\pc-max\D\docker\label-studio\media\upload\9\69506d8b-anomaly_00108_20251111_202718_655.png
BLUR,28.40,\\pc-max\D\docker\label-studio\media\upload\9\6152584e-anomaly_00003_20251109_152126_426.png
BLUR,28.42,\\pc-max\D\docker\label-studio\media\upload\9\9161979e-anomaly_00163_20251110_082131_409.png
BLUR,28.46,\\pc-max\D\docker\label-studio\media\upload\9\7e05cca8-anomaly_00028_20251111_201850_597.png
BLUR,28.46,\\pc-max\D\docker\label-studio\media\upload\9\4cfd0eaf-anomaly_00098_20251111_202643_184.png
BLUR,28.46,\\pc-max\D\docker\label-studio\media\upload\9\6bb585ff-anomaly_00061_20251111_202424_630.png
BLUR,28.47,\\pc-max\D\docker\label-studio\media\upload\9\c5874637-anomaly_00033_20251111_201919_611.png
BLUR,28.49,\\pc-max\D\docker\label-studio\media\upload\9\9c7f65b2-anomaly_00005_20251109_143504_224.png
BLUR,28.49,\\pc-max\D\docker\label-studio\media\upload\9\d6903788-anomaly_00005_20251109_143504_224.png
BLUR,28.51,\\pc-max\D\docker\label-studio\media\upload\9\f1184449-anomaly_00179_20251110_082154_596.png
BLUR,28.52,\\pc-max\D\docker\label-studio\media\upload\9\0415fe77-anomaly_00127_20251113_084112_525.png
BLUR,28.55,\\pc-max\D\docker\label-studio\media\upload\9\03621752-anomaly_00002_20251109_143458_333.png
BLUR,28.55,\\pc-max\D\docker\label-studio\media\upload\9\1cf8aed5-anomaly_00002_20251109_143458_333.png
BLUR,28.57,\\pc-max\D\docker\label-studio\media\upload\9\668daec7-anomaly_00023_20251113_073317_746.png
BLUR,28.58,\\pc-max\D\docker\label-studio\media\upload\9\b87c0810-anomaly_00089_20251111_202549_425.png
BLUR,28.58,\\pc-max\D\docker\label-studio\media\upload\9\963f5632-anomaly_00067_20251111_202513_667.png
BLUR,28.59,\\pc-max\D\docker\label-studio\media\upload\9\112b8f0c-anomaly_00189_20251110_082658_605.png
BLUR,28.60,\\pc-max\D\docker\label-studio\media\upload\9\bacc714e-anomaly_00021_20251109_210934_310.png
BLUR,28.61,\\pc-max\D\docker\label-studio\media\upload\9\d01e807f-anomaly_00032_20251112_144607_621.png
BLUR,28.62,\\pc-max\D\docker\label-studio\media\upload\9\b181629f-anomaly_00166_20251110_082131_898.png
BLUR,28.63,\\pc-max\D\docker\label-studio\media\upload\9\eae1f32c-anomaly_00022_20251109_210959_140.png
BLUR,28.64,\\pc-max\D\docker\label-studio\media\upload\9\2d1910cd-anomaly_00004_20251109_143501_923.png
BLUR,28.64,\\pc-max\D\docker\label-studio\media\upload\9\91f5b0ef-anomaly_00004_20251109_143501_923.png
BLUR,28.66,\\pc-max\D\docker\label-studio\media\upload\9\18f25e30-anomaly_00030_20251112_144607_412.png
BLUR,28.67,\\pc-max\D\docker\label-studio\media\upload\9\08cc59a6-anomaly_00165_20251110_082131_747.png
BLUR,28.68,\\pc-max\D\docker\label-studio\media\upload\9\8da3f465-anomaly_00027_20251112_144606_922.png
BLUR,28.68,\\pc-max\D\docker\label-studio\media\upload\9\ca0db2a2-anomaly_00002_20251109_143938_522.png
BLUR,28.68,\\pc-max\D\docker\label-studio\media\upload\9\847f0f09-anomaly_00002_20251111_201245_668.png
BLUR,28.69,\\pc-max\D\docker\label-studio\media\upload\9\8ed2c904-anomaly_00003_20251109_143939_124.png
BLUR,28.70,\\pc-max\D\docker\label-studio\media\upload\9\d3ca0c02-anomaly_00167_20251110_082132_048.png
BLUR,28.71,\\pc-max\D\docker\label-studio\media\upload\9\5a388447-anomaly_00047_20251111_202202_465.png
BLUR,28.72,\\pc-max\D\docker\label-studio\media\upload\9\acfd1b90-anomaly_00007_20251111_201709_790.png
BLUR,28.74,\\pc-max\D\docker\label-studio\media\upload\9\4d93568c-anomaly_00064_20251111_202449_896.png
BLUR,28.74,\\pc-max\D\docker\label-studio\media\upload\9\e850edf2-anomaly_00019_20251109_194941_752.png
BLUR,28.74,\\pc-max\D\docker\label-studio\media\upload\9\8de87189-capture_20251112_143118_736.png
BLUR,28.75,\\pc-max\D\docker\label-studio\media\upload\9\f1b5c48e-anomaly_00021_20251111_201720_822.png
BLUR,28.76,\\pc-max\D\docker\label-studio\media\upload\9\00cd5dc4-capture_20251109_095719_580.png
BLUR,28.79,\\pc-max\D\docker\label-studio\media\upload\9\d5cf21e1-anomaly_00002_20251112_144507_829.png
BLUR,28.82,\\pc-max\D\docker\label-studio\media\upload\9\3208cdb1-capture_20251112_143118_945.png
BLUR,28.82,\\pc-max\D\docker\label-studio\media\upload\9\4fe7fb1a-anomaly_00062_20251111_202424_771.png
BLUR,28.83,\\pc-max\D\docker\label-studio\media\upload\9\d8ef405c-anomaly_00175_20251110_082153_990.png
BLUR,28.83,\\pc-max\D\docker\label-studio\media\upload\9\25e8152b-anomaly_00100_20251111_202643_589.png
BLUR,28.83,\\pc-max\D\docker\label-studio\media\upload\9\7be39824-anomaly_00164_20251110_082131_600.png
BLUR,28.84,\\pc-max\D\docker\label-studio\media\upload\9\55ffbb52-anomaly_00088_20251111_202549_289.png
BLUR,28.85,\\pc-max\D\docker\label-studio\media\upload\9\21c22ef1-anomaly_00099_20251111_202643_444.png
BLUR,28.85,\\pc-max\D\docker\label-studio\media\upload\9\fed9e16d-train_20251108_102536_892_3247.png
BLUR,28.88,\\pc-max\D\docker\label-studio\media\upload\9\357f0bb8-anomaly_00049_20251111_202240_220.png
BLUR,28.88,\\pc-max\D\docker\label-studio\media\upload\9\3ed32335-anomaly_00027_20251111_201842_847.png
BLUR,28.89,\\pc-max\D\docker\label-studio\media\upload\9\d6970a3d-capture_20251112_143118_570.png
BLUR,28.91,\\pc-max\D\docker\label-studio\media\upload\9\3524c8f5-anomaly_00095_20251113_081744_634.png
BLUR,28.91,\\pc-max\D\docker\label-studio\media\upload\9\47e8b4a8-anomaly_00001_20251113_072551_537.png
BLUR,28.91,\\pc-max\D\docker\label-studio\media\upload\9\b741d5d0-anomaly_00117_20251111_202740_230.png
BLUR,28.92,\\pc-max\D\docker\label-studio\media\upload\9\04d705fa-anomaly_00007_20251112_144508_707.png
BLUR,28.93,\\pc-max\D\docker\label-studio\media\upload\9\d2cb8190-anomaly_00013_20251112_144541_557.png
BLUR,28.93,\\pc-max\D\docker\label-studio\media\upload\9\28970c09-anomaly_00044_20251111_202119_097.png
BLUR,28.96,\\pc-max\D\docker\label-studio\media\upload\9\f5dce935-anomaly_00110_20251111_202719_600.png
BLUR,28.96,\\pc-max\D\docker\label-studio\media\upload\9\580ea5ac-anomaly_00056_20251111_202423_862.png
BLUR,28.97,\\pc-max\D\docker\label-studio\media\upload\9\a9e8811a-anomaly_00009_20251111_201710_553.png
BLUR,28.97,\\pc-max\D\docker\label-studio\media\upload\9\47d39c56-anomaly_00168_20251110_082132_212.png
BLUR,28.98,\\pc-max\D\docker\label-studio\media\upload\9\95e511eb-anomaly_00188_20251110_082658_453.png
BLUR,28.98,\\pc-max\D\docker\label-studio\media\upload\9\78dbed92-anomaly_00118_20251111_202740_425.png
BLUR,28.99,\\pc-max\D\docker\label-studio\media\upload\9\9572b8f8-anomaly_00180_20251110_082154_742.png
BLUR,28.99,\\pc-max\D\docker\label-studio\media\upload\9\3d8894fe-anomaly_00095_20251111_202629_500.png
BLUR,29.00,\\pc-max\D\docker\label-studio\media\upload\9\e210c8dd-anomaly_00058_20251111_202424_157.png
BLUR,29.00,\\pc-max\D\docker\label-studio\media\upload\9\ff95421a-anomaly_00023_20251112_144543_000.png
BLUR,29.00,\\pc-max\D\docker\label-studio\media\upload\9\81ab4fbe-anomaly_00015_20251112_144541_897.png
BLUR,29.01,\\pc-max\D\docker\label-studio\media\upload\9\40a699e6-anomaly_00017_20251113_072659_202.png
BLUR,29.01,\\pc-max\D\docker\label-studio\media\upload\9\09604f54-capture_20251109_142946_101.png
BLUR,29.02,\\pc-max\D\docker\label-studio\media\upload\9\e63ab82a-anomaly_00022_20251112_144542_903.png
BLUR,29.03,\\pc-max\D\docker\label-studio\media\upload\9\3c2615a0-anomaly_00031_20251111_201916_580.png
BLUR,29.05,\\pc-max\D\docker\label-studio\media\upload\9\73931e6a-anomaly_00030_20251111_201905_883.png
BLUR,29.05,\\pc-max\D\docker\label-studio\media\upload\9\31e55826-capture_20251109_142945_772.png
BLUR,29.06,\\pc-max\D\docker\label-studio\media\upload\9\7bb1b2ba-anomaly_00026_20251112_144606_732.png
BLUR,29.06,\\pc-max\D\docker\label-studio\media\upload\9\ea7998ef-anomaly_00025_20251112_144606_589.png
BLUR,29.08,\\pc-max\D\docker\label-studio\media\upload\9\4e227974-anomaly_00057_20251111_202424_002.png
BLUR,29.08,\\pc-max\D\docker\label-studio\media\upload\9\066fcb90-anomaly_00011_20251112_144509_277.png
BLUR,29.11,\\pc-max\D\docker\label-studio\media\upload\9\dcde736f-anomaly_00005_20251112_144508_218.png
BLUR,29.11,\\pc-max\D\docker\label-studio\media\upload\9\765370e9-anomaly_00018_20251111_201713_328.png
BLUR,29.11,\\pc-max\D\docker\label-studio\media\upload\9\0d857937-anomaly_00187_20251110_082658_253.png
BLUR,29.12,\\pc-max\D\docker\label-studio\media\upload\9\9b2bb2df-anomaly_00111_20251111_202739_125.png
BLUR,29.13,\\pc-max\D\docker\label-studio\media\upload\9\dcf67316-anomaly_00169_20251110_082132_363.png
BLUR,29.13,\\pc-max\D\docker\label-studio\media\upload\9\8963917e-anomaly_00106_20251111_202707_210.png
BLUR,29.13,\\pc-max\D\docker\label-studio\media\upload\9\08068442-anomaly_00015_20251111_201712_184.png
BLUR,29.14,\\pc-max\D\docker\label-studio\media\upload\9\3cb0f21b-anomaly_00014_20251112_144541_705.png
BLUR,29.14,\\pc-max\D\docker\label-studio\media\upload\9\85347f87-capture_20251109_141800_877.png
BLUR,29.14,\\pc-max\D\docker\label-studio\media\upload\9\defc7ae5-train_20251108_102539_056_0459.png
BLUR,29.15,\\pc-max\D\docker\label-studio\media\upload\9\96bf4435-anomaly_00059_20251111_202424_309.png
BLUR,29.15,\\pc-max\D\docker\label-studio\media\upload\9\7f45a762-capture_20251109_095937_554.png
BLUR,29.15,\\pc-max\D\docker\label-studio\media\upload\9\d2022dfd-anomaly_00114_20251111_202739_747.png
BLUR,29.15,\\pc-max\D\docker\label-studio\media\upload\9\67d1362d-anomaly_00021_20251112_144542_750.png
BLUR,29.15,\\pc-max\D\docker\label-studio\media\upload\9\5b78ce92-anomaly_00101_20251113_081925_968.png
BLUR,29.16,\\pc-max\D\docker\label-studio\media\upload\9\81db2116-anomaly_00019_20251112_144542_464.png
BLUR,29.18,\\pc-max\D\docker\label-studio\media\upload\9\2eabf1d1-anomaly_00092_20251111_202549_910.png
BLUR,29.21,\\pc-max\D\docker\label-studio\media\upload\9\1ae8cb0a-anomaly_00022_20251111_201733_428.png
BLUR,29.21,\\pc-max\D\docker\label-studio\media\upload\9\4fef4df8-anomaly_00009_20251112_144508_990.png
BLUR,29.22,\\pc-max\D\docker\label-studio\media\upload\9\d8b81c45-capture_20251109_142954_072.png
BLUR,29.24,\\pc-max\D\docker\label-studio\media\upload\9\0c036ef8-anomaly_00055_20251111_202423_557.png
BLUR,29.25,\\pc-max\D\docker\label-studio\media\upload\9\22cb5361-anomaly_00014_20251111_201711_977.png
BLUR,29.25,\\pc-max\D\docker\label-studio\media\upload\9\9f22e7c0-anomaly_00011_20251111_201711_497.png
BLUR,29.25,\\pc-max\D\docker\label-studio\media\upload\9\18908331-anomaly_00094_20251111_202550_313.png
BLUR,29.27,\\pc-max\D\docker\label-studio\media\upload\9\5d6c01b6-anomaly_00008_20251111_201710_131.png
BLUR,29.28,\\pc-max\D\docker\label-studio\media\upload\9\824c675d-anomaly_00204_20251110_084638_848.png
BLUR,29.28,\\pc-max\D\docker\label-studio\media\upload\9\0313afbd-anomaly_00013_20251109_210820_094.png
BLUR,29.29,\\pc-max\D\docker\label-studio\media\upload\9\7cf2b7b8-anomaly_00025_20251112_143118_170.png
BLUR,29.31,\\pc-max\D\docker\label-studio\media\upload\9\6f923137-anomaly_00093_20251111_202550_175.png
BLUR,29.33,\\pc-max\D\docker\label-studio\media\upload\9\30497121-anomaly_00113_20251111_202739_601.png
BLUR,29.36,\\pc-max\D\docker\label-studio\media\upload\9\46fe6649-anomaly_00012_20251111_201711_709.png
BLUR,29.37,\\pc-max\D\docker\label-studio\media\upload\9\c2a20907-anomaly_00008_20251112_144508_853.png
BLUR,29.37,\\pc-max\D\docker\label-studio\media\upload\9\141f7e08-anomaly_00020_20251112_144542_611.png
BLUR,29.38,\\pc-max\D\docker\label-studio\media\upload\9\792aa770-capture_20251109_153333_082.png
BLUR,29.39,\\pc-max\D\docker\label-studio\media\upload\9\1324ac83-anomaly_00119_20251111_202740_567.png
BLUR,29.40,\\pc-max\D\docker\label-studio\media\upload\9\f47f0790-capture_20251109_142945_292.png
BLUR,29.41,\\pc-max\D\docker\label-studio\media\upload\9\eeb06e09-capture_20251109_141800_302.png
BLUR,29.42,\\pc-max\D\docker\label-studio\media\upload\9\971b35ba-anomaly_00174_20251110_082153_827.png
BLUR,29.43,\\pc-max\D\docker\label-studio\media\upload\9\bf706fd0-anomaly_00086_20251111_202531_107.png
BLUR,29.43,\\pc-max\D\docker\label-studio\media\upload\9\3784f470-anomaly_00019_20251111_201715_564.png
BLUR,29.43,\\pc-max\D\docker\label-studio\media\upload\9\d56fe1ba-anomaly_00016_20251112_144542_033.png
BLUR,29.44,\\pc-max\D\docker\label-studio\media\upload\9\591400e4-capture_20251112_143118_195.png
BLUR,29.45,\\pc-max\D\docker\label-studio\media\upload\9\8f860691-anomaly_00005_20251111_201300_271.png
BLUR,29.45,\\pc-max\D\docker\label-studio\media\upload\9\9d972262-anomaly_00016_20251111_201712_350.png
BLUR,29.45,\\pc-max\D\docker\label-studio\media\upload\9\4ab8729f-anomaly_00091_20251111_202549_764.png
BLUR,29.45,\\pc-max\D\docker\label-studio\media\upload\9\656d6141-anomaly_00002_20251109_152228_214.png
BLUR,29.46,\\pc-max\D\docker\label-studio\media\upload\9\1a0acb80-capture_20251109_141801_064.png
BLUR,29.47,\\pc-max\D\docker\label-studio\media\upload\9\f3f8af61-anomaly_00115_20251111_202739_899.png
BLUR,29.47,\\pc-max\D\docker\label-studio\media\upload\9\bb5c8e3b-anomaly_00144_20251110_080312_819.png
BLUR,29.49,\\pc-max\D\docker\label-studio\media\upload\9\5de4f9bd-anomaly_00004_20251112_144508_119.png
BLUR,29.50,\\pc-max\D\docker\label-studio\media\upload\9\34805e20-anomaly_00008_20251109_141756_846.png
BLUR,29.51,\\pc-max\D\docker\label-studio\media\upload\9\12e6b9f1-anomaly_00013_20251111_201711_809.png
BLUR,29.51,\\pc-max\D\docker\label-studio\media\upload\9\b6b483fe-anomaly_00006_20251112_144508_570.png
BLUR,29.52,\\pc-max\D\docker\label-studio\media\upload\9\b744b86a-anomaly_00050_20251111_202240_488.png
BLUR,29.53,\\pc-max\D\docker\label-studio\media\upload\9\eceb9fa9-capture_20251109_143000_360.png
BLUR,29.54,\\pc-max\D\docker\label-studio\media\upload\9\d400eed1-anomaly_00054_20251111_202342_079.png
BLUR,29.56,\\pc-max\D\docker\label-studio\media\upload\9\18717c79-anomaly_00087_20251111_202531_245.png
BLUR,29.58,\\pc-max\D\docker\label-studio\media\upload\9\91f332e7-anomaly_00107_20251111_202715_152.png
BLUR,29.58,\\pc-max\D\docker\label-studio\media\upload\9\53c68b2f-anomaly_00018_20251112_144542_323.png
BLUR,29.62,\\pc-max\D\docker\label-studio\media\upload\9\80b439fa-anomaly_00036_20251111_201950_708.png
BLUR,29.62,\\pc-max\D\docker\label-studio\media\upload\9\5c6c8268-anomaly_00006_20251109_152232_257.png
BLUR,29.63,\\pc-max\D\docker\label-studio\media\upload\9\af405bf6-anomaly_00096_20251111_202630_108.png
BLUR,29.63,\\pc-max\D\docker\label-studio\media\upload\9\57a6eb4b-anomaly_00025_20251111_201841_629.png
BLUR,29.64,\\pc-max\D\docker\label-studio\media\upload\9\b0657769-anomaly_00032_20251111_201918_666.png
BLUR,29.64,\\pc-max\D\docker\label-studio\media\upload\9\97854370-anomaly_00090_20251111_202549_627.png
BLUR,29.64,\\pc-max\D\docker\label-studio\media\upload\9\3fd655c3-anomaly_00012_20251109_152135_585.png
BLUR,29.64,\\pc-max\D\docker\label-studio\media\upload\9\bd750067-anomaly_00003_20251112_144507_967.png
BLUR,29.65,\\pc-max\D\docker\label-studio\media\upload\9\46217c2b-train_20251108_102534_278_1823.png
BLUR,29.66,\\pc-max\D\docker\label-studio\media\upload\9\e0c43210-anomaly_00007_20251109_152232_858.png
BLUR,29.68,\\pc-max\D\docker\label-studio\media\upload\9\ee457d90-train_20251108_102559_635_4271.png
BLUR,29.68,\\pc-max\D\docker\label-studio\media\upload\9\fa1da1ac-anomaly_00035_20251111_201950_173.png
BLUR,29.68,\\pc-max\D\docker\label-studio\media\upload\9\82e95753-anomaly_00010_20251109_152134_558.png
BLUR,29.68,\\pc-max\D\docker\label-studio\media\upload\9\4952bc8f-anomaly_00037_20251111_202004_430.png
BLUR,29.68,\\pc-max\D\docker\label-studio\media\upload\9\51f4e9c7-anomaly_00026_20251112_142044_970.png
BLUR,29.69,\\pc-max\D\docker\label-studio\media\upload\9\fdeb7700-anomaly_00003_20251110_075537_992.png
BLUR,29.70,\\pc-max\D\docker\label-studio\media\upload\9\ade97914-train_20251108_102545_795_3563.png
BLUR,29.71,\\pc-max\D\docker\label-studio\media\upload\9\08f9352a-anomaly_00068_20251109_195819_504.png
BLUR,29.72,\\pc-max\D\docker\label-studio\media\upload\9\84eabaa6-anomaly_00009_20251109_152134_210.png
BLUR,29.72,\\pc-max\D\docker\label-studio\media\upload\9\f9396704-anomaly_00112_20251111_202739_400.png
BLUR,29.73,\\pc-max\D\docker\label-studio\media\upload\9\36ec91be-anomaly_00010_20251112_144509_133.png
BLUR,29.73,\\pc-max\D\docker\label-studio\media\upload\9\6f24c789-capture_20251109_142944_687.png
BLUR,29.73,\\pc-max\D\docker\label-studio\media\upload\9\c5de7402-capture_20251109_141746_339.png
BLUR,29.75,\\pc-max\D\docker\label-studio\media\upload\9\f5de36e3-capture_20251109_142943_798.png
BLUR,29.76,\\pc-max\D\docker\label-studio\media\upload\9\72deeb9c-capture_20251109_142943_310.png
BLUR,29.82,\\pc-max\D\docker\label-studio\media\upload\9\75a94e50-capture_20251109_095013_238.png
BLUR,29.83,\\pc-max\D\docker\label-studio\media\upload\9\a12a7a86-capture_20251109_142958_171.png
BLUR,29.84,\\pc-max\D\docker\label-studio\media\upload\9\95ef79ea-anomaly_00011_20251109_152135_159.png
BLUR,29.84,\\pc-max\D\docker\label-studio\media\upload\9\66af3957-anomaly_00017_20251112_144542_176.png
BLUR,29.85,\\pc-max\D\docker\label-studio\media\upload\9\b3f558eb-anomaly_00068_20251111_202517_104.png
BLUR,29.87,\\pc-max\D\docker\label-studio\media\upload\9\92a6845b-anomaly_00116_20251111_202740_040.png
BLUR,29.88,\\pc-max\D\docker\label-studio\media\upload\9\f361bcff-anomaly_00017_20251111_201712_563.png
BLUR,29.90,\\pc-max\D\docker\label-studio\media\upload\9\f36d9546-capture_20251109_142940_761.png
BLUR,29.91,\\pc-max\D\docker\label-studio\media\upload\9\e1b2da74-anomaly_00029_20251111_201851_261.png
BLUR,29.91,\\pc-max\D\docker\label-studio\media\upload\9\ad25304b-anomaly_00004_20251109_152230_235.png
BLUR,29.92,\\pc-max\D\docker\label-studio\media\upload\9\8d91340f-capture_20251109_142956_991.png
BLUR,29.93,\\pc-max\D\docker\label-studio\media\upload\9\f4f40212-capture_20251109_092530_468.png
BLUR,29.93,\\pc-max\D\docker\label-studio\media\upload\9\5a97b47c-anomaly_00003_20251109_152228_815.png
BLUR,29.94,\\pc-max\D\docker\label-studio\media\upload\9\eef46511-capture_20260116_174023_565.png
BLUR,29.95,\\pc-max\D\docker\label-studio\media\upload\9\c997ba80-anomaly_00003_20251111_201249_515.png
BLUR,29.95,\\pc-max\D\docker\label-studio\media\upload\9\f76a876c-anomaly_00079_20251111_202528_794.png
BLUR,29.97,\\pc-max\D\docker\label-studio\media\upload\9\8a11bcfc-anomaly_00013_20251109_152137_388.png
BLUR,29.97,\\pc-max\D\docker\label-studio\media\upload\9\8940163e-anomaly_00002_20251110_075537_655.png
BLUR,29.97,\\pc-max\D\docker\label-studio\media\upload\9\eb8be131-anomaly_00143_20251110_080312_533.png
BLUR,29.98,\\pc-max\D\docker\label-studio\media\upload\9\da3522d9-anomaly_00078_20251111_202528_689.png
BLUR,29.99,\\pc-max\D\docker\label-studio\media\upload\9\f509556f-anomaly_00205_20251110_084639_380.png
BLUR,30.01,\\pc-max\D\docker\label-studio\media\upload\9\2a3a3a50-anomaly_00124_20251110_080009_327.png
BLUR,30.01,\\pc-max\D\docker\label-studio\media\upload\9\48ffcf10-anomaly_00034_20251111_201943_172.png
BLUR,30.03,\\pc-max\D\docker\label-studio\media\upload\9\4ee1fca2-anomaly_00004_20251111_201256_905.png
BLUR,30.06,\\pc-max\D\docker\label-studio\media\upload\9\4ae3cb74-train_20251108_102543_491_6218.png
BLUR,30.06,\\pc-max\D\docker\label-studio\media\upload\9\441055cb-capture_20260116_175744_959.png
BLUR,30.07,\\pc-max\D\docker\label-studio\media\upload\9\ce708624-anomaly_00080_20251111_202528_954.png
BLUR,30.08,\\pc-max\D\docker\label-studio\media\upload\9\0fd6db8b-anomaly_00075_20251111_202528_353.png
BLUR,30.08,\\pc-max\D\docker\label-studio\media\upload\9\8cbb3055-anomaly_00005_20251109_152230_836.png
BLUR,30.08,\\pc-max\D\docker\label-studio\media\upload\9\e75c4c22-anomaly_00069_20251111_202527_536.png
BLUR,30.10,\\pc-max\D\docker\label-studio\media\upload\9\32f81119-anomaly_00026_20251111_201842_035.png
BLUR,30.12,\\pc-max\D\docker\label-studio\media\upload\9\71c9c3a2-train_20251108_102553_716_4146.png
BLUR,30.12,\\pc-max\D\docker\label-studio\media\upload\9\b3982401-anomaly_00126_20251110_080009_805.png
BLUR,30.13,\\pc-max\D\docker\label-studio\media\upload\9\7179ef56-anomaly_00052_20251111_202341_619.png
BLUR,30.13,\\pc-max\D\docker\label-studio\media\upload\9\44d5b81c-anomaly_00073_20251111_202528_051.png
BLUR,30.16,\\pc-max\D\docker\label-studio\media\upload\9\6b2fb51c-capture_20260116_212920_452.png
BLUR,30.16,\\pc-max\D\docker\label-studio\media\upload\9\221ac747-anomaly_00005_20251109_151333_182.png
BLUR,30.16,\\pc-max\D\docker\label-studio\media\upload\9\fe8f60e9-anomaly_00063_20251111_202448_017.png
BLUR,30.18,\\pc-max\D\docker\label-studio\media\upload\9\fcea4f3d-train_20251108_102556_059_3831.png
BLUR,30.19,\\pc-max\D\docker\label-studio\media\upload\9\2385f84a-capture_20251109_170015_475.png
BLUR,30.20,\\pc-max\D\docker\label-studio\media\upload\9\2f2d6f5a-anomaly_00004_20251110_075620_862.png
BLUR,30.22,\\pc-max\D\docker\label-studio\media\upload\9\20c555f0-anomaly_00085_20251111_202529_523.png
BLUR,30.22,\\pc-max\D\docker\label-studio\media\upload\9\de3f8fde-anomaly_00007_20251109_152130_697.png
BLUR,30.25,\\pc-max\D\docker\label-studio\media\upload\9\162b766d-anomaly_00076_20251111_202528_474.png
BLUR,30.26,\\pc-max\D\docker\label-studio\media\upload\9\64e08b11-train_20251108_102529_391_9430.png
BLUR,30.26,\\pc-max\D\docker\label-studio\media\upload\9\5e97407e-anomaly_00001_20251111_201245_534.png
BLUR,30.29,\\pc-max\D\docker\label-studio\media\upload\9\c036077b-anomaly_00083_20251111_202529_258.png
BLUR,30.29,\\pc-max\D\docker\label-studio\media\upload\9\3b38355a-anomaly_00084_20251111_202529_361.png
BLUR,30.29,\\pc-max\D\docker\label-studio\media\upload\9\8007911d-anomaly_00082_20251111_202529_155.png
BLUR,30.30,\\pc-max\D\docker\label-studio\media\upload\9\f0412e9c-train_20251108_102527_105_3090.png
BLUR,30.30,\\pc-max\D\docker\label-studio\media\upload\9\ae66efea-train_20251108_102523_755_6862.png
BLUR,30.33,\\pc-max\D\docker\label-studio\media\upload\9\bc065a27-anomaly_00077_20251111_202528_591.png
BLUR,30.34,\\pc-max\D\docker\label-studio\media\upload\9\619c3208-anomaly_00045_20251111_202159_629.png
BLUR,30.34,\\pc-max\D\docker\label-studio\media\upload\9\fb8ca806-train_20251108_102550_712_4293.png
BLUR,30.40,\\pc-max\D\docker\label-studio\media\upload\9\69efba30-anomaly_00034_20251109_152257_158.png
BLUR,30.41,\\pc-max\D\docker\label-studio\media\upload\9\bb647801-anomaly_00040_20251111_202015_343.png
BLUR,30.42,\\pc-max\D\docker\label-studio\media\upload\9\a7a9a4e4-anomaly_00081_20251111_202529_058.png
BLUR,30.43,\\pc-max\D\docker\label-studio\media\upload\9\261732f3-anomaly_00103_20251111_202702_765.png
BLUR,30.43,\\pc-max\D\docker\label-studio\media\upload\9\acdc7c4c-anomaly_00074_20251111_202528_203.png
BLUR,30.45,\\pc-max\D\docker\label-studio\media\upload\9\311e5637-anomaly_00041_20251109_152305_329.png
BLUR,30.47,\\pc-max\D\docker\label-studio\media\upload\9\cbaa3331-capture_20251109_141747_199.png
BLUR,30.47,\\pc-max\D\docker\label-studio\media\upload\9\a7a4eed9-capture_20251109_142938_178.png
BLUR,30.48,\\pc-max\D\docker\label-studio\media\upload\9\030bad46-anomaly_00008_20251109_152131_100.png
BLUR,30.50,\\pc-max\D\docker\label-studio\media\upload\9\f80f396c-anomaly_00125_20251110_080009_531.png
BLUR,30.51,\\pc-max\D\docker\label-studio\media\upload\9\c4698dde-anomaly_00040_20251109_152304_432.png
BLUR,30.51,\\pc-max\D\docker\label-studio\media\upload\9\477a40b1-anomaly_00071_20251111_202527_835.png
BLUR,30.54,\\pc-max\D\docker\label-studio\media\upload\9\a5e8ae9f-anomaly_00072_20251111_202527_937.png
BLUR,30.56,\\pc-max\D\docker\label-studio\media\upload\9\30f5e691-anomaly_00127_20251110_080009_995.png
BLUR,30.59,\\pc-max\D\docker\label-studio\media\upload\9\68c48bc8-train_20251108_102532_118_1327.png
BLUR,30.59,\\pc-max\D\docker\label-studio\media\upload\9\ad341c1a-anomaly_00141_20251110_080310_403.png
BLUR,30.59,\\pc-max\D\docker\label-studio\media\upload\9\56ae0ae0-train_20251108_102541_086_9926.png
BLUR,30.64,\\pc-max\D\docker\label-studio\media\upload\9\287cfa3c-anomaly_00005_20251110_075643_528.png
BLUR,30.65,\\pc-max\D\docker\label-studio\media\upload\9\1b1f84d8-anomaly_00130_20251110_080010_813.png
BLUR,30.65,\\pc-max\D\docker\label-studio\media\upload\9\165bc744-anomaly_00042_20251111_202015_676.png
BLUR,30.66,\\pc-max\D\docker\label-studio\media\upload\9\bd6f9266-anomaly_00123_20251110_080008_577.png
BLUR,30.67,\\pc-max\D\docker\label-studio\media\upload\9\753a064c-anomaly_00053_20251111_202341_772.png
BLUR,30.67,\\pc-max\D\docker\label-studio\media\upload\9\54e1e68a-train_20251108_102521_688_6841.png
BLUR,30.67,\\pc-max\D\docker\label-studio\media\upload\9\d43a36f8-anomaly_00006_20251109_152129_807.png
BLUR,30.74,\\pc-max\D\docker\label-studio\media\upload\9\ce2439e1-anomaly_00041_20251111_202015_484.png
BLUR,30.76,\\pc-max\D\docker\label-studio\media\upload\9\366b7d12-anomaly_00070_20251111_202527_682.png
BLUR,30.76,\\pc-max\D\docker\label-studio\media\upload\9\ff56a26a-anomaly_00039_20251109_152303_272.png
BLUR,30.78,\\pc-max\D\docker\label-studio\media\upload\9\4733bf7e-anomaly_00037_20251109_152301_220.png
BLUR,30.80,\\pc-max\D\docker\label-studio\media\upload\9\358f6d0b-anomaly_00038_20251111_202015_000.png
BLUR,30.85,\\pc-max\D\docker\label-studio\media\upload\9\6c595ba3-anomaly_00005_20251109_152129_263.png
BLUR,30.86,\\pc-max\D\docker\label-studio\media\upload\9\4322c4d2-anomaly_00035_20251109_152258_171.png
BLUR,30.86,\\pc-max\D\docker\label-studio\media\upload\9\56f071c6-anomaly_00033_20251109_152255_726.png
BLUR,30.86,\\pc-max\D\docker\label-studio\media\upload\9\386051d8-anomaly_00051_20251111_202341_410.png
BLUR,30.88,\\pc-max\D\docker\label-studio\media\upload\9\640b5b86-anomaly_00006_20251111_201346_953.png
BLUR,30.91,\\pc-max\D\docker\label-studio\media\upload\9\9da44019-anomaly_00038_20251109_152302_113.png
BLUR,30.92,\\pc-max\D\docker\label-studio\media\upload\9\797322a9-anomaly_00036_20251109_152259_190.png
BLUR,30.97,\\pc-max\D\docker\label-studio\media\upload\9\51669aec-anomaly_00019_20251109_151504_491.png
BLUR,30.98,\\pc-max\D\docker\label-studio\media\upload\9\93d9a2f6-anomaly_00101_20251111_202701_286.png
BLUR,30.99,\\pc-max\D\docker\label-studio\media\upload\9\f2caacef-anomaly_00129_20251110_080010_596.png
BLUR,31.03,\\pc-max\D\docker\label-studio\media\upload\9\4b45fc41-anomaly_00002_20251109_141743_995.png
BLUR,31.04,\\pc-max\D\docker\label-studio\media\upload\9\91feee86-anomaly_00105_20251111_202705_080.png
BLUR,31.05,\\pc-max\D\docker\label-studio\media\upload\9\0a0137b0-anomaly_00128_20251110_080010_204.png
BLUR,31.08,\\pc-max\D\docker\label-studio\media\upload\9\0ae37eab-anomaly_00025_20251110_191931_898.png
BLUR,31.10,\\pc-max\D\docker\label-studio\media\upload\9\d30dd78f-anomaly_00039_20251111_202015_204.png
BLUR,31.12,\\pc-max\D\docker\label-studio\media\upload\9\e7fb84b9-anomaly_00043_20251111_202015_816.png
BLUR,31.14,\\pc-max\D\docker\label-studio\media\upload\9\93b42709-anomaly_00001_20260125_144447_926.png
BLUR,31.15,\\pc-max\D\docker\label-studio\media\upload\9\037ffc28-train_20251108_102547_929_1652.png
BLUR,31.19,\\pc-max\D\docker\label-studio\media\upload\9\6a659510-capture_20251110_201442_684.png
BLUR,31.21,\\pc-max\D\docker\label-studio\media\upload\9\f5210b12-anomaly_00102_20251111_202701_422.png
BLUR,31.22,\\pc-max\D\docker\label-studio\media\upload\9\1cef9700-anomaly_00012_20251109_151450_299.png
BLUR,31.26,\\pc-max\D\docker\label-studio\media\upload\9\01012f71-anomaly_00104_20251111_202704_856.png
BLUR,31.26,\\pc-max\D\docker\label-studio\media\upload\9\9bb87372-anomaly_00018_20251109_151502_459.png
BLUR,31.27,\\pc-max\D\docker\label-studio\media\upload\9\c213bf19-anomaly_00014_20251109_151454_344.png
BLUR,31.29,\\pc-max\D\docker\label-studio\media\upload\9\dae8fdd3-anomaly_00001_20251109_141743_537.png
BLUR,31.36,\\pc-max\D\docker\label-studio\media\upload\9\8ced098e-capture_20251110_201830_327.png
BLUR,31.37,\\pc-max\D\docker\label-studio\media\upload\9\ad830c28-anomaly_00026_20251110_191932_433.png
BLUR,31.41,\\pc-max\D\docker\label-studio\media\upload\9\dd6b8583-anomaly_00017_20251109_151500_425.png
BLUR,31.44,\\pc-max\D\docker\label-studio\media\upload\9\97189ba0-capture_20251109_202537_133.png
BLUR,31.44,\\pc-max\D\docker\label-studio\media\upload\9\c38783d0-capture_20251109_202537_133.png
BLUR,31.48,\\pc-max\D\docker\label-studio\media\upload\9\c351c88f-capture_20251110_190515_063.png
BLUR,31.51,\\pc-max\D\docker\label-studio\media\upload\9\a5b282c8-anomaly_00015_20251109_151456_371.png
BLUR,31.52,\\pc-max\D\docker\label-studio\media\upload\9\1f13ab07-anomaly_00042_20251112_095322_622.png
BLUR,31.53,\\pc-max\D\docker\label-studio\media\upload\9\fdff2f39-capture_20251109_093140_115.png
BLUR,31.54,\\pc-max\D\docker\label-studio\media\upload\9\74fa7b8d-capture_20251109_183509_777.png
BLUR,31.56,\\pc-max\D\docker\label-studio\media\upload\9\6310d569-anomaly_00013_20251109_151452_312.png
BLUR,31.70,\\pc-max\D\docker\label-studio\media\upload\9\a35a10aa-anomaly_00016_20251109_151458_399.png
BLUR,31.72,\\pc-max\D\docker\label-studio\media\upload\9\34454519-capture_20251109_184006_737.png
BLUR,31.75,\\pc-max\D\docker\label-studio\media\upload\9\05d3c27e-capture_20251108_102115_211.png
BLUR,31.76,\\pc-max\D\docker\label-studio\media\upload\9\c9627ba6-anomaly_00005_20251112_092407_936.png
BLUR,31.98,\\pc-max\D\docker\label-studio\media\upload\9\3245c6db-capture_20251110_201417_653.png
BLUR,32.23,\\pc-max\D\docker\label-studio\media\upload\9\7d118aa1-capture_20251111_192402_338.png
BLUR,32.45,\\pc-max\D\docker\label-studio\media\upload\9\38e155ee-anomaly_00057_20251112_095335_143.png
BLUR,32.48,\\pc-max\D\docker\label-studio\media\upload\9\bb563cba-anomaly_00049_20251112_095238_282.png
BLUR,32.62,\\pc-max\D\docker\label-studio\media\upload\9\496914f1-capture_20251112_132346_030.png
BLUR,32.62,\\pc-max\D\docker\label-studio\media\upload\9\361321c6-anomaly_00004_20251109_152128_449.png
BLUR,32.69,\\pc-max\D\docker\label-studio\media\upload\9\4fdd6f0d-capture_20251111_193055_903.png
BLUR,32.70,\\pc-max\D\docker\label-studio\media\upload\9\7c497eeb-capture_20251111_193738_202.png
BLUR,32.74,\\pc-max\D\docker\label-studio\media\upload\9\434421cd-capture_20251111_192142_362.png
BLUR,32.78,\\pc-max\D\docker\label-studio\media\upload\9\c46031cd-capture_20251108_102051_262.png
BLUR,32.92,\\pc-max\D\docker\label-studio\media\upload\9\96efed06-capture_20251112_123913_414.png
BLUR,32.95,\\pc-max\D\docker\label-studio\media\upload\9\aff07c25-anomaly_00002_20251112_091745_871.png
BLUR,33.06,\\pc-max\D\docker\label-studio\media\upload\9\b7a9d795-capture_20251111_194013_137.png
BLUR,33.19,\\pc-max\D\docker\label-studio\media\upload\9\6c067a92-capture_20251108_101706_270.png
BLUR,33.19,\\pc-max\D\docker\label-studio\media\upload\9\96d64acc-capture_20251108_101706_270.png
BLUR,33.19,\\pc-max\D\docker\label-studio\media\upload\9\b106f2ac-capture_20251108_101706_270.png
BLUR,33.40,\\pc-max\D\docker\label-studio\media\upload\9\41bb4e4f-capture_20251110_185148_198.png
BLUR,33.72,\\pc-max\D\docker\label-studio\media\upload\9\e3005ff3-capture_20251110_185255_569.png
BLUR,33.77,\\pc-max\D\docker\label-studio\media\upload\9\255e14f9-capture_20251108_101654_997.png
BLUR,33.77,\\pc-max\D\docker\label-studio\media\upload\9\9d5a4f4c-capture_20251108_101654_997.png
BLUR,33.77,\\pc-max\D\docker\label-studio\media\upload\9\c7560e18-capture_20251108_101654_997.png
BLUR,34.02,\\pc-max\D\docker\label-studio\media\upload\9\106cd4a6-capture_20251109_203203_001.png
BLUR,34.02,\\pc-max\D\docker\label-studio\media\upload\9\2de3785e-capture_20251109_203203_001.png
BLUR,34.02,\\pc-max\D\docker\label-studio\media\upload\9\4a0b3ba6-capture_20251109_203203_001.png
BLUR,34.14,\\pc-max\D\docker\label-studio\media\upload\9\4dbdef8d-anomaly_00030_20251112_142058_463.png
BLUR,34.15,\\pc-max\D\docker\label-studio\media\upload\9\0dc2bb77-capture_20251108_101640_406.png
BLUR,34.15,\\pc-max\D\docker\label-studio\media\upload\9\123c36a7-capture_20251108_101640_406.png
BLUR,34.15,\\pc-max\D\docker\label-studio\media\upload\9\f814fa95-capture_20251109_092932_627.png
BLUR,34.24,\\pc-max\D\docker\label-studio\media\upload\9\152819ca-capture_20251108_102619_133.png
BLUR,34.27,\\pc-max\D\docker\label-studio\media\upload\9\b4ce68fb-anomaly_00079_20251112_095347_913.png
BLUR,34.34,\\pc-max\D\docker\label-studio\media\upload\9\cf19efe3-capture_20251112_095407_938.png
BLUR,34.41,\\pc-max\D\docker\label-studio\media\upload\9\115a4544-anomaly_00076_20251112_095347_229.png
BLUR,34.43,\\pc-max\D\docker\label-studio\media\upload\9\bc0ca833-anomaly_00121_20251111_203428_149.png
BLUR,34.44,\\pc-max\D\docker\label-studio\media\upload\9\bcd14be3-anomaly_00078_20251112_095347_615.png
BLUR,34.45,\\pc-max\D\docker\label-studio\media\upload\9\84ac5985-anomaly_00032_20251112_142104_923.png
BLUR,34.56,\\pc-max\D\docker\label-studio\media\upload\9\2ce8af94-anomaly_00033_20251112_142107_612.png
BLUR,34.70,\\pc-max\D\docker\label-studio\media\upload\9\8fe8f1f5-anomaly_00031_20251112_142100_885.png
BLUR,34.76,\\pc-max\D\docker\label-studio\media\upload\9\905be89d-anomaly_00122_20251111_203430_167.png
BLUR,34.83,\\pc-max\D\docker\label-studio\media\upload\9\396b1c86-capture_20251112_122748_381.png
BLUR,34.89,\\pc-max\D\docker\label-studio\media\upload\9\d8ae6c98-anomaly_00120_20251111_203425_735.png
BLUR,34.92,\\pc-max\D\docker\label-studio\media\upload\9\63020f5b-capture_20251110_185304_512.png
BLUR,34.98,\\pc-max\D\docker\label-studio\media\upload\9\10b107c4-anomaly_00071_20251112_095346_321.png
BLUR,35.43,\\pc-max\D\docker\label-studio\media\upload\9\bec25b0d-capture_20251112_120831_318.png
BLUR,35.46,\\pc-max\D\docker\label-studio\media\upload\9\7d28d10c-anomaly_00023_20251112_143115_950.png
BLUR,35.48,\\pc-max\D\docker\label-studio\media\upload\9\29d1ef12-capture_20251112_095407_467.png
BLUR,35.58,\\pc-max\D\docker\label-studio\media\upload\9\33cbebae-anomaly_00003_20251112_143050_023.png
BLUR,35.66,\\pc-max\D\docker\label-studio\media\upload\9\de7a718c-anomaly_00004_20251112_143050_348.png
BLUR,35.72,\\pc-max\D\docker\label-studio\media\upload\9\83f72282-anomaly_00001_20251112_091501_002.png
BLUR,35.74,\\pc-max\D\docker\label-studio\media\upload\9\b20b1f6b-anomaly_00013_20251112_143102_480.png
BLUR,35.78,\\pc-max\D\docker\label-studio\media\upload\9\1fa29857-anomaly_00002_20251112_132132_074.png
BLUR,35.81,\\pc-max\D\docker\label-studio\media\upload\9\303b0926-anomaly_00015_20251112_143104_503.png
BLUR,35.83,\\pc-max\D\docker\label-studio\media\upload\9\06e3c433-capture_20251108_102618_565.png
BLUR,35.86,\\pc-max\D\docker\label-studio\media\upload\9\9fdf5c73-anomaly_00016_20251112_143106_258.png
BLUR,35.89,\\pc-max\D\docker\label-studio\media\upload\9\c2be53b7-anomaly_00005_20251112_143052_372.png
BLUR,35.93,\\pc-max\D\docker\label-studio\media\upload\9\b09571bc-capture_20251112_123907_573.png
BLUR,35.96,\\pc-max\D\docker\label-studio\media\upload\9\0d0043f1-capture_20251110_185954_486.png
BLUR,35.96,\\pc-max\D\docker\label-studio\media\upload\9\0d164f46-capture_20251108_102616_651.png
BLUR,35.97,\\pc-max\D\docker\label-studio\media\upload\9\52b210f5-capture_20251108_102612_954.png
BLUR,36.00,\\pc-max\D\docker\label-studio\media\upload\9\28a8c85d-capture_20251110_184724_739.png
BLUR,36.01,\\pc-max\D\docker\label-studio\media\upload\9\63f96253-anomaly_00008_20251112_143056_423.png
BLUR,36.03,\\pc-max\D\docker\label-studio\media\upload\9\07234d13-capture_20251110_184009_865.png
BLUR,36.06,\\pc-max\D\docker\label-studio\media\upload\9\a57cd0ce-anomaly_00006_20251112_143054_403.png
BLUR,36.07,\\pc-max\D\docker\label-studio\media\upload\9\7e5646a6-anomaly_00017_20251112_143106_523.png
BLUR,36.09,\\pc-max\D\docker\label-studio\media\upload\9\14e1009b-capture_20251108_102615_283.png
BLUR,36.15,\\pc-max\D\docker\label-studio\media\upload\9\a0705af0-anomaly_00024_20251112_143116_625.png
BLUR,36.15,\\pc-max\D\docker\label-studio\media\upload\9\8102a071-anomaly_00012_20251112_143101_874.png
BLUR,36.19,\\pc-max\D\docker\label-studio\media\upload\9\cee22b03-anomaly_00009_20251112_143058_441.png
BLUR,36.21,\\pc-max\D\docker\label-studio\media\upload\9\c75a6448-anomaly_00019_20251112_143110_561.png
BLUR,36.21,\\pc-max\D\docker\label-studio\media\upload\9\f52af2f7-anomaly_00007_20251112_143055_816.png
BLUR,36.23,\\pc-max\D\docker\label-studio\media\upload\9\a30619b6-anomaly_00010_20251112_143058_845.png
BLUR,36.25,\\pc-max\D\docker\label-studio\media\upload\9\dfdba470-anomaly_00011_20251112_143100_461.png
BLUR,36.27,\\pc-max\D\docker\label-studio\media\upload\9\755d2d8d-anomaly_00022_20251112_143114_602.png
BLUR,36.27,\\pc-max\D\docker\label-studio\media\upload\9\c50d7058-anomaly_00021_20251112_143112_583.png
BLUR,36.27,\\pc-max\D\docker\label-studio\media\upload\9\c4eda77c-anomaly_00018_20251112_143108_543.png
BLUR,36.43,\\pc-max\D\docker\label-studio\media\upload\9\4af6fc24-anomaly_00020_20251112_143112_111.png
BLUR,36.43,\\pc-max\D\docker\label-studio\media\upload\9\1036e604-capture_20251111_200951_962.png
BLUR,36.51,\\pc-max\D\docker\label-studio\media\upload\9\9dff9912-capture_20251112_143106_978.png
BLUR,36.69,\\pc-max\D\docker\label-studio\media\upload\9\5402cc19-anomaly_00014_20251112_143103_895.png
BLUR,36.71,\\pc-max\D\docker\label-studio\media\upload\9\2d7b7cc3-capture_20251112_132717_546.png
BLUR,36.71,\\pc-max\D\docker\label-studio\media\upload\9\e536c553-capture_20251112_132932_049.png
BLUR,37.03,\\pc-max\D\docker\label-studio\media\upload\9\26317caa-capture_20251111_201107_136.png
BLUR,37.05,\\pc-max\D\docker\label-studio\media\upload\9\83276464-anomaly_00002_20251112_095104_838.png
BLUR,37.07,\\pc-max\D\docker\label-studio\media\upload\9\ebaec52d-capture_20251112_152849_028.png
BLUR,37.11,\\pc-max\D\docker\label-studio\media\upload\9\7dea5305-anomaly_00001_20251112_095133_398.png
BLUR,37.12,\\pc-max\D\docker\label-studio\media\upload\9\70da4ca6-anomaly_00022_20251112_153647_868.png
BLUR,37.12,\\pc-max\D\docker\label-studio\media\upload\9\02ffe87d-anomaly_00010_20251112_135816_483.png
BLUR,37.14,\\pc-max\D\docker\label-studio\media\upload\9\c9c9fb6e-anomaly_00001_20251112_095104_229.png
BLUR,37.26,\\pc-max\D\docker\label-studio\media\upload\9\5e687632-capture_20251112_132931_173.png
BLUR,37.31,\\pc-max\D\docker\label-studio\media\upload\9\48f15205-anomaly_00001_20251112_095214_955.png
BLUR,37.34,\\pc-max\D\docker\label-studio\media\upload\9\ac504481-anomaly_00003_20251112_135758_972.png
BLUR,37.36,\\pc-max\D\docker\label-studio\media\upload\9\4d3b1bdc-capture_20251112_132930_308.png
BLUR,37.43,\\pc-max\D\docker\label-studio\media\upload\9\6424300d-anomaly_00009_20251112_153603_585.png
BLUR,37.52,\\pc-max\D\docker\label-studio\media\upload\9\8266580e-capture_20251111_194550_113.png
BLUR,37.56,\\pc-max\D\docker\label-studio\media\upload\9\2200ab41-anomaly_00021_20251112_153646_995.png
BLUR,37.67,\\pc-max\D\docker\label-studio\media\upload\9\fd278050-anomaly_00027_20251112_124413_789.png
BLUR,37.69,\\pc-max\D\docker\label-studio\media\upload\9\2b3fdf6d-anomaly_00023_20251112_153648_744.png
BLUR,37.71,\\pc-max\D\docker\label-studio\media\upload\9\0558cb7a-capture_20251112_132928_209.png
BLUR,37.83,\\pc-max\D\docker\label-studio\media\upload\9\854ab830-anomaly_00018_20251112_153644_364.png
BLUR,37.88,\\pc-max\D\docker\label-studio\media\upload\9\e4d0c830-capture_20251112_121240_762.png
BLUR,37.91,\\pc-max\D\docker\label-studio\media\upload\9\2db5deeb-capture_20251112_121041_780.png
BLUR,37.96,\\pc-max\D\docker\label-studio\media\upload\9\ed189493-anomaly_00007_20251112_153601_029.png
BLUR,37.97,\\pc-max\D\docker\label-studio\media\upload\9\f0fc0cb6-anomaly_00025_20251112_124412_778.png
BLUR,37.98,\\pc-max\D\docker\label-studio\media\upload\9\c771265c-anomaly_00020_20251112_153646_182.png
BLUR,38.00,\\pc-max\D\docker\label-studio\media\upload\9\e3eabe93-capture_20251112_132926_502.png
BLUR,38.11,\\pc-max\D\docker\label-studio\media\upload\9\566db71c-anomaly_00019_20251112_153645_307.png
BLUR,38.12,\\pc-max\D\docker\label-studio\media\upload\9\d8150cb7-capture_20251112_132929_077.png
BLUR,38.17,\\pc-max\D\docker\label-studio\media\upload\9\1da7ff17-anomaly_00002_20251112_095259_171.png
BLUR,38.19,\\pc-max\D\docker\label-studio\media\upload\9\48b69d6e-anomaly_00014_20251112_153640_594.png
BLUR,38.20,\\pc-max\D\docker\label-studio\media\upload\9\cc4121fc-anomaly_00003_20251112_153558_808.png
BLUR,38.29,\\pc-max\D\docker\label-studio\media\upload\9\4755a08a-anomaly_00026_20251112_124413_183.png
BLUR,38.35,\\pc-max\D\docker\label-studio\media\upload\9\5d677c13-anomaly_00017_20251112_153643_560.png
BLUR,38.40,\\pc-max\D\docker\label-studio\media\upload\9\439125da-anomaly_00008_20251112_153602_173.png
BLUR,38.41,\\pc-max\D\docker\label-studio\media\upload\9\19ca71ba-capture_20251112_132709_736.png
BLUR,38.45,\\pc-max\D\docker\label-studio\media\upload\9\722bdd64-capture_20251111_194235_499.png
BLUR,38.46,\\pc-max\D\docker\label-studio\media\upload\9\9ae4fdf1-anomaly_00004_20251112_153559_209.png
BLUR,38.58,\\pc-max\D\docker\label-studio\media\upload\9\74f294a9-anomaly_00001_20251112_095257_153.png
BLUR,38.61,\\pc-max\D\docker\label-studio\media\upload\9\feaf6105-anomaly_00001_20251112_092112_353.png
BLUR,38.62,\\pc-max\D\docker\label-studio\media\upload\9\0239d4c3-anomaly_00002_20251112_092116_373.png
BLUR,38.62,\\pc-max\D\docker\label-studio\media\upload\9\cd11a3fb-anomaly_00021_20251112_124409_686.png
BLUR,38.67,\\pc-max\D\docker\label-studio\media\upload\9\e08ab19e-capture_20251112_120117_080.png
BLUR,38.68,\\pc-max\D\docker\label-studio\media\upload\9\992144b8-anomaly_00012_20251112_153638_642.png
BLUR,38.70,\\pc-max\D\docker\label-studio\media\upload\9\7db21c1d-anomaly_00018_20251112_124407_461.png
BLUR,38.70,\\pc-max\D\docker\label-studio\media\upload\9\f0fdcd1c-anomaly_00024_20251112_124412_104.png
BLUR,38.72,\\pc-max\D\docker\label-studio\media\upload\9\fc127f75-anomaly_00020_20251112_124409_011.png
BLUR,38.82,\\pc-max\D\docker\label-studio\media\upload\9\678b4c7a-anomaly_00022_20251112_124410_494.png
BLUR,38.99,\\pc-max\D\docker\label-studio\media\upload\9\20b896bc-anomaly_00016_20251112_153642_752.png
BLUR,39.06,\\pc-max\D\docker\label-studio\media\upload\9\ee694c76-anomaly_00012_20251112_124357_595.png
BLUR,39.06,\\pc-max\D\docker\label-studio\media\upload\9\c9e018fc-anomaly_00005_20251112_153559_615.png
BLUR,39.19,\\pc-max\D\docker\label-studio\media\upload\9\e386ee08-anomaly_00006_20251112_153600_290.png
BLUR,39.27,\\pc-max\D\docker\label-studio\media\upload\9\b41f21bd-anomaly_00015_20251112_153641_605.png
BLUR,39.69,\\pc-max\D\docker\label-studio\media\upload\9\4be75668-anomaly_00013_20251112_153639_517.png
BLUR,39.94,\\pc-max\D\docker\label-studio\media\upload\9\c701d1ae-capture_20251112_091515_336.png
BLUR,40.00,\\pc-max\D\docker\label-studio\media\upload\9\95c3c683-capture_20251112_091536_913.png
BLUR,40.01,\\pc-max\D\docker\label-studio\media\upload\9\b4f443a1-anomaly_00011_20251112_124356_362.png
BLUR,40.73,\\pc-max\D\docker\label-studio\media\upload\9\273a597d-anomaly_00002_20251112_124348_535.png
BLUR,40.78,\\pc-max\D\docker\label-studio\media\upload\9\edb50c38-anomaly_00001_20251112_124347_810.png
BLUR,40.84,\\pc-max\D\docker\label-studio\media\upload\9\2831be2c-anomaly_00007_20251112_124352_382.png
BLUR,40.84,\\pc-max\D\docker\label-studio\media\upload\9\ff38802d-capture_20251112_124352_974.png
BLUR,41.06,\\pc-max\D\docker\label-studio\media\upload\9\f215cd98-anomaly_00010_20251112_124355_016.png
BLUR,41.33,\\pc-max\D\docker\label-studio\media\upload\9\550f79a9-anomaly_00005_20251112_124350_363.png
BLUR,41.33,\\pc-max\D\docker\label-studio\media\upload\9\d186f649-anomaly_00006_20251112_124351_102.png
BLUR,41.36,\\pc-max\D\docker\label-studio\media\upload\9\fe5f4820-anomaly_00009_20251112_124354_003.png
BLUR,41.47,\\pc-max\D\docker\label-studio\media\upload\9\26db4ae2-anomaly_00004_20251112_124349_548.png
BLUR,41.83,\\pc-max\D\docker\label-studio\media\upload\9\4b0b4872-anomaly_00008_20251112_124353_069.png
BLUR,41.94,\\pc-max\D\docker\label-studio\media\upload\9\32a6f1b2-anomaly_00003_20251112_124348_874.png
BLUR,42.37,\\pc-max\D\docker\label-studio\media\upload\9\59365727-capture_20251112_095358_254.png
BLUR,49.62,\\pc-max\D\docker\label-studio\media\upload\9\1daa6ac5-capture_20260109_180241_333.png
BLUR,50.49,\\pc-max\D\docker\label-studio\media\upload\9\c5ddf1de-capture_20260109_172550_590.png
BLUR,51.16,\\pc-max\D\docker\label-studio\media\upload\9\bb721664-capture_20260109_172100_233.png
BLUR,51.39,\\pc-max\D\docker\label-studio\media\upload\9\4c2016b8-capture_20260109_172127_670.png
BLUR,51.63,\\pc-max\D\docker\label-studio\media\upload\9\d39443ae-capture_20260109_172439_524.png
BLUR,56.45,\\pc-max\D\docker\label-studio\media\upload\9\c7bb2036-e2a334f8-anomaly_00001_20260311_143330_411_paddy_Black_head_Color.png
BLUR,56.90,\\pc-max\D\docker\label-studio\media\upload\9\e2799391-anomaly_00011_20260311_100856_395_rice_worm.png
BLUR,56.90,\\pc-max\D\docker\label-studio\media\upload\9\61a8c6a5-1f4956ee-anomaly_00002_20260311_143457_452_paddy_Black_head_Color.png
BLUR,57.06,\\pc-max\D\docker\label-studio\media\upload\9\cd0d221b-anomaly_00001_20260311_174233_267_Rice_Weevil.png
BLUR,57.62,\\pc-max\D\docker\label-studio\media\upload\9\a4971732-anomaly_00001_20260311_180213_969_rice_worm.png
BLUR,58.08,\\pc-max\D\docker\label-studio\media\upload\9\b11cc581-anomaly_00005_20260311_174236_902_Rice_Weevil.png
BLUR,58.09,\\pc-max\D\docker\label-studio\media\upload\9\c2889a07-anomaly_00001_20260311_174234_112_Rice_Weevil.png
BLUR,58.14,\\pc-max\D\docker\label-studio\media\upload\9\e4ff3464-anomaly_00008_20260311_174238_303_Rice_Weevil.png
BLUR,58.30,\\pc-max\D\docker\label-studio\media\upload\9\c355bb7c-d12a35de-anomaly_00018_20260311_163125_654_Black_head.png
BLUR,58.33,\\pc-max\D\docker\label-studio\media\upload\9\ad824600-anomaly_00009_20260311_174239_105_Rice_Weevil.png
BLUR,58.36,\\pc-max\D\docker\label-studio\media\upload\9\a69ade85-anomaly_00004_20260313_090524_964_Black_head.png
BLUR,58.44,\\pc-max\D\docker\label-studio\media\upload\9\a7183ded-anomaly_00004_20260311_174236_214_Rice_Weevil.png
BLUR,58.52,\\pc-max\D\docker\label-studio\media\upload\9\87c18280-anomaly_00001_20260311_174234_999_Rice_Weevil_Model.png
BLUR,58.54,\\pc-max\D\docker\label-studio\media\upload\9\3ef1a88f-anomaly_00002_20260311_193031_183_Rice_Weevil_rice_worm.png
BLUR,58.61,\\pc-max\D\docker\label-studio\media\upload\9\19e5b515-anomaly_00002_20260311_174235_100_Rice_Weevil_Model.png
BLUR,58.64,\\pc-max\D\docker\label-studio\media\upload\9\37bcbc06-anomaly_00010_20260311_174239_604_Rice_Weevil.png
BLUR,58.78,\\pc-max\D\docker\label-studio\media\upload\9\e69f76bf-anomaly_00006_20260311_174237_498_Rice_Weevil.png
BLUR,58.86,\\pc-max\D\docker\label-studio\media\upload\9\4b67a1cf-anomaly_00012_20260311_174240_397_Rice_Weevil.png
BLUR,58.90,\\pc-max\D\docker\label-studio\media\upload\9\c21a786f-anomaly_00003_20260311_174235_600_Rice_Weevil_Model.png
BLUR,58.95,\\pc-max\D\docker\label-studio\media\upload\9\03d35754-anomaly_00012_20260311_192247_611_Black_head.png
BLUR,58.99,\\pc-max\D\docker\label-studio\media\upload\9\339a72ff-anomaly_00007_20260311_174237_999_Rice_Weevil.png
BLUR,59.02,\\pc-max\D\docker\label-studio\media\upload\9\b844b0ad-anomaly_00013_20260311_192247_819_Black_head.png
BLUR,59.03,\\pc-max\D\docker\label-studio\media\upload\9\55d8f627-anomaly_00011_20260311_192247_515_Black_head.png
BLUR,59.06,\\pc-max\D\docker\label-studio\media\upload\9\d45da7e1-anomaly_00011_20260311_174240_003_Rice_Weevil.png
BLUR,59.22,\\pc-max\D\docker\label-studio\media\upload\9\c14b7ac3-anomaly_00006_20260313_090525_155_Black_head.png
BLUR,59.31,\\pc-max\D\docker\label-studio\media\upload\9\899b534b-anomaly_00034_20260311_124623_918_Color.png
BLUR,59.41,\\pc-max\D\docker\label-studio\media\upload\9\a14ece6d-anomaly_00020_20260311_192254_780_Rice_Weevil.png
BLUR,59.86,\\pc-max\D\docker\label-studio\media\upload\9\3aa48a6e-anomaly_00033_20260311_124623_821_Color.png
BLUR,59.90,\\pc-max\D\docker\label-studio\media\upload\9\f77aa4d3-b18cae1d-anomaly_00042_20260311_154142_385_Lay_eggs.png
BLUR,59.99,\\pc-max\D\docker\label-studio\media\upload\9\245eebe7-capture_20260311_170734_537.png
BLUR,60.04,\\pc-max\D\docker\label-studio\media\upload\9\2b359e19-anomaly_00059_20260311_101441_253_rice_worm_Model.png
BLUR,60.04,\\pc-max\D\docker\label-studio\media\upload\9\cfa07ed4-anomaly_00059_20260311_101441_253_rice_worm_Model.png
BLUR,60.07,\\pc-max\D\docker\label-studio\media\upload\9\db5d2e72-anomaly_00056_20260311_173956_487_Stone.png
BLUR,60.12,\\pc-max\D\docker\label-studio\media\upload\9\1941ed5a-anomaly_00032_20260311_124623_725_Color.png
BLUR,60.14,\\pc-max\D\docker\label-studio\media\upload\9\4249027b-anomaly_00002_20260325_135159_444_Butterfly_Model.png
BLUR,60.17,\\pc-max\D\docker\label-studio\media\upload\9\5089d66a-a0f53bf4-anomaly_00083_20260311_155044_160_Color.png
BLUR,60.26,\\pc-max\D\docker\label-studio\media\upload\9\ce492131-anomaly_00137_20260314_125204_002_Rice_Weevil.png
BLUR,60.34,\\pc-max\D\docker\label-studio\media\upload\9\aaf0f269-anomaly_00003_20260325_134942_218_Black_head_Model.png
BLUR,60.42,\\pc-max\D\docker\label-studio\media\upload\9\dd617647-anomaly_00031_20260311_124623_629_Model_Color.png
BLUR,60.50,\\pc-max\D\docker\label-studio\media\upload\9\d99cfd09-bfeb2222-anomaly_00112_20260311_150102_450_Rice_Weevil.png
BLUR,60.54,\\pc-max\D\docker\label-studio\media\upload\9\3b4fd909-anomaly_00019_20260322_170024_964_rice_worm.png
BLUR,60.57,\\pc-max\D\docker\label-studio\media\upload\9\46a7d0da-anomaly_00138_20260314_125204_110_Rice_Weevil.png
BLUR,60.63,\\pc-max\D\docker\label-studio\media\upload\9\7d807217-d987409a-anomaly_00084_20260311_155044_250_Color.png
BLUR,60.65,\\pc-max\D\docker\label-studio\media\upload\9\9864ae4f-anomaly_00030_20260311_124623_518_Model_Color.png
BLUR,60.65,\\pc-max\D\docker\label-studio\media\upload\9\5cc9ec4f-13de2824-anomaly_00011_20260311_152838_366_Stone.png
BLUR,60.71,\\pc-max\D\docker\label-studio\media\upload\9\c931aec6-anomaly_00055_20260311_173956_392_Stone.png
BLUR,60.74,\\pc-max\D\docker\label-studio\media\upload\9\a0adaa40-469b80aa-anomaly_00113_20260311_150156_331_Rice_Weevil.png
BLUR,60.80,\\pc-max\D\docker\label-studio\media\upload\9\90a6e808-8a6f1c3e-anomaly_00003_20260311_144207_327_rice_worm_Color.png
BLUR,60.81,\\pc-max\D\docker\label-studio\media\upload\9\20301a19-anomaly_00136_20260314_125203_807_Rice_Weevil.png
BLUR,60.91,\\pc-max\D\docker\label-studio\media\upload\9\09bdf9e6-anomaly_00020_20260311_180238_692_rice_worm.png
BLUR,60.94,\\pc-max\D\docker\label-studio\media\upload\9\f2768a2b-c275cf9a-anomaly_00111_20260311_150101_552_Rice_Weevil.png
BLUR,60.94,\\pc-max\D\docker\label-studio\media\upload\9\9349fcf5-c755d204-anomaly_00109_20260311_150100_962_Rice_Weevil.png
BLUR,60.97,\\pc-max\D\docker\label-studio\media\upload\9\9daefa02-6717b8e8-capture_20260311_154222_382.png
BLUR,60.99,\\pc-max\D\docker\label-studio\media\upload\9\90c70c93-anomaly_00064_20260322_170029_654_rice_worm.png
BLUR,61.01,\\pc-max\D\docker\label-studio\media\upload\9\6cf5fa09-anomaly_00356_20260322_165722_514_rice_worm.png
BLUR,61.05,\\pc-max\D\docker\label-studio\media\upload\9\86810754-anomaly_00006_20260326_190219_446_rice_worm_Model.png
BLUR,61.08,\\pc-max\D\docker\label-studio\media\upload\9\69f3f7c1-0ba0c910-anomaly_00010_20260311_152641_262_Stone_Model.png
BLUR,61.09,\\pc-max\D\docker\label-studio\media\upload\9\adbf000b-anomaly_00029_20260311_124623_424_Model_Color.png
BLUR,61.12,\\pc-max\D\docker\label-studio\media\upload\9\2e7a8c13-4837d651-anomaly_00009_20260311_130755_390_Rice_Weevil_Model.png
BLUR,61.12,\\pc-max\D\docker\label-studio\media\upload\9\912550bd-anomaly_00002_20260328_130105_254_Stone_Color.png
BLUR,61.12,\\pc-max\D\docker\label-studio\media\upload\9\9e9e341f-anomaly_00051_20260311_173955_990_Stone_Model.png
BLUR,61.15,\\pc-max\D\docker\label-studio\media\upload\9\fdb71fc7-1fa5fb6c-anomaly_00007_20260311_164149_899_Rice_Weevil_Model.png
BLUR,61.16,\\pc-max\D\docker\label-studio\media\upload\9\546793c7-fad77060-anomaly_00004_20260311_164149_594_Rice_Weevil_Model.png
BLUR,61.17,\\pc-max\D\docker\label-studio\media\upload\9\84f95e53-e1dadab4-anomaly_00110_20260311_150101_058_Rice_Weevil.png
BLUR,61.18,\\pc-max\D\docker\label-studio\media\upload\9\f27cb3e1-db315e75-anomaly_00111_20260311_150102_354_Rice_Weevil.png
BLUR,61.25,\\pc-max\D\docker\label-studio\media\upload\9\9bf70d0e-anomaly_00005_20260326_190207_100_rice_worm_Model.png
BLUR,61.25,\\pc-max\D\docker\label-studio\media\upload\9\dc95b629-anomaly_00001_20260325_135706_018_Butterfly.png
BLUR,61.26,\\pc-max\D\docker\label-studio\media\upload\9\b76f3c7e-anomaly_00135_20260314_125203_717_Rice_Weevil_Black_head_Model_Color.png
BLUR,61.28,\\pc-max\D\docker\label-studio\media\upload\9\5b88adfa-4acd2afc-anomaly_00004_20260311_144304_949_rice_worm_Model_Color.png
BLUR,61.34,\\pc-max\D\docker\label-studio\media\upload\9\ede3b8fb-8750a00c-anomaly_00003_20260311_144304_844_rice_worm_Color.png
BLUR,61.34,\\pc-max\D\docker\label-studio\media\upload\9\4081c101-7ba2f7bf-anomaly_00010_20260311_130755_486_Rice_Weevil_Model.png
BLUR,61.34,\\pc-max\D\docker\label-studio\media\upload\9\bc3a0520-a06f65de-anomaly_00010_20260311_130755_486_Rice_Weevil_Model.png
BLUR,61.34,\\pc-max\D\docker\label-studio\media\upload\9\32489f9a-172aad56-anomaly_00006_20260311_164149_789_Rice_Weevil_Model.png
BLUR,61.37,\\pc-max\D\docker\label-studio\media\upload\9\125fc517-106b6404-anomaly_00149_20260311_155151_282_Black_head.png
BLUR,61.43,\\pc-max\D\docker\label-studio\media\upload\9\b52aa54b-anomaly_00002_20260325_134037_296_Black_head.png
BLUR,61.43,\\pc-max\D\docker\label-studio\media\upload\9\ea51b9c2-ca5c7ebf-anomaly_00073_20260311_162254_003_Butterfly_Color.png
BLUR,61.46,\\pc-max\D\docker\label-studio\media\upload\9\8ef50f9d-fab00d6c-anomaly_00002_20260311_152851_030_Stone.png
BLUR,61.47,\\pc-max\D\docker\label-studio\media\upload\9\ed938ace-anomaly_00041_20260311_173954_991_Stone_Model.png
BLUR,61.49,\\pc-max\D\docker\label-studio\media\upload\9\d6e8d5a1-anomaly_00001_20260325_135358_566_Black_head.png
BLUR,61.50,\\pc-max\D\docker\label-studio\media\upload\9\7b82ba74-anomaly_00124_20260311_180257_800_rice_worm_Model.png
BLUR,61.51,\\pc-max\D\docker\label-studio\media\upload\9\9daedd63-anomaly_00013_20260313_205458_528_Rice_Weevil_Model.png
BLUR,61.61,\\pc-max\D\docker\label-studio\media\upload\9\6f5b81ef-anomaly_00042_20260311_173955_088_Stone_Model.png
BLUR,61.63,\\pc-max\D\docker\label-studio\media\upload\9\e72ebfd0-a23e6ece-anomaly_00002_20260311_164149_387_Rice_Weevil_Model.png
BLUR,61.70,\\pc-max\D\docker\label-studio\media\upload\9\44042ef7-82d105db-anomaly_00003_20260311_152851_135_Stone.png
BLUR,61.71,\\pc-max\D\docker\label-studio\media\upload\9\653dc9f1-fc5f5a2a-anomaly_00193_20260311_150330_610_Black_head_Color.png
BLUR,61.74,\\pc-max\D\docker\label-studio\media\upload\9\45a85283-b78505ef-anomaly_00005_20260311_164149_690_Rice_Weevil_Model_Color.png
BLUR,61.75,\\pc-max\D\docker\label-studio\media\upload\9\5d66df74-anomaly_00001_20260325_151027_045_Stone.png
BLUR,61.75,\\pc-max\D\docker\label-studio\media\upload\9\944a2f7c-anomaly_00004_20260313_125947_947_Rice_Weevil.png
BLUR,61.76,\\pc-max\D\docker\label-studio\media\upload\9\4abf6d75-anomaly_00117_20260322_170036_334_rice_worm.png
BLUR,61.77,\\pc-max\D\docker\label-studio\media\upload\9\5caccc80-747e6a25-anomaly_00003_20260311_164149_505_Rice_Weevil_Model.png
BLUR,61.77,\\pc-max\D\docker\label-studio\media\upload\9\219b0131-anomaly_00004_20260311_193228_256_Black_head.png
BLUR,61.78,\\pc-max\D\docker\label-studio\media\upload\9\ee58904b-anomaly_00012_20260313_205458_330_Rice_Weevil_Model.png
BLUR,61.79,\\pc-max\D\docker\label-studio\media\upload\9\3ecea629-100b03b1-anomaly_00148_20260311_155150_978_Black_head_Color.png
BLUR,61.81,\\pc-max\D\docker\label-studio\media\upload\9\a047105e-f1163a44-anomaly_00042_20260311_152946_430_paddy_Color.png
BLUR,61.85,\\pc-max\D\docker\label-studio\media\upload\9\bbc128f3-anomaly_00157_20260322_170043_989_rice_worm.png
BLUR,61.87,\\pc-max\D\docker\label-studio\media\upload\9\85dae465-anomaly_00001_20260322_172751_775_Stone_Model.png
BLUR,61.87,\\pc-max\D\docker\label-studio\media\upload\9\c06b8aae-anomaly_00002_20260325_151027_160_Stone.png
BLUR,61.90,\\pc-max\D\docker\label-studio\media\upload\9\feaba1a8-anomaly_00111_20260311_180256_501_rice_worm.png
BLUR,61.90,\\pc-max\D\docker\label-studio\media\upload\9\67a3092c-6c0b83c6-anomaly_00129_20260311_150236_107_Rice_Weevil_Model.png
BLUR,61.92,\\pc-max\D\docker\label-studio\media\upload\9\7a5982bd-anomaly_00007_20260311_185424_197_Black_head.png
BLUR,61.96,\\pc-max\D\docker\label-studio\media\upload\9\2eb01c15-anomaly_00147_20260314_125235_138_Rice_Weevil_Model.png
BLUR,61.96,\\pc-max\D\docker\label-studio\media\upload\9\e1e3e0e0-anomaly_00170_20260322_170045_469_rice_worm_Model.png
BLUR,61.98,\\pc-max\D\docker\label-studio\media\upload\9\d49de780-f3be4408-anomaly_00043_20260311_152946_527_paddy_Color.png
BLUR,62.01,\\pc-max\D\docker\label-studio\media\upload\9\dba12f5b-anomaly_00013_20260311_181645_078_Lay_eggs.png
BLUR,62.01,\\pc-max\D\docker\label-studio\media\upload\9\d3337db5-05967647-anomaly_00004_20260311_152909_043_Stone_Model.png
BLUR,62.02,\\pc-max\D\docker\label-studio\media\upload\9\1eb681d5-anomaly_00012_20260418_141802_061_Color.png
BLUR,62.05,\\pc-max\D\docker\label-studio\media\upload\9\4798c8c6-anomaly_00005_20260326_193659_262_paddy.png
BLUR,62.05,\\pc-max\D\docker\label-studio\media\upload\9\49a3ac39-anomaly_00048_20260314_130548_954_Black_head.png
BLUR,62.05,\\pc-max\D\docker\label-studio\media\upload\9\9d9d4820-anomaly_00010_20260601_150245_632_Model_Color.png
BLUR,62.06,\\pc-max\D\docker\label-studio\media\upload\9\d9f2c253-anomaly_00146_20260314_125235_027_Rice_Weevil_Model.png
BLUR,62.07,\\pc-max\D\docker\label-studio\media\upload\9\28548f3a-anomaly_00126_20260311_180257_994_rice_worm.png
BLUR,62.10,\\pc-max\D\docker\label-studio\media\upload\9\e93bb40e-anomaly_00018_20260311_181654_115_Rice_Weevil.png
BLUR,62.11,\\pc-max\D\docker\label-studio\media\upload\9\b01b23b6-anomaly_00001_20260311_193216_513_rice_worm.png
BLUR,62.17,\\pc-max\D\docker\label-studio\media\upload\9\1d828afa-anomaly_00019_20260311_181654_228_Rice_Weevil.png
BLUR,62.18,\\pc-max\D\docker\label-studio\media\upload\9\6dcad17b-anomaly_00001_20260326_193658_866_paddy.png
BLUR,62.19,\\pc-max\D\docker\label-studio\media\upload\9\6f1de780-anomaly_00203_20260322_170107_364_paddy.png
BLUR,62.19,\\pc-max\D\docker\label-studio\media\upload\9\a7a41982-anomaly_00145_20260314_125234_931_Rice_Weevil_Model.png
BLUR,62.19,\\pc-max\D\docker\label-studio\media\upload\9\ff800454-dd3989a9-anomaly_00049_20260311_144137_491_rice_worm_Model_Color.png
BLUR,62.19,\\pc-max\D\docker\label-studio\media\upload\9\c756f140-anomaly_00012_20260313_125948_932_Rice_Weevil_Model.png
BLUR,62.26,\\pc-max\D\docker\label-studio\media\upload\9\3c19f6d9-anomaly_00017_20260326_193709_907_paddy.png
BLUR,62.26,\\pc-max\D\docker\label-studio\media\upload\9\4da9da4a-anomaly_00005_20260313_121539_827_Color.png
BLUR,62.27,\\pc-max\D\docker\label-studio\media\upload\9\c2b1c5e3-anomaly_00006_20260313_125948_132_Rice_Weevil_Model.png
BLUR,62.28,\\pc-max\D\docker\label-studio\media\upload\9\92ea86a7-e09f17b2-anomaly_00040_20260311_152946_224_paddy_Color.png
BLUR,62.28,\\pc-max\D\docker\label-studio\media\upload\9\9362aadc-anomaly_00105_20260327_130300_157_paddy.png
BLUR,62.30,\\pc-max\D\docker\label-studio\media\upload\9\221ec56a-anomaly_00015_20260326_193709_715_paddy.png
BLUR,62.31,\\pc-max\D\docker\label-studio\media\upload\9\5a984666-anomaly_00086_20260327_130254_088_paddy.png
BLUR,62.32,\\pc-max\D\docker\label-studio\media\upload\9\728fd6b2-dfe4cc94-anomaly_00039_20260311_152946_128_paddy_Color.png
BLUR,62.32,\\pc-max\D\docker\label-studio\media\upload\9\4eb66938-anomaly_00008_20260311_210531_085_Color.png
BLUR,62.33,\\pc-max\D\docker\label-studio\media\upload\9\835ce2ca-be0d9ac9-anomaly_00026_20260311_131325_480_Black_head.png
BLUR,62.35,\\pc-max\D\docker\label-studio\media\upload\9\563c2490-anomaly_00007_20260313_121540_020_paddy_Color.png
BLUR,62.36,\\pc-max\D\docker\label-studio\media\upload\9\99872b10-anomaly_00100_20260327_130259_171_Rice_Weevil_paddy_Model.png
BLUR,62.36,\\pc-max\D\docker\label-studio\media\upload\9\8be5e2ca-anomaly_00008_20260313_121540_119_paddy_Color.png
BLUR,62.36,\\pc-max\D\docker\label-studio\media\upload\9\04eac2a4-anomaly_00020_20260311_181654_324_Rice_Weevil.png
BLUR,62.37,\\pc-max\D\docker\label-studio\media\upload\9\aedb416d-anomaly_00005_20260326_192815_582_Rice_Weevil_Model.png
BLUR,62.37,\\pc-max\D\docker\label-studio\media\upload\9\1e315dd2-anomaly_00006_20260311_193237_827_Black_head.png
BLUR,62.39,\\pc-max\D\docker\label-studio\media\upload\9\2568448d-anomaly_00019_20260326_193710_098_paddy.png
BLUR,62.44,\\pc-max\D\docker\label-studio\media\upload\9\9ba81ba3-anomaly_00144_20260314_125234_835_Rice_Weevil_Model.png
BLUR,62.49,\\pc-max\D\docker\label-studio\media\upload\9\f91f0372-anomaly_00143_20260314_125234_738_Rice_Weevil_Model.png
BLUR,62.50,\\pc-max\D\docker\label-studio\media\upload\9\cf5738cd-anomaly_00009_20260326_193705_828_Black_head.png
BLUR,62.52,\\pc-max\D\docker\label-studio\media\upload\9\d89d48c7-anomaly_00010_20260313_121540_324_Color.png
BLUR,62.52,\\pc-max\D\docker\label-studio\media\upload\9\348929b9-anomaly_00026_20260313_205544_073_Rice_Weevil_Model.png
BLUR,62.53,\\pc-max\D\docker\label-studio\media\upload\9\e5743eaa-anomaly_00022_20260314_130158_761_Discolored_Grain.png
BLUR,62.53,\\pc-max\D\docker\label-studio\media\upload\9\7f806d57-29ce925b-anomaly_00041_20260311_152946_334_paddy_Color.png
BLUR,62.55,\\pc-max\D\docker\label-studio\media\upload\9\aa88f182-anomaly_00006_20260313_121539_925_paddy_Color.png
BLUR,62.61,\\pc-max\D\docker\label-studio\media\upload\9\0ac72143-anomaly_00005_20260311_210015_614_Color.png
BLUR,62.61,\\pc-max\D\docker\label-studio\media\upload\9\522c7dd1-anomaly_00048_20260325_142722_484_Stone_Model.png
BLUR,62.62,\\pc-max\D\docker\label-studio\media\upload\9\5feb7b34-4487a7c9-anomaly_00025_20260311_131325_382_Black_head.png
BLUR,62.62,\\pc-max\D\docker\label-studio\media\upload\9\07038913-anomaly_00040_20260325_090201_266_rice_worm_Rice_Weevil_Model.png
BLUR,62.63,\\pc-max\D\docker\label-studio\media\upload\9\966bd7d8-69c9d989-anomaly_00130_20260311_150236_216_Rice_Weevil_Model_Color.png
BLUR,62.65,\\pc-max\D\docker\label-studio\media\upload\9\dded57e7-anomaly_00006_20260311_185424_003_Black_head.png
BLUR,62.65,\\pc-max\D\docker\label-studio\media\upload\9\582681d9-anomaly_00122_20260321_215506_212_Rice_Weevil_Model.png
BLUR,62.66,\\pc-max\D\docker\label-studio\media\upload\9\aa15aa9e-anomaly_00084_20260314_124638_661_Color.png
BLUR,62.66,\\pc-max\D\docker\label-studio\media\upload\9\e10f1bb4-0f34e726-anomaly_00014_20260311_144032_272_Rice_Weevil.png
BLUR,62.69,\\pc-max\D\docker\label-studio\media\upload\9\8ae8dbe0-anomaly_00009_20260418_141641_229_Rice_straw_Color.png
BLUR,62.70,\\pc-max\D\docker\label-studio\media\upload\9\7f17cf43-capture_20260323_200610_923.png
BLUR,62.71,\\pc-max\D\docker\label-studio\media\upload\9\0ba465be-e1d12f1a-anomaly_00038_20260311_152946_037_paddy_Color.png
BLUR,62.72,\\pc-max\D\docker\label-studio\media\upload\9\6b0d7347-anomaly_00019_20260313_205543_373_Rice_Weevil_Model.png
BLUR,62.73,\\pc-max\D\docker\label-studio\media\upload\9\62cafd08-d6daa9bb-anomaly_00007_20260311_144030_879_paddy_Color.png
BLUR,62.74,\\pc-max\D\docker\label-studio\media\upload\9\8a8675e2-3825d05e-anomaly_00169_20260311_150302_176_Black_head.png
BLUR,62.74,\\pc-max\D\docker\label-studio\media\upload\9\b8f23378-anomaly_00007_20260314_125944_423_Discolored_Grain.png
BLUR,62.74,\\pc-max\D\docker\label-studio\media\upload\9\25fd977c-anomaly_00007_20260313_125948_227_Rice_Weevil_Model.png
BLUR,62.75,\\pc-max\D\docker\label-studio\media\upload\9\fc2e68b2-anomaly_00008_20260313_205457_935_Rice_Weevil_Model.png
BLUR,62.76,\\pc-max\D\docker\label-studio\media\upload\9\fa350081-anomaly_00012_20260326_193706_129_Black_head.png
BLUR,62.77,\\pc-max\D\docker\label-studio\media\upload\9\6b14d09e-anomaly_00028_20260418_141308_201_Rice_Weevil_Model.png
BLUR,62.77,\\pc-max\D\docker\label-studio\media\upload\9\76d41613-anomaly_00010_20260326_193705_922_Black_head.png
BLUR,62.78,\\pc-max\D\docker\label-studio\media\upload\9\bc17e6fb-anomaly_00014_20260326_193709_603_paddy.png
BLUR,62.78,\\pc-max\D\docker\label-studio\media\upload\9\a81f46f3-anomaly_00009_20260313_121540_235_Model_Color.png
BLUR,62.78,\\pc-max\D\docker\label-studio\media\upload\9\c7a4f8a0-anomaly_00008_20260418_141641_132_Color.png
BLUR,62.81,\\pc-max\D\docker\label-studio\media\upload\9\ca2c96a3-anomaly_00027_20260314_122429_336_Rice_Weevil_Model.png
BLUR,62.81,\\pc-max\D\docker\label-studio\media\upload\9\11dd88d6-anomaly_00067_20260327_130248_524_Rice_Weevil_Black_head_Model.png
BLUR,62.82,\\pc-max\D\docker\label-studio\media\upload\9\55295e27-anomaly_00017_20260311_181654_019_Rice_Weevil.png
BLUR,62.83,\\pc-max\D\docker\label-studio\media\upload\9\a33895eb-anomaly_00010_20260313_125948_531_Rice_Weevil_Model.png
BLUR,62.83,\\pc-max\D\docker\label-studio\media\upload\9\f281e8e8-anomaly_00022_20260311_175330_782_Black_head.png
BLUR,62.84,\\pc-max\D\docker\label-studio\media\upload\9\e09838c5-anomaly_00001_20260323_200226_771_Model.png
BLUR,62.86,\\pc-max\D\docker\label-studio\media\upload\9\e5ed6f76-anomaly_00046_20260325_142722_291_Stone_Model.png
BLUR,62.87,\\pc-max\D\docker\label-studio\media\upload\9\bb8b50d6-anomaly_00011_20260326_193706_034_Black_head.png
BLUR,62.88,\\pc-max\D\docker\label-studio\media\upload\9\5c28c062-anomaly_00069_20260325_154519_645_rice_worm_Model.png
BLUR,62.90,\\pc-max\D\docker\label-studio\media\upload\9\f4e423d9-anomaly_00045_20260311_174341_158_Color.png
BLUR,62.90,\\pc-max\D\docker\label-studio\media\upload\9\01a7b50c-anomaly_00134_20260314_125203_314_Rice_Weevil_Model.png
BLUR,62.90,\\pc-max\D\docker\label-studio\media\upload\9\bda5feec-bf7e811b-anomaly_00006_20260311_144030_782_paddy_Color.png
BLUR,62.90,\\pc-max\D\docker\label-studio\media\upload\9\f59c9b7f-anomaly_00026_20260314_122429_224_Rice_Weevil_Model.png
BLUR,62.90,\\pc-max\D\docker\label-studio\media\upload\9\f4ca5ee5-anomaly_00133_20260314_125202_821_Rice_Weevil_Model.png
BLUR,62.91,\\pc-max\D\docker\label-studio\media\upload\9\777c8818-anomaly_00005_20260313_125948_034_Rice_Weevil_Model.png
BLUR,62.93,\\pc-max\D\docker\label-studio\media\upload\9\d285ff0b-b4fdc4df-anomaly_00192_20260311_150330_415_Color.png
BLUR,62.95,\\pc-max\D\docker\label-studio\media\upload\9\37a42f44-anomaly_00040_20260313_205706_797_Rice_Weevil_Model.png
BLUR,62.96,\\pc-max\D\docker\label-studio\media\upload\9\9e40a09b-anomaly_00108_20260327_130300_447_Rice_Weevil_paddy_Model.png
BLUR,62.97,\\pc-max\D\docker\label-studio\media\upload\9\bb532edf-fac301a7-anomaly_00170_20260311_150302_272_Black_head.png
BLUR,62.98,\\pc-max\D\docker\label-studio\media\upload\9\8eeb8a82-anomaly_00061_20260327_130247_918_Black_head.png
BLUR,62.98,\\pc-max\D\docker\label-studio\media\upload\9\c30efa12-1ef61570-anomaly_00072_20260311_162253_892_Butterfly_Model_Color.png
BLUR,63.00,\\pc-max\D\docker\label-studio\media\upload\9\53ce3d9a-anomaly_00011_20260313_125948_627_Rice_Weevil_Model.png
BLUR,63.00,\\pc-max\D\docker\label-studio\media\upload\9\3eab40f4-anomaly_00059_20260325_154518_637_rice_worm.png
BLUR,63.00,\\pc-max\D\docker\label-studio\media\upload\9\4fffce65-anomaly_00009_20260313_125948_435_Rice_Weevil_Model.png
BLUR,63.02,\\pc-max\D\docker\label-studio\media\upload\9\5338ce7a-anomaly_00086_20260325_154521_322_rice_worm_Model.png
BLUR,63.03,\\pc-max\D\docker\label-studio\media\upload\9\1505af60-6f64d6b9-anomaly_00131_20260311_150236_310_Rice_Weevil_Model_Color.png
BLUR,63.06,\\pc-max\D\docker\label-studio\media\upload\9\24ff17ac-anomaly_00099_20260325_154522_618_rice_worm_Model.png
BLUR,63.08,\\pc-max\D\docker\label-studio\media\upload\9\200cdef2-anomaly_00025_20260313_205543_963_Rice_Weevil_Model.png
BLUR,63.11,\\pc-max\D\docker\label-studio\media\upload\9\d3521d19-anomaly_00003_20260328_113835_949_Stone.png
BLUR,63.12,\\pc-max\D\docker\label-studio\media\upload\9\c74769c9-anomaly_00008_20260312_212143_480_Rice_Weevil.png
BLUR,63.13,\\pc-max\D\docker\label-studio\media\upload\9\1a57a65e-anomaly_00097_20260327_130258_155_Rice_Weevil_Model.png
BLUR,63.14,\\pc-max\D\docker\label-studio\media\upload\9\5f02532e-anomaly_00075_20260325_142756_006_Rice_Weevil_Model.png
BLUR,63.14,\\pc-max\D\docker\label-studio\media\upload\9\a008c2e4-anomaly_00067_20260325_154519_436_rice_worm.png
BLUR,63.14,\\pc-max\D\docker\label-studio\media\upload\9\0bf065b9-anomaly_00097_20260326_190350_795_rice_worm_Rice_Weevil_Model.png
BLUR,63.14,\\pc-max\D\docker\label-studio\media\upload\9\a0a2013a-anomaly_00142_20260314_125234_628_Rice_Weevil_Model.png
BLUR,63.15,\\pc-max\D\docker\label-studio\media\upload\9\57e1f093-212c63e6-anomaly_00051_20260311_144137_684_rice_worm_Color.png
BLUR,63.15,\\pc-max\D\docker\label-studio\media\upload\9\e43b8ee8-anomaly_00041_20260313_205706_908_Rice_Weevil_Model.png
BLUR,63.17,\\pc-max\D\docker\label-studio\media\upload\9\f343fca9-anomaly_00459_20260322_165745_295_rice_worm.png
BLUR,63.18,\\pc-max\D\docker\label-studio\media\upload\9\962b6bd0-anomaly_00008_20260326_192815_882_Rice_Weevil_Model.png
BLUR,63.19,\\pc-max\D\docker\label-studio\media\upload\9\0b678132-41658093-anomaly_00191_20260311_150330_313_Color.png
BLUR,63.19,\\pc-max\D\docker\label-studio\media\upload\9\e3d9b6ed-anomaly_00008_20260313_125948_324_Rice_Weevil_Model.png
BLUR,63.20,\\pc-max\D\docker\label-studio\media\upload\9\39feae2c-anomaly_00029_20260325_091355_406_Rice_Weevil_Model.png
BLUR,63.21,\\pc-max\D\docker\label-studio\media\upload\9\b72aaad0-anomaly_00106_20260325_154523_321_rice_worm_Model.png
BLUR,63.22,\\pc-max\D\docker\label-studio\media\upload\9\a6392bc0-anomaly_00141_20260314_125234_531_Rice_Weevil_Model.png
BLUR,63.24,\\pc-max\D\docker\label-studio\media\upload\9\a3149a23-c8b16797-anomaly_00068_20260311_162253_510_Butterfly_Model_Color.png
BLUR,63.24,\\pc-max\D\docker\label-studio\media\upload\9\61d47e0d-0f5ebad2-anomaly_00132_20260311_150236_406_Rice_Weevil_Model.png
BLUR,63.25,\\pc-max\D\docker\label-studio\media\upload\9\b4258a86-anomaly_00019_20260314_122428_441_Rice_Weevil_Model.png
BLUR,63.25,\\pc-max\D\docker\label-studio\media\upload\9\8f7b495a-anomaly_00024_20260314_131428_458_Discolored_Grain.png
BLUR,63.27,\\pc-max\D\docker\label-studio\media\upload\9\18d1489c-anomaly_00096_20260326_190350_697_rice_worm_Rice_Weevil_Model.png
BLUR,63.28,\\pc-max\D\docker\label-studio\media\upload\9\18dbcfd0-anomaly_00020_20260314_122428_536_Rice_Weevil_Model.png
BLUR,63.31,\\pc-max\D\docker\label-studio\media\upload\9\916c849c-anomaly_00140_20260314_125234_434_Rice_Weevil_Model.png
BLUR,63.35,\\pc-max\D\docker\label-studio\media\upload\9\74a0c217-anomaly_00098_20260327_130258_269_Rice_Weevil_Model.png
BLUR,63.36,\\pc-max\D\docker\label-studio\media\upload\9\3558ff15-anomaly_00098_20260326_190350_888_rice_worm_Rice_Weevil_Model.png
BLUR,63.40,\\pc-max\D\docker\label-studio\media\upload\9\ca83842a-anomaly_00120_20260325_154524_712_rice_worm_Model.png
BLUR,63.41,\\pc-max\D\docker\label-studio\media\upload\9\1f9763a3-anomaly_00103_20260325_154523_017_rice_worm_Model.png
BLUR,63.42,\\pc-max\D\docker\label-studio\media\upload\9\113b06e2-anomaly_00003_20260325_154428_959_rice_worm.png
BLUR,63.42,\\pc-max\D\docker\label-studio\media\upload\9\49cd5be8-anomaly_00004_20260325_154428_984_rice_worm.png
BLUR,63.43,\\pc-max\D\docker\label-studio\media\upload\9\c1e55c21-69aedf5c-anomaly_00023_20260311_131325_189_Black_head.png
BLUR,63.43,\\pc-max\D\docker\label-studio\media\upload\9\8987658f-0f427a62-anomaly_00067_20260311_162253_399_Butterfly_Model_Color.png
BLUR,63.44,\\pc-max\D\docker\label-studio\media\upload\9\e1ebdbce-anomaly_00002_20260325_154403_777_rice_worm.png
BLUR,63.44,\\pc-max\D\docker\label-studio\media\upload\9\0789976a-anomaly_00021_20260314_122428_632_Rice_Weevil_Model.png
BLUR,63.44,\\pc-max\D\docker\label-studio\media\upload\9\ec17ba15-anomaly_00111_20260325_154523_817_rice_worm_Model.png
BLUR,63.47,\\pc-max\D\docker\label-studio\media\upload\9\51d1be8b-anomaly_00001_20260325_154403_665_rice_worm.png
BLUR,63.48,\\pc-max\D\docker\label-studio\media\upload\9\e742ca2b-anomaly_00024_20260314_122429_033_Rice_Weevil_Model.png
BLUR,63.49,\\pc-max\D\docker\label-studio\media\upload\9\a170a87a-a0f035a4-anomaly_00133_20260311_150236_508_Rice_Weevil_Model.png
BLUR,63.49,\\pc-max\D\docker\label-studio\media\upload\9\609fbc89-anomaly_00084_20260326_190331_495_rice_worm_Model.png
BLUR,63.49,\\pc-max\D\docker\label-studio\media\upload\9\4a67eccb-anomaly_00085_20260326_190331_606_rice_worm_Model.png
BLUR,63.49,\\pc-max\D\docker\label-studio\media\upload\9\34cf45b3-78e02fb1-anomaly_00134_20260311_150236_614_Rice_Weevil_Model.png
BLUR,63.53,\\pc-max\D\docker\label-studio\media\upload\9\c537bd7d-anomaly_00189_20260319_224323_500_Rice_Weevil_Model.png
BLUR,63.53,\\pc-max\D\docker\label-studio\media\upload\9\0e0578b3-anomaly_00025_20260314_122429_128_Rice_Weevil_Model.png
BLUR,63.56,\\pc-max\D\docker\label-studio\media\upload\9\4be1766f-anomaly_00023_20260314_122428_938_Rice_Weevil_Model.png
BLUR,63.59,\\pc-max\D\docker\label-studio\media\upload\9\4ce53ec8-anomaly_00139_20260314_125234_339_Rice_Weevil_Model.png
BLUR,63.59,\\pc-max\D\docker\label-studio\media\upload\9\0426ab00-anomaly_00056_20260313_122235_827_Rice_Weevil_Model.png
BLUR,63.59,\\pc-max\D\docker\label-studio\media\upload\9\b04ca8fa-anomaly_00057_20260325_142736_006_Rice_Weevil_Model.png
BLUR,63.59,\\pc-max\D\docker\label-studio\media\upload\9\23e6f940-911db9af-anomaly_00135_20260311_150236_711_Rice_Weevil_Model.png
BLUR,63.62,\\pc-max\D\docker\label-studio\media\upload\9\25630a3a-5a84991f-anomaly_00136_20260311_150236_807_Rice_Weevil_Model.png
BLUR,63.62,\\pc-max\D\docker\label-studio\media\upload\9\093d710c-anomaly_00022_20260314_122428_728_Rice_Weevil_Model.png
BLUR,63.65,\\pc-max\D\docker\label-studio\media\upload\9\7a9598c0-anomaly_00086_20260326_190331_704_Model.png
BLUR,63.68,\\pc-max\D\docker\label-studio\media\upload\9\c1575aeb-a82572ec-anomaly_00195_20260311_150332_206_paddy_Color.png
BLUR,63.69,\\pc-max\D\docker\label-studio\media\upload\9\796cb2a0-anomaly_00113_20260325_154524_010_rice_worm_Model.png
BLUR,63.70,\\pc-max\D\docker\label-studio\media\upload\9\310d8272-3e03813e-anomaly_00199_20260311_150332_595_paddy_Color.png
BLUR,63.70,\\pc-max\D\docker\label-studio\media\upload\9\7e8c0971-anomaly_00081_20260326_190331_208_rice_worm_Model.png
BLUR,63.70,\\pc-max\D\docker\label-studio\media\upload\9\c4150447-anomaly_00003_20260402_194058_311_Rice_Weevil_Model.png
BLUR,63.74,\\pc-max\D\docker\label-studio\media\upload\9\385bd0e9-anomaly_00001_20260403_205823_513_Rice_Weevil_Model.png
BLUR,63.74,\\pc-max\D\docker\label-studio\media\upload\9\ef47b340-anomaly_00021_20260311_175329_993_Black_head.png
BLUR,63.74,\\pc-max\D\docker\label-studio\media\upload\9\10803347-anomaly_00069_20260313_210627_629_paddy_Color.png
BLUR,63.77,\\pc-max\D\docker\label-studio\media\upload\9\293b2dbf-anomaly_00068_20260325_142750_441_Black_head.png
BLUR,63.78,\\pc-max\D\docker\label-studio\media\upload\9\73c90053-anomaly_00158_20260327_130321_233_Black_head.png
BLUR,63.80,\\pc-max\D\docker\label-studio\media\upload\9\60ced8dd-0213484e-anomaly_00201_20260311_150332_799_paddy_Color.png
BLUR,63.81,\\pc-max\D\docker\label-studio\media\upload\9\a665d2fc-anomaly_00053_20260325_142735_622_Butterfly_Model.png
BLUR,63.81,\\pc-max\D\docker\label-studio\media\upload\9\7e3da1b1-877a6b17-anomaly_00071_20260311_162253_796_Butterfly_Model_Color.png
BLUR,63.83,\\pc-max\D\docker\label-studio\media\upload\9\d45c291d-anomaly_00082_20260326_190331_305_rice_worm_Model.png
BLUR,63.83,\\pc-max\D\docker\label-studio\media\upload\9\b1d8f739-e0d59701-anomaly_00200_20260311_150332_703_paddy_Color.png
BLUR,63.84,\\pc-max\D\docker\label-studio\media\upload\9\da3242b0-anomaly_00003_20260313_145150_067_Stone_Model.png
BLUR,63.87,\\pc-max\D\docker\label-studio\media\upload\9\3fa664b9-anomaly_00005_20260329_201548_175_Rice_Weevil_Model.png
BLUR,63.87,\\pc-max\D\docker\label-studio\media\upload\9\f74a346b-anomaly_00004_20260402_194058_424_Rice_Weevil_Model.png
BLUR,63.87,\\pc-max\D\docker\label-studio\media\upload\9\850ee747-anomaly_00006_20260325_140159_728_Butterfly_Model.png
BLUR,63.87,\\pc-max\D\docker\label-studio\media\upload\9\686fd67f-anomaly_00071_20260417_174626_037_rice_worm.png
BLUR,63.87,\\pc-max\D\docker\label-studio\media\upload\9\e6e670f9-anomaly_00053_20260325_151244_966_Rice_Weevil_Model.png
BLUR,63.88,\\pc-max\D\docker\label-studio\media\upload\9\e2a5c62b-8ffb5c19-anomaly_00069_20260311_162253_605_Butterfly_Model_Color.png
BLUR,63.89,\\pc-max\D\docker\label-studio\media\upload\9\e5756fa8-anomaly_00049_20260314_124024_464_Color.png
BLUR,63.90,\\pc-max\D\docker\label-studio\media\upload\9\56dbd799-anomaly_00004_20260313_145150_178_Stone_Model.png
BLUR,63.90,\\pc-max\D\docker\label-studio\media\upload\9\6892a723-anomaly_00003_20260311_214324_251_Model.png
BLUR,63.91,\\pc-max\D\docker\label-studio\media\upload\9\3fe7394e-anomaly_00013_20260325_091300_320_Rice_Weevil_Model.png
BLUR,63.91,\\pc-max\D\docker\label-studio\media\upload\9\891b6601-anomaly_00122_20260326_194828_464_Rice_Weevil_Model.png
BLUR,63.93,\\pc-max\D\docker\label-studio\media\upload\9\07ecd37f-01d48ee7-anomaly_00197_20260311_150332_399_paddy_Color.png
BLUR,63.93,\\pc-max\D\docker\label-studio\media\upload\9\985fa183-anomaly_00067_20260325_142750_337_Black_head.png
BLUR,63.95,\\pc-max\D\docker\label-studio\media\upload\9\280d5597-anomaly_00009_20260325_091218_651_Rice_Weevil_Model.png
BLUR,63.96,\\pc-max\D\docker\label-studio\media\upload\9\8238440b-anomaly_00066_20260313_120303_308_Butterfly.png
BLUR,63.96,\\pc-max\D\docker\label-studio\media\upload\9\b2a7884b-anomaly_00026_20260311_205813_116_Black_head.png
BLUR,63.99,\\pc-max\D\docker\label-studio\media\upload\9\e3fdb7f3-anomaly_00082_20260325_142811_217_paddy.png
BLUR,64.00,\\pc-max\D\docker\label-studio\media\upload\9\0d671c78-anomaly_00041_20260325_154431_985_Stone_Model.png
BLUR,64.01,\\pc-max\D\docker\label-studio\media\upload\9\2cd7b994-anomaly_00151_20260327_130320_045_Rice_Weevil_Model.png
BLUR,64.02,\\pc-max\D\docker\label-studio\media\upload\9\81cdd8bd-anomaly_00422_20260322_165739_236_rice_worm.png
BLUR,64.02,\\pc-max\D\docker\label-studio\media\upload\9\0f4c1143-9433908a-anomaly_00198_20260311_150332_495_paddy_Color.png
BLUR,64.03,\\pc-max\D\docker\label-studio\media\upload\9\4f9638cd-anomaly_00054_20260313_072811_383_Rice_Weevil.png
BLUR,64.06,\\pc-max\D\docker\label-studio\media\upload\9\a58fe32d-anomaly_00069_20260325_142754_009_Butterfly.png
BLUR,64.06,\\pc-max\D\docker\label-studio\media\upload\9\eff63fc1-anomaly_00014_20260311_210022_689_Color.png
BLUR,64.10,\\pc-max\D\docker\label-studio\media\upload\9\76e141ed-81e61e91-anomaly_00196_20260311_150332_302_paddy_Color.png
BLUR,64.11,\\pc-max\D\docker\label-studio\media\upload\9\14cbd3dd-anomaly_00001_20260313_205452_175_Rice_Weevil_Model.png
BLUR,64.11,\\pc-max\D\docker\label-studio\media\upload\9\90a1d77a-anomaly_00065_20260313_120303_116_Lay_eggs.png
BLUR,64.12,\\pc-max\D\docker\label-studio\media\upload\9\b9686a43-anomaly_00079_20260313_175835_423_Rice_Weevil_Model.png
BLUR,64.13,\\pc-max\D\docker\label-studio\media\upload\9\d1eef263-anomaly_00012_20260311_214341_455_paddy.png
BLUR,64.14,\\pc-max\D\docker\label-studio\media\upload\9\e0b8c886-anomaly_00088_20260313_074833_854_paddy_Stone_Model_Color.png
BLUR,64.17,\\pc-max\D\docker\label-studio\media\upload\9\fa175580-anomaly_00039_20260314_123912_177_Discolored_Grain.png
BLUR,64.17,\\pc-max\D\docker\label-studio\media\upload\9\68563fb9-anomaly_00004_20260313_205452_455_Rice_Weevil_Model.png
BLUR,64.18,\\pc-max\D\docker\label-studio\media\upload\9\33201665-anomaly_00044_20260325_151240_780_Stone_Model.png
BLUR,64.19,\\pc-max\D\docker\label-studio\media\upload\9\0b02a2bc-anomaly_00100_20260326_190351_095_rice_worm_Rice_Weevil_Model.png
BLUR,64.20,\\pc-max\D\docker\label-studio\media\upload\9\053437db-anomaly_00023_20260322_191123_602_Rice_Weevil_Model.png
BLUR,64.20,\\pc-max\D\docker\label-studio\media\upload\9\fbd23708-anomaly_00055_20260313_072811_477_Rice_Weevil.png
BLUR,64.22,\\pc-max\D\docker\label-studio\media\upload\9\c207e97e-anomaly_00048_20260314_124024_371_Color.png
BLUR,64.22,\\pc-max\D\docker\label-studio\media\upload\9\0a30136e-anomaly_00083_20260326_190331_399_Model.png
BLUR,64.24,\\pc-max\D\docker\label-studio\media\upload\9\cdb8e356-anomaly_00032_20260322_191130_366_Black_head.png
BLUR,64.25,\\pc-max\D\docker\label-studio\media\upload\9\832d5e06-anomaly_00058_20260313_072811_782_Rice_Weevil_Model.png
BLUR,64.25,\\pc-max\D\docker\label-studio\media\upload\9\b372f201-anomaly_00057_20260313_072811_684_Rice_Weevil.png
BLUR,64.26,\\pc-max\D\docker\label-studio\media\upload\9\e53fb2c1-anomaly_00089_20260418_110854_867_Rice_Weevil_Model.png
BLUR,64.28,\\pc-max\D\docker\label-studio\media\upload\9\15002e19-anomaly_00080_20260326_190331_110_Model.png
BLUR,64.30,\\pc-max\D\docker\label-studio\media\upload\9\d73e77e9-anomaly_00002_20260402_194058_218_Rice_Weevil_Model.png
BLUR,64.31,\\pc-max\D\docker\label-studio\media\upload\9\1e68e952-anomaly_00046_20260314_124024_177_Color.png
BLUR,64.33,\\pc-max\D\docker\label-studio\media\upload\9\a657cdd3-anomaly_00163_20260327_130321_725_Black_head_Rice_Weevil.png
BLUR,64.33,\\pc-max\D\docker\label-studio\media\upload\9\aea942fe-anomaly_00042_20260325_154432_083_Stone_rice_worm_Model.png
BLUR,64.33,\\pc-max\D\docker\label-studio\media\upload\9\24d08b65-anomaly_00066_20260325_142750_140_Black_head.png
BLUR,64.34,\\pc-max\D\docker\label-studio\media\upload\9\9dc1080d-anomaly_00128_20260313_181927_232_paddy.png
BLUR,64.35,\\pc-max\D\docker\label-studio\media\upload\9\35a45649-anomaly_00018_20260311_210023_376_Color.png
BLUR,64.35,\\pc-max\D\docker\label-studio\media\upload\9\b391a2d6-anomaly_00056_20260325_151245_368_Rice_Weevil_Model.png
BLUR,64.35,\\pc-max\D\docker\label-studio\media\upload\9\07541c0b-anomaly_00013_20260601_153714_036_Model.png
BLUR,64.35,\\pc-max\D\docker\label-studio\media\upload\9\f9213d3a-anomaly_00010_20260311_210532_678_Color.png
BLUR,64.35,\\pc-max\D\docker\label-studio\media\upload\9\7d79d5f2-anomaly_00099_20260326_190350_998_rice_worm_Rice_Weevil_Model.png
BLUR,64.36,\\pc-max\D\docker\label-studio\media\upload\9\68c6551e-anomaly_00004_20260311_214324_548_Black_head_Model.png
BLUR,64.37,\\pc-max\D\docker\label-studio\media\upload\9\2e7287f5-anomaly_00072_20260325_142754_501_Model.png
BLUR,64.37,\\pc-max\D\docker\label-studio\media\upload\9\eabc564d-anomaly_00010_20260311_210020_894_Black_head.png
BLUR,64.37,\\pc-max\D\docker\label-studio\media\upload\9\087890cf-anomaly_00035_20260311_193431_772_Black_head.png
BLUR,64.40,\\pc-max\D\docker\label-studio\media\upload\9\61020953-anomaly_00010_20260313_211709_497_Black_head.png
BLUR,64.41,\\pc-max\D\docker\label-studio\media\upload\9\276909b7-anomaly_00013_20260311_214341_557_Butterfly.png
BLUR,64.43,\\pc-max\D\docker\label-studio\media\upload\9\c9bebda4-anomaly_00055_20260325_151245_280_Model.png
BLUR,64.44,\\pc-max\D\docker\label-studio\media\upload\9\edf6733d-anomaly_00061_20260325_142747_258_Stone_Model.png
BLUR,64.47,\\pc-max\D\docker\label-studio\media\upload\9\ca7e702a-anomaly_00071_20260325_142754_410_Butterfly_Model.png
BLUR,64.47,\\pc-max\D\docker\label-studio\media\upload\9\065f821f-anomaly_00028_20260322_191129_970_Black_head.png
BLUR,64.48,\\pc-max\D\docker\label-studio\media\upload\9\dc572109-anomaly_00091_20260326_194748_577_paddy.png
BLUR,64.48,\\pc-max\D\docker\label-studio\media\upload\9\e16f2178-anomaly_00047_20260314_124024_274_Color.png
BLUR,64.48,\\pc-max\D\docker\label-studio\media\upload\9\9f2ef4d1-anomaly_00050_20260314_124024_576_Color.png
BLUR,64.49,\\pc-max\D\docker\label-studio\media\upload\9\93ead88a-anomaly_00015_20260311_210023_094_Color.png
BLUR,64.49,\\pc-max\D\docker\label-studio\media\upload\9\f7e40534-anomaly_00021_20260313_205543_577_Rice_Weevil_Model.png
BLUR,64.50,\\pc-max\D\docker\label-studio\media\upload\9\7fe3026d-anomaly_00024_20260325_142711_822_Butterfly_rice_worm_Model.png
BLUR,64.51,\\pc-max\D\docker\label-studio\media\upload\9\a06d3181-anomaly_00008_20260417_161912_290_paddy_Color.png
BLUR,64.53,\\pc-max\D\docker\label-studio\media\upload\9\0d90b39b-anomaly_00026_20260325_142716_420_Black_head.png
BLUR,64.55,\\pc-max\D\docker\label-studio\media\upload\9\e301a020-anomaly_00058_20260323_181002_040_Rice_Weevil.png
BLUR,64.58,\\pc-max\D\docker\label-studio\media\upload\9\a9c99f7b-anomaly_00003_20260408_210948_518_Model.png
BLUR,64.59,\\pc-max\D\docker\label-studio\media\upload\9\43793bf5-anomaly_00016_20260311_210023_184_Butterfly_Color.png
BLUR,64.60,\\pc-max\D\docker\label-studio\media\upload\9\942a1653-anomaly_00053_20260313_072811_289_Rice_Weevil.png
BLUR,64.61,\\pc-max\D\docker\label-studio\media\upload\9\0a51cae4-anomaly_00013_20260323_161229_816_Rice_Weevil_Model.png
BLUR,64.63,\\pc-max\D\docker\label-studio\media\upload\9\37eeb3f3-anomaly_00039_20260319_222250_581_Rice_Weevil_Model.png
BLUR,64.65,\\pc-max\D\docker\label-studio\media\upload\9\2605799c-anomaly_00060_20260313_072811_973_Rice_Weevil.png
BLUR,64.65,\\pc-max\D\docker\label-studio\media\upload\9\56461f61-anomaly_00051_20260314_124024_673_Color.png
BLUR,64.66,\\pc-max\D\docker\label-studio\media\upload\9\f65e5a17-anomaly_00086_20260418_110854_580_Rice_Weevil_Model.png
BLUR,64.66,\\pc-max\D\docker\label-studio\media\upload\9\a2ce8f8c-anomaly_00001_20260328_150613_797_Rice_straw.png
BLUR,64.69,\\pc-max\D\docker\label-studio\media\upload\9\80777a7b-anomaly_00017_20260311_210023_280_Color.png
BLUR,64.69,\\pc-max\D\docker\label-studio\media\upload\9\f74fb2c0-anomaly_00096_20260313_123454_256_Rice_Weevil_Model.png
BLUR,64.70,\\pc-max\D\docker\label-studio\media\upload\9\aeef7bab-anomaly_00052_20260314_124024_769_Color.png
BLUR,64.71,\\pc-max\D\docker\label-studio\media\upload\9\81b12289-anomaly_00042_20260323_161547_899_Black_head.png
BLUR,64.72,\\pc-max\D\docker\label-studio\media\upload\9\57b9da64-anomaly_00047_20260326_194704_642_Stone_paddy.png
BLUR,64.74,\\pc-max\D\docker\label-studio\media\upload\9\5956a74b-anomaly_00056_20260313_072811_572_Rice_Weevil.png
BLUR,64.75,\\pc-max\D\docker\label-studio\media\upload\9\84f4a3a1-anomaly_00064_20260325_142747_546_Stone_Model.png
BLUR,64.76,\\pc-max\D\docker\label-studio\media\upload\9\5ad2ce12-anomaly_00002_20260325_142948_591_Rice_Weevil_Model.png
BLUR,64.76,\\pc-max\D\docker\label-studio\media\upload\9\d7ec33b4-anomaly_00038_20260319_222250_486_Rice_Weevil_Model.png
BLUR,64.78,\\pc-max\D\docker\label-studio\media\upload\9\8db1b196-anomaly_00059_20260325_142747_054_Stone.png
BLUR,64.79,\\pc-max\D\docker\label-studio\media\upload\9\1163eb6e-anomaly_00177_20260313_183137_890_Stone_Model.png
BLUR,64.82,\\pc-max\D\docker\label-studio\media\upload\9\45a6f48e-anomaly_00255_20260318_210827_442_Rice_Weevil_Model.png
BLUR,64.86,\\pc-max\D\docker\label-studio\media\upload\9\2d779db7-anomaly_00062_20260314_124315_105_Discolored_Grain.png
BLUR,64.86,\\pc-max\D\docker\label-studio\media\upload\9\fd2c11b4-anomaly_00060_20260325_142747_146_Stone_Model.png
BLUR,64.86,\\pc-max\D\docker\label-studio\media\upload\9\1ce5dade-anomaly_00072_20260325_151250_943_Black_head.png
BLUR,64.88,\\pc-max\D\docker\label-studio\media\upload\9\f3e205b9-anomaly_00007_20260325_140101_065_Butterfly.png
BLUR,64.89,\\pc-max\D\docker\label-studio\media\upload\9\7ae4d0ad-anomaly_00065_20260325_142747_659_Stone_Model.png
BLUR,64.89,\\pc-max\D\docker\label-studio\media\upload\9\9b66419b-anomaly_00079_20260325_151252_427_paddy_Model.png
BLUR,64.91,\\pc-max\D\docker\label-studio\media\upload\9\310fbb58-anomaly_00002_20260403_210043_433_Rice_Weevil_Model.png
BLUR,64.91,\\pc-max\D\docker\label-studio\media\upload\9\2d5bcb2c-anomaly_00043_20260326_203827_354_Black_head.png
BLUR,64.92,\\pc-max\D\docker\label-studio\media\upload\9\ad73a99f-anomaly_00192_20260313_074844_197_paddy_Stone_Model_Color.png
BLUR,64.95,\\pc-max\D\docker\label-studio\media\upload\9\ee36e5f0-anomaly_00076_20260325_151252_123_paddy.png
BLUR,64.97,\\pc-max\D\docker\label-studio\media\upload\9\15709a87-anomaly_00178_20260313_183138_008_Stone_Model.png
BLUR,64.99,\\pc-max\D\docker\label-studio\media\upload\9\e595f17e-anomaly_00022_20260327_180940_912_Rice_Weevil_Model.png
BLUR,65.00,\\pc-max\D\docker\label-studio\media\upload\9\9f238cd0-anomaly_00120_20260314_110522_059_Rice_Weevil_Model.png
BLUR,65.02,\\pc-max\D\docker\label-studio\media\upload\9\f47719e1-anomaly_00073_20260314_124537_600_Black_head.png
BLUR,65.05,\\pc-max\D\docker\label-studio\media\upload\9\22a71a22-anomaly_00066_20260325_151250_240_Black_head.png
BLUR,65.08,\\pc-max\D\docker\label-studio\media\upload\9\8f23a59d-anomaly_00001_20260323_141206_015_Black_head.png
BLUR,65.10,\\pc-max\D\docker\label-studio\media\upload\9\114cf8b2-anomaly_00091_20260322_191411_859_Rice_Weevil_Model.png
BLUR,65.11,\\pc-max\D\docker\label-studio\media\upload\9\6f21c1b7-anomaly_00044_20260325_154432_276_Stone_Model.png
BLUR,65.11,\\pc-max\D\docker\label-studio\media\upload\9\796ca7a7-anomaly_00047_20260325_154432_577_Stone_Model.png
BLUR,65.12,\\pc-max\D\docker\label-studio\media\upload\9\3e00ad29-anomaly_00058_20260311_193526_062_Black_head.png
BLUR,65.14,\\pc-max\D\docker\label-studio\media\upload\9\78b32177-anomaly_00047_20260311_193459_618_Black_head.png
BLUR,65.16,\\pc-max\D\docker\label-studio\media\upload\9\74f7622d-anomaly_00009_20260314_102532_044_Rice_Weevil.png
BLUR,65.16,\\pc-max\D\docker\label-studio\media\upload\9\710bbcfd-anomaly_00052_20260311_173452_069_Stone_Model.png
BLUR,65.20,\\pc-max\D\docker\label-studio\media\upload\9\46438f04-anomaly_00059_20260313_072811_877_Rice_Weevil.png
BLUR,65.21,\\pc-max\D\docker\label-studio\media\upload\9\0be7373d-anomaly_00092_20260326_194748_790_paddy.png
BLUR,65.22,\\pc-max\D\docker\label-studio\media\upload\9\f6f9e250-anomaly_00080_20260325_151252_524_paddy_Model.png
BLUR,65.23,\\pc-max\D\docker\label-studio\media\upload\9\366970e2-b49ef639-anomaly_00070_20260311_162253_702_Butterfly_Model_Color.png
BLUR,65.24,\\pc-max\D\docker\label-studio\media\upload\9\7971690d-anomaly_00001_20260602_204902_943_dust_clump.png
BLUR,65.24,\\pc-max\D\docker\label-studio\media\upload\9\3aa76be2-anomaly_00026_20260402_213234_241_Rice_Weevil_Model.png
BLUR,65.25,\\pc-max\D\docker\label-studio\media\upload\9\5038c3b8-anomaly_00250_20260313_124606_846_Rice_Weevil_Model.png
BLUR,65.25,\\pc-max\D\docker\label-studio\media\upload\9\a0e3f8d7-anomaly_00065_20260323_181004_629_Lay_eggs.png
BLUR,65.27,\\pc-max\D\docker\label-studio\media\upload\9\c41835e5-anomaly_00068_20260325_151250_442_Black_head.png
BLUR,65.29,\\pc-max\D\docker\label-studio\media\upload\9\136c95f1-anomaly_00013_20260314_102532_429_Rice_Weevil_Model.png
BLUR,65.30,\\pc-max\D\docker\label-studio\media\upload\9\7e4da0a3-anomaly_00034_20260326_194652_186_Stone_Model.png
BLUR,65.30,\\pc-max\D\docker\label-studio\media\upload\9\966e663d-anomaly_00057_20260311_193525_970_Black_head.png
BLUR,65.31,\\pc-max\D\docker\label-studio\media\upload\9\eda139f8-anomaly_00069_20260326_194732_981_Stone.png
BLUR,65.32,\\pc-max\D\docker\label-studio\media\upload\9\4461f28b-anomaly_00046_20260325_091710_108_Rice_Weevil_Model.png
BLUR,65.33,\\pc-max\D\docker\label-studio\media\upload\9\35a2259d-anomaly_00001_20260602_135904_809_Model.png
BLUR,65.33,\\pc-max\D\docker\label-studio\media\upload\9\c8295881-anomaly_00011_20260311_214341_256_Butterfly.png
BLUR,65.33,\\pc-max\D\docker\label-studio\media\upload\9\9b57db87-anomaly_00007_20260314_102531_838_Rice_Weevil_Model.png
BLUR,65.33,\\pc-max\D\docker\label-studio\media\upload\9\3ab5ba34-anomaly_00255_20260323_175659_235_Discolored_Grain.png
BLUR,65.33,\\pc-max\D\docker\label-studio\media\upload\9\7b8e2e4d-anomaly_00058_20260311_210201_235_Color.png
BLUR,65.35,\\pc-max\D\docker\label-studio\media\upload\9\96df1bcf-anomaly_00012_20260314_102532_337_Rice_Weevil_Model.png
BLUR,65.35,\\pc-max\D\docker\label-studio\media\upload\9\f9a5b4c2-anomaly_00170_20260327_130323_615_Seed.png
BLUR,65.37,\\pc-max\D\docker\label-studio\media\upload\9\558ee0d7-anomaly_00008_20260314_102531_932_Rice_Weevil_Model.png
BLUR,65.39,\\pc-max\D\docker\label-studio\media\upload\9\6ce3c73b-anomaly_00008_20260323_201815_902_Rice_Weevil_Model.png
BLUR,65.40,\\pc-max\D\docker\label-studio\media\upload\9\d43dbc9a-anomaly_00063_20260314_124315_202_Discolored_Grain.png
BLUR,65.41,\\pc-max\D\docker\label-studio\media\upload\9\a135ca1e-anomaly_00014_20260420_160634_401_Rice_Weevil.png
BLUR,65.41,\\pc-max\D\docker\label-studio\media\upload\9\978b2862-anomaly_00004_20260325_142948_788_Rice_Weevil_Model.png
BLUR,65.42,\\pc-max\D\docker\label-studio\media\upload\9\b1a2e563-anomaly_00163_20260322_165656_969_rice_worm.png
BLUR,65.42,\\pc-max\D\docker\label-studio\media\upload\9\7eb97e4e-anomaly_00070_20260325_151250_635_Black_head.png
BLUR,65.43,\\pc-max\D\docker\label-studio\media\upload\9\4c7186f5-anomaly_00003_20260328_161803_828_Rice_Weevil_Model.png
BLUR,65.44,\\pc-max\D\docker\label-studio\media\upload\9\6adcc96c-anomaly_00010_20260311_214339_958_Black_head.png
BLUR,65.45,\\pc-max\D\docker\label-studio\media\upload\9\ec127096-anomaly_00072_20260314_124537_300_Black_head.png
BLUR,65.46,\\pc-max\D\docker\label-studio\media\upload\9\8b215f2e-anomaly_00115_20260314_110521_566_Rice_Weevil_Model.png
BLUR,65.46,\\pc-max\D\docker\label-studio\media\upload\9\3f4798ec-anomaly_00031_20260311_205841_144_Black_head.png
BLUR,65.47,\\pc-max\D\docker\label-studio\media\upload\9\3c88db59-anomaly_00007_20260325_142949_089_Stone_Model.png
BLUR,65.47,\\pc-max\D\docker\label-studio\media\upload\9\f43f4e01-anomaly_00093_20260312_203626_424_Color.png
BLUR,65.49,\\pc-max\D\docker\label-studio\media\upload\9\d2c4d7db-anomaly_00015_20260323_201816_793_Rice_Weevil_Model.png
BLUR,65.51,\\pc-max\D\docker\label-studio\media\upload\9\f5962584-anomaly_00083_20260322_191359_326_Black_head.png
BLUR,65.51,\\pc-max\D\docker\label-studio\media\upload\9\22267669-anomaly_00025_20260327_180941_218_Rice_Weevil_Model.png
BLUR,65.54,\\pc-max\D\docker\label-studio\media\upload\9\286e1772-anomaly_00063_20260325_151249_451_Stone_Model.png
BLUR,65.54,\\pc-max\D\docker\label-studio\media\upload\9\a8539bb0-anomaly_00063_20260325_151249_451_Stone_Model.png
BLUR,65.55,\\pc-max\D\docker\label-studio\media\upload\9\ca5a9cbd-anomaly_00036_20260322_191152_443_Model.png
BLUR,65.55,\\pc-max\D\docker\label-studio\media\upload\9\41517d37-anomaly_00060_20260325_105317_197_Rice_Weevil_Model.png
BLUR,65.55,\\pc-max\D\docker\label-studio\media\upload\9\3edf5a36-anomaly_00053_20260311_173452_185_Stone.png
BLUR,65.57,\\pc-max\D\docker\label-studio\media\upload\9\a73b47e7-anomaly_00075_20260318_194943_758_Rice_Weevil_Model.png
BLUR,65.57,\\pc-max\D\docker\label-studio\media\upload\9\2255658e-anomaly_00001_20260602_150056_881_dust_clump_Color.png
BLUR,65.60,\\pc-max\D\docker\label-studio\media\upload\9\a43534db-anomaly_00114_20260314_110521_473_Rice_Weevil_Model.png
BLUR,65.61,\\pc-max\D\docker\label-studio\media\upload\9\7bd660c1-anomaly_00059_20260325_151249_051_Stone_Model.png
BLUR,65.61,\\pc-max\D\docker\label-studio\media\upload\9\883dd676-anomaly_00010_20260314_102532_139_Rice_Weevil_Model.png
BLUR,65.64,\\pc-max\D\docker\label-studio\media\upload\9\1de2a246-anomaly_00002_20260405_192053_624_Rice_Weevil.png
BLUR,65.64,\\pc-max\D\docker\label-studio\media\upload\9\46c12750-anomaly_00059_20260311_193526_275_Black_head.png
BLUR,65.65,\\pc-max\D\docker\label-studio\media\upload\9\d389a08b-anomaly_00131_20260322_194616_355_Rice_Weevil_Model.png
BLUR,65.65,\\pc-max\D\docker\label-studio\media\upload\9\0f4f9ac8-anomaly_00119_20260314_110521_962_Rice_Weevil_Model.png
BLUR,65.66,\\pc-max\D\docker\label-studio\media\upload\9\26e84556-anomaly_00095_20260326_194812_148_Stone.png
BLUR,65.67,\\pc-max\D\docker\label-studio\media\upload\9\421d1af4-anomaly_00030_20260402_164804_409_Rice_Weevil_Model.png
BLUR,65.68,\\pc-max\D\docker\label-studio\media\upload\9\e551e231-anomaly_00001_20260405_141741_593_Rice_Weevil_Model.png
BLUR,65.69,\\pc-max\D\docker\label-studio\media\upload\9\73d0cf42-anomaly_00067_20260314_103439_136_Discolored_Grain.png
BLUR,65.69,\\pc-max\D\docker\label-studio\media\upload\9\78ae5d50-anomaly_00107_20260323_181203_538_Discolored_Grain.png
BLUR,65.71,\\pc-max\D\docker\label-studio\media\upload\9\414f26ca-anomaly_00001_20260323_183734_264_rice_worm.png
BLUR,65.72,\\pc-max\D\docker\label-studio\media\upload\9\657a4957-anomaly_00224_20260323_175614_297_Rice_partial_mill.png
BLUR,65.73,\\pc-max\D\docker\label-studio\media\upload\9\eb2dc2a5-anomaly_00023_20260311_210615_643_Rice_Weevil.png
BLUR,65.75,\\pc-max\D\docker\label-studio\media\upload\9\08651e4b-anomaly_00049_20260326_203829_346_Black_head.png
BLUR,65.77,\\pc-max\D\docker\label-studio\media\upload\9\0893af41-anomaly_00002_20260314_095850_808_Rice_Weevil_Model.png
BLUR,65.78,\\pc-max\D\docker\label-studio\media\upload\9\4306d08b-anomaly_00001_20260314_095850_719_Rice_Weevil_Model.png
BLUR,65.79,\\pc-max\D\docker\label-studio\media\upload\9\0e8de561-anomaly_00034_20260318_194247_826_Rice_Weevil_Model.png
BLUR,65.80,\\pc-max\D\docker\label-studio\media\upload\9\41ad6987-anomaly_00219_20260323_175613_800_Rice_partial_mill.png
BLUR,65.81,\\pc-max\D\docker\label-studio\media\upload\9\bef09f7a-anomaly_00011_20260323_201816_297_Rice_Weevil_Model.png
BLUR,65.82,\\pc-max\D\docker\label-studio\media\upload\9\c0bc824e-anomaly_00011_20260314_102532_236_Rice_Weevil_Model.png
BLUR,65.83,\\pc-max\D\docker\label-studio\media\upload\9\c1f0993b-anomaly_00084_20260314_110057_268_Discolored_Grain.png
BLUR,65.84,\\pc-max\D\docker\label-studio\media\upload\9\9f44acf7-anomaly_00054_20260311_173616_044_Stone_Model.png
BLUR,65.86,\\pc-max\D\docker\label-studio\media\upload\9\4b8160e8-524d7b95-anomaly_00147_20260311_153258_641_Stone_Model_Color.png
BLUR,65.88,\\pc-max\D\docker\label-studio\media\upload\9\9a19fa06-anomaly_00362_20260318_213545_753_Rice_Weevil_Model.png
BLUR,65.88,\\pc-max\D\docker\label-studio\media\upload\9\ad7b8ef8-anomaly_00027_20260312_205728_131_Discolored_Grain_Black_head.png
BLUR,65.91,\\pc-max\D\docker\label-studio\media\upload\9\048df9a9-anomaly_00032_20260326_203745_007_paddy.png
BLUR,65.92,\\pc-max\D\docker\label-studio\media\upload\9\a6e4ef2e-anomaly_00114_20260322_191509_730_Rice_Weevil_Model.png
BLUR,65.93,\\pc-max\D\docker\label-studio\media\upload\9\fc53dd5c-anomaly_00069_20260325_091816_837_Rice_Weevil_Model.png
BLUR,65.94,\\pc-max\D\docker\label-studio\media\upload\9\e1cea9b9-anomaly_00225_20260319_224800_826_Rice_Weevil_Model.png
BLUR,65.96,\\pc-max\D\docker\label-studio\media\upload\9\0a4f8e9d-anomaly_00116_20260314_110521_662_Rice_Weevil_Model.png
BLUR,65.97,\\pc-max\D\docker\label-studio\media\upload\9\c396c221-anomaly_00010_20260311_185640_943_Butterfly.png
BLUR,65.97,\\pc-max\D\docker\label-studio\media\upload\9\dcf335ca-anomaly_00007_20260314_095851_305_Rice_Weevil_Model.png
BLUR,65.97,\\pc-max\D\docker\label-studio\media\upload\9\5b7c6484-anomaly_00086_20260326_194742_914_Rice_Weevil.png
BLUR,65.98,\\pc-max\D\docker\label-studio\media\upload\9\71722145-anomaly_00128_20260322_194616_077_Rice_Weevil_Model.png
BLUR,65.98,\\pc-max\D\docker\label-studio\media\upload\9\0025eefc-anomaly_00003_20260314_095850_905_Rice_Weevil_Model.png
BLUR,66.04,\\pc-max\D\docker\label-studio\media\upload\9\fb0b4b4f-anomaly_00003_20260325_160657_455_Rice_Weevil.png
BLUR,66.04,\\pc-max\D\docker\label-studio\media\upload\9\0cad49ad-anomaly_00048_20260326_203829_151_Black_head.png
BLUR,66.06,\\pc-max\D\docker\label-studio\media\upload\9\33fd37bd-anomaly_00004_20260410_134628_874_Rice_Weevil_Model.png
BLUR,66.07,\\pc-max\D\docker\label-studio\media\upload\9\de84b70f-anomaly_00076_20260326_194737_548_Rice_Weevil_Model.png
BLUR,66.07,\\pc-max\D\docker\label-studio\media\upload\9\930dff06-anomaly_00021_20260326_194633_410_Rice_Weevil_Model.png
BLUR,66.08,\\pc-max\D\docker\label-studio\media\upload\9\83822b9f-anomaly_00099_20260326_204214_571_rice_worm.png
BLUR,66.08,\\pc-max\D\docker\label-studio\media\upload\9\27d38e47-anomaly_00011_20260311_185641_054_Butterfly.png
BLUR,66.09,\\pc-max\D\docker\label-studio\media\upload\9\e178cf92-anomaly_00031_20260326_194651_888_Stone.png
BLUR,66.11,\\pc-max\D\docker\label-studio\media\upload\9\b5becf18-anomaly_00085_20260323_161949_623_Rice_Weevil_Model.png
BLUR,66.14,\\pc-max\D\docker\label-studio\media\upload\9\70f07419-anomaly_00367_20260318_213546_343_Rice_Weevil_Model.png
BLUR,66.14,\\pc-max\D\docker\label-studio\media\upload\9\d40770f4-anomaly_00059_20260322_193915_851_Model.png
BLUR,66.15,\\pc-max\D\docker\label-studio\media\upload\9\1ba5a2c4-anomaly_00117_20260314_110521_756_Rice_Weevil_Model.png
BLUR,66.18,\\pc-max\D\docker\label-studio\media\upload\9\9eef1abb-anomaly_00058_20260322_165645_826_rice_worm_Model.png
BLUR,66.20,\\pc-max\D\docker\label-studio\media\upload\9\144d3d05-anomaly_00118_20260314_110521_852_Rice_Weevil_Model.png
BLUR,66.22,\\pc-max\D\docker\label-studio\media\upload\9\52afc07a-anomaly_00085_20260326_194742_821_Rice_Weevil.png
BLUR,66.23,\\pc-max\D\docker\label-studio\media\upload\9\932ce30f-anomaly_00070_20260323_205756_789_Rice_Weevil_Model.png
BLUR,66.25,\\pc-max\D\docker\label-studio\media\upload\9\b79908db-anomaly_00037_20260322_193747_749_Rice_Weevil_Model.png
BLUR,66.25,\\pc-max\D\docker\label-studio\media\upload\9\c2697a90-anomaly_00006_20260312_200245_945_Black_head.png
BLUR,66.26,\\pc-max\D\docker\label-studio\media\upload\9\39b008cd-anomaly_00078_20260326_203958_855_Butterfly.png
BLUR,66.27,\\pc-max\D\docker\label-studio\media\upload\9\31bb768a-anomaly_00079_20260326_194737_837_Rice_Weevil_Model.png
BLUR,66.29,\\pc-max\D\docker\label-studio\media\upload\9\80803316-anomaly_00011_20260322_124128_830_rice_worm.png
BLUR,66.29,\\pc-max\D\docker\label-studio\media\upload\9\6d813599-anomaly_00008_20260327_192648_428_Model.png
BLUR,66.29,\\pc-max\D\docker\label-studio\media\upload\9\25cbd8f1-anomaly_00075_20260323_142501_040_Rice_Weevil_Model.png
BLUR,66.29,\\pc-max\D\docker\label-studio\media\upload\9\4d1c541b-anomaly_00449_20260323_180456_063_rice_worm.png
BLUR,66.33,\\pc-max\D\docker\label-studio\media\upload\9\34cc9f1c-anomaly_00020_20260323_163151_740_Rice_Weevil_Model.png
BLUR,66.33,\\pc-max\D\docker\label-studio\media\upload\9\ed063be8-anomaly_00004_20260601_195735_680_Color.png
BLUR,66.34,\\pc-max\D\docker\label-studio\media\upload\9\187884f2-anomaly_00006_20260407_153536_230_Rice_Weevil_Model.png
BLUR,66.34,\\pc-max\D\docker\label-studio\media\upload\9\dc0fa323-anomaly_00002_20260602_135904_904_Model.png
BLUR,66.35,\\pc-max\D\docker\label-studio\media\upload\9\8aed8611-anomaly_00065_20260325_151249_644_Stone_Model.png
BLUR,66.36,\\pc-max\D\docker\label-studio\media\upload\9\7fee36b2-anomaly_00039_20260327_212506_249_Rice_straw.png
BLUR,66.36,\\pc-max\D\docker\label-studio\media\upload\9\c73d94bd-anomaly_00025_20260327_201203_439_Rice_Weevil_Model.png
BLUR,66.38,\\pc-max\D\docker\label-studio\media\upload\9\94e6ec2a-anomaly_00267_20260313_074444_637_Butterfly_Model_Color.png
BLUR,66.38,\\pc-max\D\docker\label-studio\media\upload\9\7409b04b-anomaly_00028_20260328_162159_156_Color.png
BLUR,66.39,\\pc-max\D\docker\label-studio\media\upload\9\8ca374f8-anomaly_00021_20260326_203740_219_paddy.png
BLUR,66.40,\\pc-max\D\docker\label-studio\media\upload\9\1badb87c-anomaly_00020_20260326_194633_318_Rice_Weevil_Model.png
BLUR,66.40,\\pc-max\D\docker\label-studio\media\upload\9\7e20bb5b-anomaly_00011_20260323_135048_546_Rice_Weevil_Model.png
BLUR,66.40,\\pc-max\D\docker\label-studio\media\upload\9\113caf88-anomaly_00017_20260328_162119_761_Color.png
BLUR,66.41,\\pc-max\D\docker\label-studio\media\upload\9\e15767ec-anomaly_00002_20260407_184236_021_Rice_Weevil_Model.png
BLUR,66.42,\\pc-max\D\docker\label-studio\media\upload\9\7eaaacfd-anomaly_00099_20260322_194310_619_Model.png
BLUR,66.42,\\pc-max\D\docker\label-studio\media\upload\9\07274bc9-anomaly_00005_20260328_162000_515_Rice_Weevil_Model.png
BLUR,66.42,\\pc-max\D\docker\label-studio\media\upload\9\4c326b4e-anomaly_00041_20260327_212506_436_Rice_straw.png
BLUR,66.43,\\pc-max\D\docker\label-studio\media\upload\9\60864fc5-anomaly_00010_20260323_135041_780_Rice_Weevil_Model.png
BLUR,66.44,\\pc-max\D\docker\label-studio\media\upload\9\7fb20713-anomaly_00011_20260323_184922_041_Rice_Weevil_Model.png
BLUR,66.44,\\pc-max\D\docker\label-studio\media\upload\9\750f3012-anomaly_00011_20260322_123701_543_paddy.png
BLUR,66.45,\\pc-max\D\docker\label-studio\media\upload\9\0704025b-anomaly_00002_20260408_162827_172_Rice_Weevil_Model.png
BLUR,66.47,\\pc-max\D\docker\label-studio\media\upload\9\03d57c04-anomaly_00006_20260314_095851_207_Rice_Weevil_Model.png
BLUR,66.47,\\pc-max\D\docker\label-studio\media\upload\9\349af2ef-anomaly_00002_20260328_162000_212_Rice_Weevil_Model.png
BLUR,66.48,\\pc-max\D\docker\label-studio\media\upload\9\251cec57-anomaly_00031_20260323_162758_999_Rice_Weevil_Model.png
BLUR,66.49,\\pc-max\D\docker\label-studio\media\upload\9\6babb135-anomaly_00074_20260326_203928_013_paddy.png
BLUR,66.49,\\pc-max\D\docker\label-studio\media\upload\9\3da378f5-anomaly_00004_20260325_160657_552_Rice_Weevil_Model.png
BLUR,66.50,\\pc-max\D\docker\label-studio\media\upload\9\e5300be2-anomaly_00067_20260311_210814_164_Butterfly_Color.png
BLUR,66.52,\\pc-max\D\docker\label-studio\media\upload\9\9e2d0d71-anomaly_00105_20260322_194339_967_Rice_Weevil_Model.png
BLUR,66.54,\\pc-max\D\docker\label-studio\media\upload\9\c3b8b8e1-anomaly_00072_20260326_203927_827_paddy.png
BLUR,66.55,\\pc-max\D\docker\label-studio\media\upload\9\3b93df4f-anomaly_00004_20260325_101020_316_Rice_straw.png
BLUR,66.56,\\pc-max\D\docker\label-studio\media\upload\9\619e44ba-anomaly_00010_20260327_164219_039_Rice_Weevil.png
BLUR,66.57,\\pc-max\D\docker\label-studio\media\upload\9\7bc7d665-anomaly_00031_20260325_142716_912_Black_head.png
BLUR,66.57,\\pc-max\D\docker\label-studio\media\upload\9\2fa55ffc-anomaly_00055_20260311_173616_072_Stone_Model.png
BLUR,66.57,\\pc-max\D\docker\label-studio\media\upload\9\5972f832-anomaly_00059_20260326_203839_489_paddy.png
BLUR,66.59,\\pc-max\D\docker\label-studio\media\upload\9\74725ae7-anomaly_00205_20260325_093253_755_Rice_Weevil.png
BLUR,66.60,\\pc-max\D\docker\label-studio\media\upload\9\2633a869-anomaly_00173_20260326_204316_811_Black_head.png
BLUR,66.62,\\pc-max\D\docker\label-studio\media\upload\9\24c96b6c-anomaly_00275_20260323_181752_471_Discolored_Grain.png
BLUR,66.62,\\pc-max\D\docker\label-studio\media\upload\9\1e0ee946-anomaly_00028_20260531_173746_306_Model.png
BLUR,66.67,\\pc-max\D\docker\label-studio\media\upload\9\51065b06-anomaly_00004_20260314_095851_022_Rice_Weevil_Model.png
BLUR,66.68,\\pc-max\D\docker\label-studio\media\upload\9\8496305c-anomaly_00120_20260323_181242_727_Rice_partial_mill.png
BLUR,66.68,\\pc-max\D\docker\label-studio\media\upload\9\46c88cfa-anomaly_00005_20260314_095851_113_Rice_Weevil_Model.png
BLUR,66.71,\\pc-max\D\docker\label-studio\media\upload\9\3c941996-anomaly_00008_20260323_141313_451_Rice_Weevil_Model.png
BLUR,66.72,\\pc-max\D\docker\label-studio\media\upload\9\924a31c7-anomaly_00151_20260311_194349_310_Black_head.png
BLUR,66.72,\\pc-max\D\docker\label-studio\media\upload\9\37277da1-anomaly_00122_20260325_092200_861_Rice_Weevil_Model.png
BLUR,66.73,\\pc-max\D\docker\label-studio\media\upload\9\54cadcdc-anomaly_00016_20260328_162119_667_Rice_straw_Color.png
BLUR,66.73,\\pc-max\D\docker\label-studio\media\upload\9\e737339a-anomaly_00016_20260328_162119_667_Rice_straw_Color.png
BLUR,66.75,\\pc-max\D\docker\label-studio\media\upload\9\5112da08-anomaly_00066_20260326_194710_403_Rice_Weevil_Model.png
BLUR,66.77,\\pc-max\D\docker\label-studio\media\upload\9\685fd6e8-anomaly_00051_20260326_203829_546_Black_head.png
BLUR,66.78,\\pc-max\D\docker\label-studio\media\upload\9\ace10d4f-anomaly_00106_20260326_194814_831_paddy.png
BLUR,66.78,\\pc-max\D\docker\label-studio\media\upload\9\9cc75519-anomaly_00008_20260602_143351_294_Rice_straw.png
BLUR,66.78,\\pc-max\D\docker\label-studio\media\upload\9\33476efc-anomaly_00019_20260323_135049_346_Rice_Weevil_Model.png
BLUR,66.80,\\pc-max\D\docker\label-studio\media\upload\9\b174a697-anomaly_00068_20260327_181442_103_Rice_Weevil_Model.png
BLUR,66.82,\\pc-max\D\docker\label-studio\media\upload\9\8f0c5737-anomaly_00025_20260325_095514_593_Black_head.png
BLUR,66.83,\\pc-max\D\docker\label-studio\media\upload\9\043cc9a8-anomaly_00004_20260410_141332_041_Rice_Weevil_Model.png
BLUR,66.85,\\pc-max\D\docker\label-studio\media\upload\9\58de2ac8-anomaly_00003_20260327_200445_306_Rice_Weevil_Model.png
BLUR,66.86,\\pc-max\D\docker\label-studio\media\upload\9\265e6f66-anomaly_00140_20260322_194640_428_Rice_Weevil_Model.png
BLUR,66.87,\\pc-max\D\docker\label-studio\media\upload\9\3729bcf0-anomaly_00023_20260323_135142_547_Rice_Weevil_Model.png
BLUR,66.87,\\pc-max\D\docker\label-studio\media\upload\9\30d4c2b0-anomaly_00021_20260323_135142_341_Rice_Weevil_Model.png
BLUR,66.87,\\pc-max\D\docker\label-studio\media\upload\9\c5484fae-anomaly_00224_20260325_093411_422_Rice_Weevil_Model.png
BLUR,66.88,\\pc-max\D\docker\label-studio\media\upload\9\6f341a84-anomaly_00446_20260323_180455_640_paddy.png
BLUR,66.88,\\pc-max\D\docker\label-studio\media\upload\9\ed8a6d34-anomaly_00081_20260326_203959_236_Butterfly.png
BLUR,66.91,\\pc-max\D\docker\label-studio\media\upload\9\7abf4068-anomaly_00014_20260327_164219_752_Rice_Weevil_Model.png
BLUR,66.91,\\pc-max\D\docker\label-studio\media\upload\9\4823e9dd-anomaly_00168_20260326_204316_216_Rice_Weevil_Model.png
BLUR,66.92,\\pc-max\D\docker\label-studio\media\upload\9\2eccc6dc-anomaly_00001_20260531_173217_070_dust_clump.png
BLUR,66.92,\\pc-max\D\docker\label-studio\media\upload\9\4befcf4b-anomaly_00028_20260326_194639_491_Butterfly.png
BLUR,66.93,\\pc-max\D\docker\label-studio\media\upload\9\b83018f0-anomaly_00008_20260323_135041_584_Rice_Weevil_Model.png
BLUR,66.93,\\pc-max\D\docker\label-studio\media\upload\9\7d427697-anomaly_00082_20260326_203959_342_Butterfly.png
BLUR,66.94,\\pc-max\D\docker\label-studio\media\upload\9\a6d14e5e-anomaly_00013_20260328_163433_826_Rice_Weevil_Model.png
BLUR,66.94,\\pc-max\D\docker\label-studio\media\upload\9\3525315a-anomaly_00026_20260327_185154_072_Rice_Weevil_Model.png
BLUR,66.94,\\pc-max\D\docker\label-studio\media\upload\9\82280627-anomaly_00005_20260601_195735_777_Color.png
BLUR,66.94,\\pc-max\D\docker\label-studio\media\upload\9\ab4014a5-anomaly_00008_20260325_160657_951_Rice_Weevil_Model.png
BLUR,66.94,\\pc-max\D\docker\label-studio\media\upload\9\5b763b39-anomaly_00036_20260326_194652_374_Stone_Model.png
BLUR,66.95,\\pc-max\D\docker\label-studio\media\upload\9\2c176203-train_20260325_094525_014_5915.png
BLUR,66.95,\\pc-max\D\docker\label-studio\media\upload\9\68babae5-anomaly_00004_20260602_145628_840_Model.png
BLUR,66.96,\\pc-max\D\docker\label-studio\media\upload\9\08937caa-anomaly_00030_20260323_204116_478_Rice_Weevil_Model.png
BLUR,66.96,\\pc-max\D\docker\label-studio\media\upload\9\bcaa1902-anomaly_00009_20260328_161804_416_Rice_Weevil_Model.png
BLUR,66.97,\\pc-max\D\docker\label-studio\media\upload\9\7ef94174-anomaly_00172_20260326_204316_714_Black_head.png
BLUR,66.97,\\pc-max\D\docker\label-studio\media\upload\9\25750ca9-anomaly_00007_20260602_143351_199_Rice_straw.png
BLUR,66.98,\\pc-max\D\docker\label-studio\media\upload\9\5c7a6357-train_20260325_094612_926_9934.png
BLUR,66.98,\\pc-max\D\docker\label-studio\media\upload\9\8a0c5066-anomaly_00169_20260326_204316_315_Rice_Weevil_Model.png
BLUR,66.98,\\pc-max\D\docker\label-studio\media\upload\9\6eb875a9-anomaly_00006_20260323_141313_243_Rice_Weevil_Model.png
BLUR,66.99,\\pc-max\D\docker\label-studio\media\upload\9\45556c26-anomaly_00014_20260328_162119_458_Rice_straw_Color.png
BLUR,67.00,\\pc-max\D\docker\label-studio\media\upload\9\a03a282e-anomaly_00010_20260602_143351_501_Rice_straw.png
BLUR,67.01,\\pc-max\D\docker\label-studio\media\upload\9\6dbc5f30-anomaly_00010_20260331_172430_680_Rice_Weevil.png
BLUR,67.01,\\pc-max\D\docker\label-studio\media\upload\9\8c491a47-anomaly_00038_20260402_214410_290_Rice_Weevil_Model.png
BLUR,67.02,\\pc-max\D\docker\label-studio\media\upload\9\06f1235a-anomaly_00090_20260326_204213_084_paddy.png
BLUR,67.03,\\pc-max\D\docker\label-studio\media\upload\9\3cc81c47-anomaly_00012_20260311_185641_150_Butterfly_Model.png
BLUR,67.04,\\pc-max\D\docker\label-studio\media\upload\9\6621f97b-anomaly_00036_20260326_203752_254_Rice_Weevil_Model.png
BLUR,67.05,\\pc-max\D\docker\label-studio\media\upload\9\9be3c1ec-anomaly_00001_20260601_195410_728_dust_clump.png
BLUR,67.05,\\pc-max\D\docker\label-studio\media\upload\9\2c3b1476-anomaly_00011_20260327_164219_136_Rice_Weevil_Model.png
BLUR,67.05,\\pc-max\D\docker\label-studio\media\upload\9\ea1a2954-anomaly_00003_20260323_135041_090_Rice_Weevil_Model.png
BLUR,67.05,\\pc-max\D\docker\label-studio\media\upload\9\f63a16d3-anomaly_00003_20260323_135041_090_Rice_Weevil_Model.png
BLUR,67.05,\\pc-max\D\docker\label-studio\media\upload\9\d9378753-anomaly_00002_20260405_194947_952_rice_worm.png
BLUR,67.07,\\pc-max\D\docker\label-studio\media\upload\9\01eb46f5-anomaly_00035_20260326_203752_162_Rice_Weevil.png
BLUR,67.07,\\pc-max\D\docker\label-studio\media\upload\9\003dfd3e-anomaly_00032_20260322_155934_225_paddy.png
BLUR,67.10,\\pc-max\D\docker\label-studio\media\upload\9\e7b4b82f-anomaly_00153_20260326_204300_414_paddy_Seed.png
BLUR,67.11,\\pc-max\D\docker\label-studio\media\upload\9\2da63463-anomaly_00020_20260323_141517_949_Rice_Weevil_Model.png
BLUR,67.11,\\pc-max\D\docker\label-studio\media\upload\9\d0a60447-anomaly_00009_20260325_160658_050_Rice_Weevil_Model.png
BLUR,67.12,\\pc-max\D\docker\label-studio\media\upload\9\8a198289-anomaly_00171_20260326_204316_619_Butterfly.png
BLUR,67.13,\\pc-max\D\docker\label-studio\media\upload\9\c567243e-train_20260325_094645_156_9826.png
BLUR,67.14,\\pc-max\D\docker\label-studio\media\upload\9\50cde922-anomaly_00027_20260323_135142_932_Rice_Weevil_Model.png
BLUR,67.15,\\pc-max\D\docker\label-studio\media\upload\9\7ef1d0a4-anomaly_00036_20260323_204117_280_Rice_Weevil_Model.png
BLUR,67.15,\\pc-max\D\docker\label-studio\media\upload\9\2e7d4b9d-anomaly_00021_20260313_211829_668_Butterfly_Model_Color.png
BLUR,67.16,\\pc-max\D\docker\label-studio\media\upload\9\f5e31132-anomaly_00014_20260323_163151_135_Rice_Weevil_Model.png
BLUR,67.16,\\pc-max\D\docker\label-studio\media\upload\9\96f50e56-anomaly_00007_20260325_160657_840_Rice_Weevil_Model.png
BLUR,67.18,\\pc-max\D\docker\label-studio\media\upload\9\c342eb68-anomaly_00110_20260326_194816_220_Black_head.png
BLUR,67.19,\\pc-max\D\docker\label-studio\media\upload\9\ba465a68-anomaly_00002_20260403_140929_747_Rice_Weevil_Model.png
BLUR,67.19,\\pc-max\D\docker\label-studio\media\upload\9\5db40e4e-anomaly_00018_20260325_142257_494_Butterfly_Model.png
BLUR,67.20,\\pc-max\D\docker\label-studio\media\upload\9\ddff36b5-anomaly_00158_20260326_204307_774_paddy.png
BLUR,67.21,\\pc-max\D\docker\label-studio\media\upload\9\58f4d124-anomaly_00055_20260326_203833_815_Rice_Weevil_Model.png
BLUR,67.21,\\pc-max\D\docker\label-studio\media\upload\9\89f47896-anomaly_00084_20260311_210241_892_paddy_Color.png
BLUR,67.22,\\pc-max\D\docker\label-studio\media\upload\9\d538db69-anomaly_00108_20260326_194816_040_Black_head.png
BLUR,67.23,\\pc-max\D\docker\label-studio\media\upload\9\69375cdc-anomaly_00128_20260311_194136_270_Black_head.png
BLUR,67.25,\\pc-max\D\docker\label-studio\media\upload\9\859ab530-anomaly_00109_20260326_194816_127_Black_head.png
BLUR,67.26,\\pc-max\D\docker\label-studio\media\upload\9\f1e56e76-anomaly_00013_20260311_185641_245_Butterfly.png
BLUR,67.27,\\pc-max\D\docker\label-studio\media\upload\9\ea244e73-anomaly_00174_20260326_204317_712_Seed.png
BLUR,67.27,\\pc-max\D\docker\label-studio\media\upload\9\16639848-anomaly_00005_20260330_162316_841_Rice_Weevil_Model.png
BLUR,67.28,\\pc-max\D\docker\label-studio\media\upload\9\6814d5f5-anomaly_00039_20260402_214410_386_Rice_Weevil_Model.png
BLUR,67.28,\\pc-max\D\docker\label-studio\media\upload\9\ef79bcd7-anomaly_00033_20260322_155934_329_paddy.png
BLUR,67.28,\\pc-max\D\docker\label-studio\media\upload\9\ca42e64d-anomaly_00029_20260323_204116_267_Rice_Weevil_Model.png
BLUR,67.29,\\pc-max\D\docker\label-studio\media\upload\9\d38f77e9-anomaly_00132_20260311_194212_772_Rice_straw.png
BLUR,67.30,\\pc-max\D\docker\label-studio\media\upload\9\3eb1133e-anomaly_00009_20260602_143351_389_Rice_straw.png
BLUR,67.31,\\pc-max\D\docker\label-studio\media\upload\9\97788191-anomaly_00152_20260326_204300_317_paddy_Seed_Black_head.png
BLUR,67.34,\\pc-max\D\docker\label-studio\media\upload\9\b5feb82d-anomaly_00028_20260323_135143_042_Rice_Weevil_Model.png
BLUR,67.35,\\pc-max\D\docker\label-studio\media\upload\9\57f75a29-anomaly_00170_20260326_204316_411_Rice_Weevil_Model.png
BLUR,67.35,\\pc-max\D\docker\label-studio\media\upload\9\478d74aa-anomaly_00004_20260326_203737_339_Black_head.png
BLUR,67.36,\\pc-max\D\docker\label-studio\media\upload\9\946d44bb-anomaly_00037_20260326_203752_348_Rice_Weevil_Model.png
BLUR,67.37,\\pc-max\D\docker\label-studio\media\upload\9\a90b3258-anomaly_00037_20260601_181550_900_Color.png
BLUR,67.38,\\pc-max\D\docker\label-studio\media\upload\9\15e1790e-anomaly_00031_20260420_160953_279_Rice_Weevil_Model.png
BLUR,67.38,\\pc-max\D\docker\label-studio\media\upload\9\3cabf013-anomaly_00052_20260326_203833_517_Rice_Weevil_Model.png
BLUR,67.39,\\pc-max\D\docker\label-studio\media\upload\9\2911d66f-anomaly_00013_20260402_195121_192_Rice_Weevil_Model.png
BLUR,67.40,\\pc-max\D\docker\label-studio\media\upload\9\72d8b8d3-anomaly_00154_20260326_204300_510_paddy_Seed_Model.png
BLUR,67.42,\\pc-max\D\docker\label-studio\media\upload\9\189659a8-anomaly_00012_20260328_163433_711_Rice_Weevil_Model.png
BLUR,67.42,\\pc-max\D\docker\label-studio\media\upload\9\4df817a6-anomaly_00004_20260322_123943_723_paddy.png
BLUR,67.43,\\pc-max\D\docker\label-studio\media\upload\9\c04bd072-anomaly_00004_20260602_143159_534_Black_head.png
BLUR,67.43,\\pc-max\D\docker\label-studio\media\upload\9\74c970e3-anomaly_00070_20260311_210814_466_Color.png
BLUR,67.44,\\pc-max\D\docker\label-studio\media\upload\9\d907c2ca-anomaly_00057_20260326_203834_314_Rice_Weevil_Model.png
BLUR,67.45,\\pc-max\D\docker\label-studio\media\upload\9\e289d049-anomaly_00080_20260323_164648_303_Rice_Weevil_Model.png
BLUR,67.46,\\pc-max\D\docker\label-studio\media\upload\9\1ef05279-anomaly_00131_20260311_194212_467_Butterfly.png
BLUR,67.47,\\pc-max\D\docker\label-studio\media\upload\9\af148689-anomaly_00088_20260601_202750_482_rice_worm.png
BLUR,67.47,\\pc-max\D\docker\label-studio\media\upload\9\075da7ef-anomaly_00055_20260601_201327_872_Black_head_Model.png
BLUR,67.50,\\pc-max\D\docker\label-studio\media\upload\9\dcdb2d17-anomaly_00001_20260330_162316_446_Rice_Weevil_Model.png
BLUR,67.51,\\pc-max\D\docker\label-studio\media\upload\9\92487cac-anomaly_00003_20260405_194948_064_rice_worm.png
BLUR,67.51,\\pc-max\D\docker\label-studio\media\upload\9\f98811fe-anomaly_00003_20260405_194948_064_rice_worm.png
BLUR,67.54,\\pc-max\D\docker\label-studio\media\upload\9\7009c2d7-anomaly_00024_20260601_200438_769_Color.png
BLUR,67.55,\\pc-max\D\docker\label-studio\media\upload\9\8b272d61-anomaly_00094_20260326_194748_976_paddy.png
BLUR,67.55,\\pc-max\D\docker\label-studio\media\upload\9\97512ee3-anomaly_00063_20260326_194710_099_Rice_Weevil_Model.png
BLUR,67.57,\\pc-max\D\docker\label-studio\media\upload\9\31091e9f-anomaly_00010_20260410_153727_430_Color.png
BLUR,67.57,\\pc-max\D\docker\label-studio\media\upload\9\a869cce9-anomaly_00006_20260311_195553_757_Butterfly.png
BLUR,67.58,\\pc-max\D\docker\label-studio\media\upload\9\3cdc14c2-anomaly_00015_20260330_162739_559_Rice_Weevil.png
BLUR,67.58,\\pc-max\D\docker\label-studio\media\upload\9\c1a1e28b-anomaly_00074_20260327_181442_708_Rice_Weevil_Model.png
BLUR,67.59,\\pc-max\D\docker\label-studio\media\upload\9\c3e5ce32-anomaly_00111_20260326_204224_605_Rice_Weevil_Model.png
BLUR,67.60,\\pc-max\D\docker\label-studio\media\upload\9\42d2ea32-anomaly_00009_20260327_210956_897_Rice_Weevil_Model.png
BLUR,67.63,\\pc-max\D\docker\label-studio\media\upload\9\99dbaaf8-anomaly_00030_20260322_155934_019_paddy_Model.png
BLUR,67.64,\\pc-max\D\docker\label-studio\media\upload\9\0231006e-anomaly_00045_20260601_201157_394_Model.png
BLUR,67.65,\\pc-max\D\docker\label-studio\media\upload\9\27956299-anomaly_00001_20260531_173115_773_dust_clump.png
BLUR,67.66,\\pc-max\D\docker\label-studio\media\upload\9\8a3b46c3-anomaly_00028_20260602_145030_926_Color.png
BLUR,67.67,\\pc-max\D\docker\label-studio\media\upload\9\a12683a7-anomaly_00071_20260312_205844_902_Discolored_Grain.png
BLUR,67.67,\\pc-max\D\docker\label-studio\media\upload\9\90a8d8ca-anomaly_00082_20260323_164648_495_Rice_Weevil_Model.png
BLUR,67.67,\\pc-max\D\docker\label-studio\media\upload\9\7625ec0e-anomaly_00037_20260601_200950_400_Color.png
BLUR,67.68,\\pc-max\D\docker\label-studio\media\upload\9\4638bf57-anomaly_00025_20260323_141518_446_Rice_Weevil_Model.png
BLUR,67.68,\\pc-max\D\docker\label-studio\media\upload\9\a9cf0bc0-anomaly_00015_20260311_185641_438_Butterfly.png
BLUR,67.71,\\pc-max\D\docker\label-studio\media\upload\9\0e254492-anomaly_00177_20260311_194518_209_Black_head.png
BLUR,67.71,\\pc-max\D\docker\label-studio\media\upload\9\32db5688-anomaly_00010_20260325_160658_146_Rice_Weevil.png
BLUR,67.72,\\pc-max\D\docker\label-studio\media\upload\9\8943d2b6-anomaly_00026_20260325_101625_245_Rice_Weevil_Model.png
BLUR,67.73,\\pc-max\D\docker\label-studio\media\upload\9\ddfd8fad-anomaly_00038_20260401_100248_089_Rice_Weevil_Model.png
BLUR,67.74,\\pc-max\D\docker\label-studio\media\upload\9\34d74856-anomaly_00031_20260601_200641_281_Model.png
BLUR,67.74,\\pc-max\D\docker\label-studio\media\upload\9\4f6b204d-anomaly_00071_20260601_201925_154_Black_head.png
BLUR,67.78,\\pc-max\D\docker\label-studio\media\upload\9\09727ef6-anomaly_00014_20260601_200132_129_Black_head.png
BLUR,67.80,\\pc-max\D\docker\label-studio\media\upload\9\47b68a59-anomaly_00083_20260601_202459_958_Color.png
BLUR,67.81,\\pc-max\D\docker\label-studio\media\upload\9\dd0abdbf-anomaly_00027_20260322_155933_735_paddy_Model.png
BLUR,67.83,\\pc-max\D\docker\label-studio\media\upload\9\d8640419-anomaly_00038_20260601_200950_513_Color.png
BLUR,67.84,\\pc-max\D\docker\label-studio\media\upload\9\b26d4d2d-anomaly_00011_20260330_162739_175_Rice_Weevil_Model.png
BLUR,67.84,\\pc-max\D\docker\label-studio\media\upload\9\45ce0de8-anomaly_00010_20260327_210956_995_Rice_Weevil_Model.png
BLUR,67.85,\\pc-max\D\docker\label-studio\media\upload\9\21dfb845-anomaly_00033_20260601_214058_047_Color.png
BLUR,67.85,\\pc-max\D\docker\label-studio\media\upload\9\729e0bbd-anomaly_00039_20260601_200950_609_Color.png
BLUR,67.89,\\pc-max\D\docker\label-studio\media\upload\9\34fee703-anomaly_00195_20260312_204822_028_Model.png
BLUR,67.89,\\pc-max\D\docker\label-studio\media\upload\9\e84a7b4d-anomaly_00001_20260602_203422_132_Model.png
BLUR,67.90,\\pc-max\D\docker\label-studio\media\upload\9\a283443e-anomaly_00029_20260322_155933_923_paddy_Model.png
BLUR,67.91,\\pc-max\D\docker\label-studio\media\upload\9\59a54672-anomaly_00013_20260325_095048_300_Rice_Weevil_Model.png
BLUR,67.92,\\pc-max\D\docker\label-studio\media\upload\9\f0060a87-anomaly_00112_20260326_204224_717_Rice_Weevil_Model.png
BLUR,67.94,\\pc-max\D\docker\label-studio\media\upload\9\350bdd63-anomaly_00034_20260601_200827_281_Model.png
BLUR,67.95,\\pc-max\D\docker\label-studio\media\upload\9\3954d470-anomaly_00075_20260327_181442_803_Rice_Weevil_Model.png
BLUR,67.96,\\pc-max\D\docker\label-studio\media\upload\9\b99a067b-anomaly_00032_20260325_142717_128_Black_head.png
BLUR,67.96,\\pc-max\D\docker\label-studio\media\upload\9\c69279bf-anomaly_00015_20260601_183336_144_Color.png
BLUR,67.97,\\pc-max\D\docker\label-studio\media\upload\9\68d63f68-anomaly_00043_20260601_201109_457_Model.png
BLUR,67.98,\\pc-max\D\docker\label-studio\media\upload\9\8fc3713d-anomaly_00172_20260312_210127_475_Discolored_Grain.png
BLUR,67.99,\\pc-max\D\docker\label-studio\media\upload\9\1c1e350b-anomaly_00058_20260326_203834_718_Rice_Weevil_Model.png
BLUR,67.99,\\pc-max\D\docker\label-studio\media\upload\9\9937f7f0-anomaly_00033_20260602_145110_508_Model_Color.png
BLUR,68.01,\\pc-max\D\docker\label-studio\media\upload\9\99467dd8-anomaly_00078_20260601_202013_073_Color.png
BLUR,68.01,\\pc-max\D\docker\label-studio\media\upload\9\11a4c838-anomaly_00052_20260601_201327_569_Black_head_Color.png
BLUR,68.03,\\pc-max\D\docker\label-studio\media\upload\9\c931ca1e-anomaly_00230_20260311_195028_967_Black_head.png
BLUR,68.04,\\pc-max\D\docker\label-studio\media\upload\9\258b06da-anomaly_00035_20260601_214058_238_Model_Color.png
BLUR,68.05,\\pc-max\D\docker\label-studio\media\upload\9\3a48bb3f-anomaly_00015_20260331_145700_412_Rice_Weevil_Model.png
BLUR,68.06,\\pc-max\D\docker\label-studio\media\upload\9\677bab85-anomaly_00073_20260329_193001_954_Rice_Weevil_Model.png
 
BLUR,68.07,\\pc-max\D\docker\label-studio\media\upload\9\e0edee67-anomaly_00258_20260311_195140_845_Black_head.png
BLUR,68.07,\\pc-max\D\docker\label-studio\media\upload\9\2fdefcc4-anomaly_00155_20260326_204300_605_paddy_Seed_Model.png
BLUR,68.08,\\pc-max\D\docker\label-studio\media\upload\9\ef7d694e-anomaly_00003_20260426_144224_727_paddy.png
BLUR,68.10,\\pc-max\D\docker\label-studio\media\upload\9\e54f0b71-anomaly_00029_20260325_095841_615_Butterfly_Model.png
BLUR,68.10,\\pc-max\D\docker\label-studio\media\upload\9\e369f8c6-anomaly_00040_20260601_200950_704_Color.png
BLUR,68.10,\\pc-max\D\docker\label-studio\media\upload\9\51993ef1-anomaly_00003_20260531_172259_439_dust_clump.png
BLUR,68.18,\\pc-max\D\docker\label-studio\media\upload\9\905555f4-anomaly_00031_20260322_155934_130_paddy_Model.png
BLUR,68.20,\\pc-max\D\docker\label-studio\media\upload\9\39235b7b-anomaly_00011_20260327_210957_107_Rice_Weevil_Model.png
BLUR,68.21,\\pc-max\D\docker\label-studio\media\upload\9\919827a2-anomaly_00063_20260420_161840_287_Rice_Weevil.png
BLUR,68.21,\\pc-max\D\docker\label-studio\media\upload\9\be4ab4cf-anomaly_00110_20260311_211026_214_Black_head_Color.png
BLUR,68.21,\\pc-max\D\docker\label-studio\media\upload\9\50fc6613-anomaly_00113_20260311_211026_516_Black_head.png
BLUR,68.22,\\pc-max\D\docker\label-studio\media\upload\9\58fc3905-anomaly_00008_20260329_191345_000_Rice_Weevil_Model.png
BLUR,68.22,\\pc-max\D\docker\label-studio\media\upload\9\a6f8ebbf-anomaly_00084_20260313_091040_679_Color.png
BLUR,68.22,\\pc-max\D\docker\label-studio\media\upload\9\11a1d249-anomaly_00149_20260326_204259_115_rice_worm_Model.png
BLUR,68.24,\\pc-max\D\docker\label-studio\media\upload\9\8ff5de0a-anomaly_00177_20260326_204318_012_paddy_Seed_Model.png
BLUR,68.25,\\pc-max\D\docker\label-studio\media\upload\9\e9f6eb17-anomaly_00014_20260311_185641_342_Butterfly.png
BLUR,68.27,\\pc-max\D\docker\label-studio\media\upload\9\f3f6ca82-anomaly_00007_20260331_133726_817_Rice_straw_Color.png
BLUR,68.28,\\pc-max\D\docker\label-studio\media\upload\9\7e6d8a39-anomaly_00028_20260322_155933_827_paddy.png
BLUR,68.29,\\pc-max\D\docker\label-studio\media\upload\9\62968558-anomaly_00161_20260312_210103_221_Discolored_Grain.png
BLUR,68.29,\\pc-max\D\docker\label-studio\media\upload\9\e5221d39-anomaly_00011_20260504_145458_480_Rice_Weevil_Model.png
BLUR,68.30,\\pc-max\D\docker\label-studio\media\upload\9\a6ac86d9-anomaly_00017_20260328_163434_208_Rice_Weevil_Model.png
BLUR,68.32,\\pc-max\D\docker\label-studio\media\upload\9\b6a627fa-anomaly_00014_20260311_211424_443_Black_head.png
BLUR,68.32,\\pc-max\D\docker\label-studio\media\upload\9\7d7de59a-anomaly_00003_20260408_173402_187_Model.png
BLUR,68.32,\\pc-max\D\docker\label-studio\media\upload\9\cfbb81ff-anomaly_00074_20260312_204412_640_Model.png
BLUR,68.33,\\pc-max\D\docker\label-studio\media\upload\9\aec97371-anomaly_00034_20260602_145110_605_Model_Color.png
BLUR,68.34,\\pc-max\D\docker\label-studio\media\upload\9\e84d2ab1-anomaly_00016_20260601_183336_240_Black_head_Color.png
BLUR,68.34,\\pc-max\D\docker\label-studio\media\upload\9\7090e9e8-anomaly_00049_20260601_214302_238_Black_head_Model.png
BLUR,68.34,\\pc-max\D\docker\label-studio\media\upload\9\b77b5f90-anomaly_00148_20260326_204259_024_rice_worm.png
BLUR,68.34,\\pc-max\D\docker\label-studio\media\upload\9\1332f3e5-anomaly_00296_20260311_195334_895_Butterfly.png
BLUR,68.36,\\pc-max\D\docker\label-studio\media\upload\9\97c6da1c-anomaly_00030_20260325_095841_733_Butterfly_Model.png
BLUR,68.37,\\pc-max\D\docker\label-studio\media\upload\9\048e30ba-anomaly_00008_20260601_190256_256_Model.png
BLUR,68.38,\\pc-max\D\docker\label-studio\media\upload\9\b5c77d36-anomaly_00005_20260427_193455_725_Color.png
BLUR,68.38,\\pc-max\D\docker\label-studio\media\upload\9\0598e8f7-anomaly_00143_20260326_204253_946_Rice_Weevil_Model.png
BLUR,68.40,\\pc-max\D\docker\label-studio\media\upload\9\4566e238-anomaly_00030_20260601_200641_190_Model.png
BLUR,68.41,\\pc-max\D\docker\label-studio\media\upload\9\cd198676-anomaly_00163_20260312_210117_143_Black_head.png
BLUR,68.41,\\pc-max\D\docker\label-studio\media\upload\9\dedd3a1f-anomaly_00019_20260322_161048_327_Model.png
BLUR,68.43,\\pc-max\D\docker\label-studio\media\upload\9\1e5a334e-anomaly_00032_20260602_145110_398_Model_Color.png
BLUR,68.44,\\pc-max\D\docker\label-studio\media\upload\9\19a1d08e-anomaly_00025_20260602_145012_030_Color.png
BLUR,68.45,\\pc-max\D\docker\label-studio\media\upload\9\bd824d7a-anomaly_00276_20260311_195250_255_Black_head.png
BLUR,68.45,\\pc-max\D\docker\label-studio\media\upload\9\9d104363-anomaly_00021_20260331_174240_402_Rice_Weevil_Model.png
BLUR,68.46,\\pc-max\D\docker\label-studio\media\upload\9\3861f03a-anomaly_00006_20260331_133726_721_Rice_straw_Color.png
BLUR,68.46,\\pc-max\D\docker\label-studio\media\upload\9\6f8a444b-anomaly_00006_20260601_185827_376_Model.png
BLUR,68.46,\\pc-max\D\docker\label-studio\media\upload\9\9d3b28f0-anomaly_00001_20260601_212004_797_Black_head.png
BLUR,68.48,\\pc-max\D\docker\label-studio\media\upload\9\91d4d8bd-anomaly_00086_20260313_091040_888_rice_worm_Color.png
BLUR,68.50,\\pc-max\D\docker\label-studio\media\upload\9\16549e46-anomaly_00012_20260331_104712_539_Rice_Weevil_Model.png
BLUR,68.51,\\pc-max\D\docker\label-studio\media\upload\9\3626e79f-anomaly_00085_20260313_091040_771_rice_worm_Color.png
BLUR,68.54,\\pc-max\D\docker\label-studio\media\upload\9\a5a1ad63-anomaly_00031_20260311_211534_145_Black_head.png
BLUR,68.54,\\pc-max\D\docker\label-studio\media\upload\9\86c22d90-anomaly_00004_20260601_212330_429_dust_clump.png
BLUR,68.55,\\pc-max\D\docker\label-studio\media\upload\9\099b1e80-anomaly_00477_20260322_130306_213_Model.png
BLUR,68.56,\\pc-max\D\docker\label-studio\media\upload\9\021d648f-anomaly_00029_20260328_184000_368_Rice_Weevil_Model.png
BLUR,68.57,\\pc-max\D\docker\label-studio\media\upload\9\4ad1106b-anomaly_00017_20260311_211448_112_Black_head.png
BLUR,68.59,\\pc-max\D\docker\label-studio\media\upload\9\6f6db9f4-anomaly_00144_20260312_210041_642_Discolored_Grain.png
BLUR,68.63,\\pc-max\D\docker\label-studio\media\upload\9\07a22949-anomaly_00043_20260331_140428_434_Rice_straw.png
BLUR,68.63,\\pc-max\D\docker\label-studio\media\upload\9\fcc9f959-anomaly_00024_20260601_213816_369_Color.png
BLUR,68.64,\\pc-max\D\docker\label-studio\media\upload\9\b30f78f9-anomaly_00052_20260601_214302_550_Model.png
BLUR,68.65,\\pc-max\D\docker\label-studio\media\upload\9\559b0d46-anomaly_00108_20260311_212056_126_Model.png
BLUR,68.66,\\pc-max\D\docker\label-studio\media\upload\9\bc49265a-anomaly_00206_20260312_204846_197_Black_head.png
BLUR,68.67,\\pc-max\D\docker\label-studio\media\upload\9\1449ce8c-anomaly_00025_20260601_213821_937_Color.png
BLUR,68.67,\\pc-max\D\docker\label-studio\media\upload\9\3cb8d8eb-anomaly_00007_20260531_172751_118_dust_clump.png
BLUR,68.68,\\pc-max\D\docker\label-studio\media\upload\9\543c4f0d-anomaly_00004_20260531_172454_018_Color.png
BLUR,68.69,\\pc-max\D\docker\label-studio\media\upload\9\a633b523-anomaly_00035_20260602_145110_702_Rice_straw_Model_Color.png
BLUR,68.70,\\pc-max\D\docker\label-studio\media\upload\9\5847962b-anomaly_00002_20260330_162728_826_Rice_Weevil_Model.png
BLUR,68.71,\\pc-max\D\docker\label-studio\media\upload\9\be4b4d4f-anomaly_00019_20260602_144235_726_Rice_straw.png
BLUR,68.74,\\pc-max\D\docker\label-studio\media\upload\9\230315f4-anomaly_00004_20260426_144224_838_Rice_straw_Color.png
BLUR,68.76,\\pc-max\D\docker\label-studio\media\upload\9\76e0ef6c-anomaly_00038_20260601_214117_934_Model_Color.png
BLUR,68.76,\\pc-max\D\docker\label-studio\media\upload\9\c9540218-anomaly_00038_20260327_200221_548_Rice_Weevil_Model.png
BLUR,68.76,\\pc-max\D\docker\label-studio\media\upload\9\48442fae-anomaly_00246_20260311_195112_023_Lay_eggs.png
BLUR,68.79,\\pc-max\D\docker\label-studio\media\upload\9\0b9c6718-anomaly_00031_20260311_214524_463_paddy.png
BLUR,68.80,\\pc-max\D\docker\label-studio\media\upload\9\40c76e39-anomaly_00028_20260601_213822_223_Model_Color.png
BLUR,68.84,\\pc-max\D\docker\label-studio\media\upload\9\5da1e26a-anomaly_00388_20260322_130021_347_paddy.png
BLUR,68.85,\\pc-max\D\docker\label-studio\media\upload\9\6467d0ba-anomaly_00212_20260311_194745_986_Black_head.png
BLUR,68.87,\\pc-max\D\docker\label-studio\media\upload\9\54e694a1-anomaly_00002_20260426_144224_626_Rice_straw.png
BLUR,68.88,\\pc-max\D\docker\label-studio\media\upload\9\25a35ba6-anomaly_00476_20260322_130306_116_Model.png
BLUR,68.89,\\pc-max\D\docker\label-studio\media\upload\9\eb776d58-anomaly_00505_20260322_130354_250_paddy.png
BLUR,68.91,\\pc-max\D\docker\label-studio\media\upload\9\3349a365-anomaly_00063_20260601_201615_920_Black_head_Model.png
BLUR,68.92,\\pc-max\D\docker\label-studio\media\upload\9\6be548bf-anomaly_00063_20260402_215526_348_Rice_Weevil_Model.png
BLUR,68.93,\\pc-max\D\docker\label-studio\media\upload\9\c8c65ee3-anomaly_00029_20260311_195656_306_Black_head.png
BLUR,68.96,\\pc-max\D\docker\label-studio\media\upload\9\707c46ec-anomaly_00002_20260406_105526_568_Rice_Weevil_Model.png
BLUR,68.97,\\pc-max\D\docker\label-studio\media\upload\9\51f1b816-anomaly_00311_20260322_125724_264_paddy.png
BLUR,68.97,\\pc-max\D\docker\label-studio\media\upload\9\777ed044-anomaly_00044_20260601_181816_771_Black_head_Model_Color.png
BLUR,68.99,\\pc-max\D\docker\label-studio\media\upload\9\bbc1bbf6-anomaly_00084_20260311_211852_220_Rice_Weevil.png
BLUR,69.01,\\pc-max\D\docker\label-studio\media\upload\9\fce41f98-anomaly_00011_20260322_155331_351_Stone_Model.png
BLUR,69.03,\\pc-max\D\docker\label-studio\media\upload\9\9f447010-anomaly_00026_20260602_145012_141_Color.png
BLUR,69.03,\\pc-max\D\docker\label-studio\media\upload\9\6f250a88-anomaly_00005_20260531_210732_643_dust_clump.png
BLUR,69.03,\\pc-max\D\docker\label-studio\media\upload\9\696affcf-anomaly_00021_20260601_213801_559_Model_Color.png
BLUR,69.04,\\pc-max\D\docker\label-studio\media\upload\9\9ccc48cb-anomaly_00066_20260601_185315_152_Black_head_Color.png
BLUR,69.04,\\pc-max\D\docker\label-studio\media\upload\9\e5c236c8-anomaly_00026_20260601_213822_036_Color.png
BLUR,69.08,\\pc-max\D\docker\label-studio\media\upload\9\18f2735e-anomaly_00010_20260504_145458_383_Model.png
BLUR,69.08,\\pc-max\D\docker\label-studio\media\upload\9\5faa5d22-anomaly_00133_20260311_212216_172_Black_head.png
BLUR,69.09,\\pc-max\D\docker\label-studio\media\upload\9\181262e9-anomaly_00007_20260405_155506_946_paddy_Color.png
BLUR,69.11,\\pc-max\D\docker\label-studio\media\upload\9\e560d4db-anomaly_00002_20260405_155451_327_paddy_Color.png
BLUR,69.13,\\pc-max\D\docker\label-studio\media\upload\9\4c6adc9e-anomaly_00067_20260601_185315_248_Black_head_Model_Color.png
BLUR,69.14,\\pc-max\D\docker\label-studio\media\upload\9\3d293d36-anomaly_00183_20260322_125330_276_paddy.png
BLUR,69.15,\\pc-max\D\docker\label-studio\media\upload\9\c84b8e92-anomaly_00006_20260531_205831_734_Model.png
BLUR,69.19,\\pc-max\D\docker\label-studio\media\upload\9\246bdc8c-anomaly_00012_20260322_155331_470_Stone_Model.png
BLUR,69.21,\\pc-max\D\docker\label-studio\media\upload\9\7edec15c-anomaly_00001_20260531_172636_638_Model.png
BLUR,69.26,\\pc-max\D\docker\label-studio\media\upload\9\dae5f132-anomaly_00089_20260311_211916_687_Black_head.png
BLUR,69.27,\\pc-max\D\docker\label-studio\media\upload\9\e8d45049-anomaly_00002_20260517_191808_475_dust_clump.png
BLUR,69.27,\\pc-max\D\docker\label-studio\media\upload\9\715f8c6e-anomaly_00474_20260322_130305_911_Model.png
BLUR,69.29,\\pc-max\D\docker\label-studio\media\upload\9\b3fc35fa-anomaly_00134_20260322_125201_880_Model.png
BLUR,69.31,\\pc-max\D\docker\label-studio\media\upload\9\ef967f1f-anomaly_00002_20260405_195433_802_Rice_Weevil_Model.png
BLUR,69.32,\\pc-max\D\docker\label-studio\media\upload\9\ac82565a-anomaly_00297_20260322_125653_027_paddy_Model.png
BLUR,69.33,\\pc-max\D\docker\label-studio\media\upload\9\e4e020b4-anomaly_00097_20260311_212013_759_Black_head.png
BLUR,69.36,\\pc-max\D\docker\label-studio\media\upload\9\d6007d75-anomaly_00002_20260531_172659_502_Model.png
BLUR,69.38,\\pc-max\D\docker\label-studio\media\upload\9\bfaf1e51-anomaly_00001_20260405_192933_954_Rice_Weevil_Model.png
BLUR,69.39,\\pc-max\D\docker\label-studio\media\upload\9\dca04bdb-anomaly_00564_20260322_130513_807_paddy.png
BLUR,69.40,\\pc-max\D\docker\label-studio\media\upload\9\bbaadc3c-anomaly_00002_20260403_135551_749_Rice_Weevil_Model.png
BLUR,69.42,\\pc-max\D\docker\label-studio\media\upload\9\993d1fb6-anomaly_00271_20260322_125606_394_paddy.png
BLUR,69.42,\\pc-max\D\docker\label-studio\media\upload\9\5a47bd08-anomaly_00016_20260504_145515_279_Rice_Weevil_Model.png
BLUR,69.46,\\pc-max\D\docker\label-studio\media\upload\9\f3dcd928-anomaly_00002_20260405_192934_069_Rice_Weevil_Model.png
BLUR,69.46,\\pc-max\D\docker\label-studio\media\upload\9\08f47e91-anomaly_00009_20260405_155507_137_paddy_Color.png
BLUR,69.47,\\pc-max\D\docker\label-studio\media\upload\9\697bda54-anomaly_00007_20260328_145248_345_Rice_Weevil_Model.png
BLUR,69.49,\\pc-max\D\docker\label-studio\media\upload\9\6d2f95e5-anomaly_00001_20260312_223519_868_Discolored_Grain.png
BLUR,69.50,\\pc-max\D\docker\label-studio\media\upload\9\abd1cd13-anomaly_00045_20260311_214610_406_Butterfly.png
BLUR,69.51,\\pc-max\D\docker\label-studio\media\upload\9\e8faa2ed-anomaly_00170_20260322_125320_841_Rice_straw.png
BLUR,69.53,\\pc-max\D\docker\label-studio\media\upload\9\9c2a25d6-anomaly_00031_20260327_195802_008_Rice_Weevil_Model.png
BLUR,69.53,\\pc-max\D\docker\label-studio\media\upload\9\8c60bc4d-anomaly_00118_20260322_125142_891_paddy.png
BLUR,69.54,\\pc-max\D\docker\label-studio\media\upload\9\c384491c-anomaly_00128_20260420_171242_953_Stone_Model.png
BLUR,69.54,\\pc-max\D\docker\label-studio\media\upload\9\09312a96-anomaly_00003_20260405_153755_260_Rice_Weevil_Model.png
BLUR,69.55,\\pc-max\D\docker\label-studio\media\upload\9\6e5a7e8b-anomaly_00005_20260531_172737_677_Model.png
BLUR,69.58,\\pc-max\D\docker\label-studio\media\upload\9\43ba6b9a-anomaly_00001_20260312_220548_264_Stone.png
BLUR,69.61,\\pc-max\D\docker\label-studio\media\upload\9\dca0e61f-anomaly_00329_20260322_125757_183_Model.png
BLUR,69.63,\\pc-max\D\docker\label-studio\media\upload\9\6db6c44b-anomaly_00064_20260311_211700_651_Butterfly.png
BLUR,69.64,\\pc-max\D\docker\label-studio\media\upload\9\0882182b-anomaly_00003_20260426_160608_763_Rice_Weevil_Model.png
BLUR,69.66,\\pc-max\D\docker\label-studio\media\upload\9\975507d1-anomaly_00009_20260504_145458_271_Rice_Weevil_Model.png
BLUR,69.67,\\pc-max\D\docker\label-studio\media\upload\9\225749e0-anomaly_00001_20260426_160608_574_Rice_Weevil_Model.png
BLUR,69.69,\\pc-max\D\docker\label-studio\media\upload\9\55a74cae-anomaly_00133_20260322_125201_785_Model.png
BLUR,69.70,\\pc-max\D\docker\label-studio\media\upload\9\5857aae2-anomaly_00289_20260322_125642_494_paddy.png
BLUR,69.71,\\pc-max\D\docker\label-studio\media\upload\9\ae4c837d-anomaly_00107_20260322_125136_131_rice_worm_Model.png
BLUR,69.76,\\pc-max\D\docker\label-studio\media\upload\9\ad084a06-anomaly_00098_20260311_212013_974_Black_head.png
BLUR,69.76,\\pc-max\D\docker\label-studio\media\upload\9\b55a96b3-anomaly_00333_20260322_125757_558_Butterfly.png
BLUR,69.79,\\pc-max\D\docker\label-studio\media\upload\9\37ac6c46-anomaly_00129_20260322_125155_122_Rice_straw_paddy.png
BLUR,69.79,\\pc-max\D\docker\label-studio\media\upload\9\7aaa84ed-anomaly_00132_20260322_125201_689_Model.png
BLUR,69.80,\\pc-max\D\docker\label-studio\media\upload\9\4c19bc19-anomaly_00355_20260322_125914_728_paddy.png
BLUR,69.81,\\pc-max\D\docker\label-studio\media\upload\9\8fbf268c-anomaly_00270_20260322_125606_300_paddy.png
BLUR,69.81,\\pc-max\D\docker\label-studio\media\upload\9\abcde9f3-anomaly_00003_20260531_181909_101_Model.png
BLUR,69.82,\\pc-max\D\docker\label-studio\media\upload\9\52039748-anomaly_00296_20260322_125652_933_paddy_Model.png
BLUR,69.82,\\pc-max\D\docker\label-studio\media\upload\9\55fdefd5-anomaly_00283_20260322_125637_717_paddy.png
BLUR,69.83,\\pc-max\D\docker\label-studio\media\upload\9\c412a334-anomaly_00034_20260327_195802_313_Rice_Weevil_Model.png
BLUR,69.84,\\pc-max\D\docker\label-studio\media\upload\9\b7e1fd3e-anomaly_00306_20260322_125659_497_paddy.png
BLUR,69.86,\\pc-max\D\docker\label-studio\media\upload\9\cd040cc3-anomaly_00095_20260311_212013_568_Black_head.png
BLUR,69.86,\\pc-max\D\docker\label-studio\media\upload\9\a0e1fa64-anomaly_00032_20260327_195802_121_Rice_Weevil_Model.png
BLUR,69.87,\\pc-max\D\docker\label-studio\media\upload\9\a9a3515b-anomaly_00134_20260311_212219_455_Black_head.png
BLUR,69.87,\\pc-max\D\docker\label-studio\media\upload\9\e25fdde5-anomaly_00028_20260401_200513_367_Rice_Weevil_Model.png
BLUR,69.88,\\pc-max\D\docker\label-studio\media\upload\9\39ff5b9d-anomaly_00001_20260504_163737_314_rice_worm_Color.png
BLUR,69.88,\\pc-max\D\docker\label-studio\media\upload\9\032b2a30-anomaly_00331_20260322_125757_366_rice_worm_Model.png
BLUR,69.89,\\pc-max\D\docker\label-studio\media\upload\9\54a5ecc1-anomaly_00299_20260322_125653_234_paddy_Model.png
BLUR,69.90,\\pc-max\D\docker\label-studio\media\upload\9\40315798-anomaly_00179_20260322_125326_408_paddy.png
BLUR,69.92,\\pc-max\D\docker\label-studio\media\upload\9\2aa0debc-anomaly_00035_20260311_195719_683_Black_head.png
BLUR,69.92,\\pc-max\D\docker\label-studio\media\upload\9\139a9842-anomaly_00526_20260322_130416_219_rice_worm.png
BLUR,69.92,\\pc-max\D\docker\label-studio\media\upload\9\539f8508-anomaly_00332_20260322_125757_462_rice_worm_Butterfly_Model.png
BLUR,69.93,\\pc-max\D\docker\label-studio\media\upload\9\40c4c2f3-anomaly_00008_20260504_145458_176_Rice_Weevil_Model.png
BLUR,69.95,\\pc-max\D\docker\label-studio\media\upload\9\d2f5cf67-anomaly_00108_20260322_125136_227_rice_worm_Rice_Weevil_Model.png
BLUR,69.96,\\pc-max\D\docker\label-studio\media\upload\9\6809301f-anomaly_00002_20260312_220548_384_Stone.png
BLUR,69.98,\\pc-max\D\docker\label-studio\media\upload\9\0713d9aa-anomaly_00051_20260311_214633_976_Black_head.png
BLUR,69.98,\\pc-max\D\docker\label-studio\media\upload\9\b3a1c0f2-anomaly_00004_20260426_160608_866_Rice_Weevil_Model.png
BLUR,69.99,\\pc-max\D\docker\label-studio\media\upload\9\8b3bb405-anomaly_00330_20260322_125757_270_Model.png
BLUR,69.99,\\pc-max\D\docker\label-studio\media\upload\9\3bd44756-anomaly_00011_20260531_172515_588_Model.png
BLUR,69.99,\\pc-max\D\docker\label-studio\media\upload\9\9953fcd0-anomaly_00011_20260531_172515_588_Model.png
BLUR,69.99,\\pc-max\D\docker\label-studio\media\upload\9\fc49cb5c-anomaly_00011_20260531_172515_588_Model.png
BLUR,70.00,\\pc-max\D\docker\label-studio\media\upload\9\2f9a9825-anomaly_00288_20260322_125641_705_Rice_straw.png
BLUR,70.04,\\pc-max\D\docker\label-studio\media\upload\9\aed68de2-anomaly_00131_20260322_125155_312_paddy.png
BLUR,70.07,\\pc-max\D\docker\label-studio\media\upload\9\46d3e053-anomaly_00002_20260405_155327_973_Rice_Weevil_Model.png
BLUR,70.07,\\pc-max\D\docker\label-studio\media\upload\9\b64bb2b0-anomaly_00130_20260322_125155_217_Rice_straw.png
BLUR,70.09,\\pc-max\D\docker\label-studio\media\upload\9\0129460a-anomaly_00001_20260601_164342_322_dust_clump_Model.png
BLUR,70.12,\\pc-max\D\docker\label-studio\media\upload\9\3c9b2eea-anomaly_00033_20260331_151230_143_Rice_straw_Color.png
BLUR,70.13,\\pc-max\D\docker\label-studio\media\upload\9\2225cb0e-anomaly_00087_20260311_211910_814_Model.png
BLUR,70.13,\\pc-max\D\docker\label-studio\media\upload\9\523ad2f1-anomaly_00525_20260322_130416_122_paddy.png
BLUR,70.15,\\pc-max\D\docker\label-studio\media\upload\9\7ec2f37c-anomaly_00005_20260531_183517_342_Model.png
BLUR,70.19,\\pc-max\D\docker\label-studio\media\upload\9\4256ca04-anomaly_00153_20260322_125247_524_paddy.png
BLUR,70.22,\\pc-max\D\docker\label-studio\media\upload\9\bda65f38-anomaly_00127_20260322_125154_914_paddy.png
BLUR,70.22,\\pc-max\D\docker\label-studio\media\upload\9\11026835-anomaly_00003_20260517_191543_540_dust_clump.png
BLUR,70.24,\\pc-max\D\docker\label-studio\media\upload\9\71296290-anomaly_00030_20260426_165010_669_Rice_Weevil.png
BLUR,70.26,\\pc-max\D\docker\label-studio\media\upload\9\35686434-anomaly_00001_20260517_195006_739_dust_clump_Model_Color.png
BLUR,70.28,\\pc-max\D\docker\label-studio\media\upload\9\464c5a48-anomaly_00499_20260322_130350_070_paddy.png
BLUR,70.29,\\pc-max\D\docker\label-studio\media\upload\9\58b9f0f1-capture_20260531_171623_202.png
BLUR,70.33,\\pc-max\D\docker\label-studio\media\upload\9\9faa87b0-anomaly_00267_20260311_213341_679_Black_head.png
BLUR,70.34,\\pc-max\D\docker\label-studio\media\upload\9\2614e80f-anomaly_00174_20260311_212615_521_Black_head.png
BLUR,70.36,\\pc-max\D\docker\label-studio\media\upload\9\21ce8d4c-anomaly_00001_20260505_213309_938_Rice_Weevil_Model.png
BLUR,70.36,\\pc-max\D\docker\label-studio\media\upload\9\334637b1-anomaly_00304_20260322_125658_296_paddy.png
BLUR,70.36,\\pc-max\D\docker\label-studio\media\upload\9\35be99e7-anomaly_00034_20260331_151230_239_Color.png
BLUR,70.36,\\pc-max\D\docker\label-studio\media\upload\9\cdedacc3-anomaly_00524_20260322_130416_028_paddy.png
BLUR,70.36,\\pc-max\D\docker\label-studio\media\upload\9\42313313-anomaly_00302_20260322_125655_015_Rice_straw.png
BLUR,70.37,\\pc-max\D\docker\label-studio\media\upload\9\a10a381e-anomaly_00573_20260322_130530_911_paddy.png
BLUR,70.40,\\pc-max\D\docker\label-studio\media\upload\9\aa7c8e9e-anomaly_00032_20260331_151230_046_Rice_straw_Color.png
BLUR,70.41,\\pc-max\D\docker\label-studio\media\upload\9\938b7d08-anomaly_00008_20260312_223303_682_rice_worm.png
BLUR,70.43,\\pc-max\D\docker\label-studio\media\upload\9\10773eae-anomaly_00028_20260426_165010_355_Rice_Weevil.png
BLUR,70.46,\\pc-max\D\docker\label-studio\media\upload\9\2d6cbdfe-anomaly_00054_20260311_214703_305_Black_head.png
BLUR,70.50,\\pc-max\D\docker\label-studio\media\upload\9\a5f72603-anomaly_00556_20260322_130504_840_Model.png
BLUR,70.50,\\pc-max\D\docker\label-studio\media\upload\9\68d5514d-anomaly_00011_20260403_173007_796_Rice_Weevil_Model.png
BLUR,70.55,\\pc-max\D\docker\label-studio\media\upload\9\795fe251-anomaly_00282_20260322_125632_451_paddy.png
BLUR,70.55,\\pc-max\D\docker\label-studio\media\upload\9\8898e23b-anomaly_00018_20260531_183745_519_dust_clump.png
BLUR,70.62,\\pc-max\D\docker\label-studio\media\upload\9\7c6f886b-anomaly_00320_20260311_213907_628_Rice_straw.png
BLUR,70.66,\\pc-max\D\docker\label-studio\media\upload\9\d492edb0-anomaly_00364_20260322_125919_307_paddy.png
BLUR,70.68,\\pc-max\D\docker\label-studio\media\upload\9\d1f4d178-anomaly_00456_20260322_130240_857_Model.png
BLUR,70.70,\\pc-max\D\docker\label-studio\media\upload\9\88173e95-anomaly_00084_20260322_125054_758_Model.png
BLUR,70.70,\\pc-max\D\docker\label-studio\media\upload\9\0b3c923e-anomaly_00004_20260522_222129_625_Color.png
BLUR,70.72,\\pc-max\D\docker\label-studio\media\upload\9\9de9b0ae-anomaly_00455_20260322_130240_764_Model.png
BLUR,70.72,\\pc-max\D\docker\label-studio\media\upload\9\357f884f-anomaly_00068_20260531_203201_858_dust_clump.png
BLUR,70.73,\\pc-max\D\docker\label-studio\media\upload\9\77cd5eca-anomaly_00366_20260322_125919_495_paddy.png
BLUR,70.73,\\pc-max\D\docker\label-studio\media\upload\9\aba8f179-anomaly_00006_20260531_183517_433_Model.png
BLUR,70.78,\\pc-max\D\docker\label-studio\media\upload\9\7e8a9bb9-anomaly_00032_20260322_124919_999_rice_worm.png
BLUR,70.79,\\pc-max\D\docker\label-studio\media\upload\9\410b7470-anomaly_00007_20260531_183517_544_Model.png
BLUR,70.80,\\pc-max\D\docker\label-studio\media\upload\9\259f206d-anomaly_00511_20260322_130408_663_rice_worm.png
BLUR,70.82,\\pc-max\D\docker\label-studio\media\upload\9\8a3ca821-anomaly_00367_20260322_125919_606_paddy.png
BLUR,70.83,\\pc-max\D\docker\label-studio\media\upload\9\0216f2b4-anomaly_00019_20260405_152139_670_Rice_Weevil_Model.png
BLUR,70.86,\\pc-max\D\docker\label-studio\media\upload\9\5e745d9c-anomaly_00046_20260322_124959_269_paddy.png
BLUR,70.87,\\pc-max\D\docker\label-studio\media\upload\9\c35a9ba2-anomaly_00154_20260322_125247_620_paddy.png
BLUR,70.88,\\pc-max\D\docker\label-studio\media\upload\9\cb480854-anomaly_00004_20260429_195250_275_rice_worm_Model.png
BLUR,70.92,\\pc-max\D\docker\label-studio\media\upload\9\47283c60-anomaly_00009_20260531_183534_842_Color.png
BLUR,70.94,\\pc-max\D\docker\label-studio\media\upload\9\59b4dd3f-anomaly_00510_20260322_130408_572_rice_worm.png
BLUR,70.94,\\pc-max\D\docker\label-studio\media\upload\9\05dd891e-anomaly_00257_20260322_125516_190_paddy.png
BLUR,71.00,\\pc-max\D\docker\label-studio\media\upload\9\e1a0a8ed-anomaly_00007_20260407_171648_126_Rice_Weevil_Model.png
BLUR,71.01,\\pc-max\D\docker\label-studio\media\upload\9\067f9a0a-anomaly_00083_20260311_214819_077_Rice_Weevil_Model.png
BLUR,71.05,\\pc-max\D\docker\label-studio\media\upload\9\c8429019-anomaly_00001_20260531_191056_737_Stone_Model.png
BLUR,71.09,\\pc-max\D\docker\label-studio\media\upload\9\b4809e42-anomaly_00010_20260427_194128_913_rice_worm_Model_Color.png
BLUR,71.09,\\pc-max\D\docker\label-studio\media\upload\9\bdb0ac22-anomaly_00015_20260405_152125_755_Rice_Weevil_Model.png
BLUR,71.12,\\pc-max\D\docker\label-studio\media\upload\9\42ae8070-anomaly_00614_20260322_130655_511_paddy_Model.png
BLUR,71.13,\\pc-max\D\docker\label-studio\media\upload\9\45495296-anomaly_00328_20260322_125756_869_Model.png
BLUR,71.13,\\pc-max\D\docker\label-studio\media\upload\9\720cfe8e-anomaly_00175_20260311_212615_612_Black_head.png
BLUR,71.15,\\pc-max\D\docker\label-studio\media\upload\9\8944a7ea-anomaly_00613_20260322_130655_415_paddy.png
BLUR,71.27,\\pc-max\D\docker\label-studio\media\upload\9\181c0214-anomaly_00083_20260322_125054_663_Model.png
BLUR,71.28,\\pc-max\D\docker\label-studio\media\upload\9\b466b463-anomaly_00082_20260311_214818_981_Rice_Weevil_Model.png
BLUR,71.29,\\pc-max\D\docker\label-studio\media\upload\9\ce470d75-anomaly_00251_20260311_213254_041_Black_head.png
BLUR,71.30,\\pc-max\D\docker\label-studio\media\upload\9\51fd6242-anomaly_00032_20260427_200641_017_rice_worm.png
BLUR,71.31,\\pc-max\D\docker\label-studio\media\upload\9\0121b1dc-anomaly_00080_20260311_214818_774_Rice_Weevil_Model.png
BLUR,71.41,\\pc-max\D\docker\label-studio\media\upload\9\ba5c7c21-anomaly_00096_20260531_204034_050_dust_clump.png
BLUR,71.42,\\pc-max\D\docker\label-studio\media\upload\9\b27ce9ed-anomaly_00081_20260311_214818_885_Rice_Weevil_Model.png
BLUR,71.44,\\pc-max\D\docker\label-studio\media\upload\9\5ea8f001-anomaly_00031_20260427_181243_559_Rice_Weevil_Model.png
BLUR,71.45,\\pc-max\D\docker\label-studio\media\upload\9\deed8092-anomaly_00001_20260517_195025_545_Model_Color.png
BLUR,71.47,\\pc-max\D\docker\label-studio\media\upload\9\681d44b1-anomaly_00002_20260504_142126_835_Rice_Weevil_Model.png
BLUR,71.49,\\pc-max\D\docker\label-studio\media\upload\9\fbf99549-anomaly_00574_20260322_130531_289_Rice_straw.png
BLUR,71.55,\\pc-max\D\docker\label-studio\media\upload\9\5378ec16-anomaly_00069_20260531_204031_421_dust_clump.png
BLUR,71.58,\\pc-max\D\docker\label-studio\media\upload\9\cf8b222e-anomaly_00001_20260531_191739_399_Stone_Model.png
BLUR,71.70,\\pc-max\D\docker\label-studio\media\upload\9\58c121e0-anomaly_00008_20260531_183534_633_Model.png
BLUR,71.70,\\pc-max\D\docker\label-studio\media\upload\9\eaecec77-anomaly_00002_20260505_213310_029_Rice_Weevil_Model.png
BLUR,71.73,\\pc-max\D\docker\label-studio\media\upload\9\326d1d65-anomaly_00001_20260426_224732_155_Butterfly_Color.png
BLUR,71.76,\\pc-max\D\docker\label-studio\media\upload\9\5395b186-anomaly_00005_20260504_142224_914_Model.png
BLUR,71.84,\\pc-max\D\docker\label-studio\media\upload\9\0a665463-anomaly_00004_20260504_142224_819_Rice_Weevil_Model.png
BLUR,71.89,\\pc-max\D\docker\label-studio\media\upload\9\eec1cd9f-anomaly_00022_20260426_164044_815_rice_worm_Color.png
BLUR,71.92,\\pc-max\D\docker\label-studio\media\upload\9\9dabcfbe-capture_20260517_192211_886.png
BLUR,71.95,\\pc-max\D\docker\label-studio\media\upload\9\c0f4e042-anomaly_00042_20260331_140428_322_Rice_straw_Model.png
BLUR,72.00,\\pc-max\D\docker\label-studio\media\upload\9\c4aabeb5-anomaly_00096_20260418_170756_183_rice_worm.png
BLUR,72.08,\\pc-max\D\docker\label-studio\media\upload\9\9c94d53b-anomaly_00003_20260504_142126_953_Model.png
BLUR,72.11,\\pc-max\D\docker\label-studio\media\upload\9\3f698801-anomaly_00001_20260517_194942_821_dust_clump_Model_Color.png
BLUR,72.21,\\pc-max\D\docker\label-studio\media\upload\9\6fc2be7c-anomaly_00076_20260418_170047_718_Black_head.png
BLUR,72.31,\\pc-max\D\docker\label-studio\media\upload\9\4a9e5a16-anomaly_00001_20260522_221811_972_Rice_Weevil_Model.png
BLUR,72.33,\\pc-max\D\docker\label-studio\media\upload\9\5128a43e-anomaly_00078_20260311_214818_584_Rice_Weevil_Model.png
BLUR,72.34,\\pc-max\D\docker\label-studio\media\upload\9\391ed7a5-anomaly_00079_20260311_214818_678_Rice_Weevil_Model.png
BLUR,72.41,\\pc-max\D\docker\label-studio\media\upload\9\1f7429e7-anomaly_00065_20260425_225743_863_Rice_Weevil.png
BLUR,72.43,\\pc-max\D\docker\label-studio\media\upload\9\97318a45-anomaly_00004_20260505_213310_237_Rice_Weevil_Model.png
BLUR,72.49,\\pc-max\D\docker\label-studio\media\upload\9\59d857f0-anomaly_00001_20260531_191832_041_Stone_Model.png
BLUR,72.51,\\pc-max\D\docker\label-studio\media\upload\9\fdcec572-anomaly_00068_20260425_225800_278_Rice_Weevil.png
BLUR,72.51,\\pc-max\D\docker\label-studio\media\upload\9\f21c65bc-anomaly_00060_20260425_225635_863_Rice_Weevil.png
BLUR,72.52,\\pc-max\D\docker\label-studio\media\upload\9\abe2166d-anomaly_00031_20260531_191745_846_Stone_Model.png
BLUR,72.52,\\pc-max\D\docker\label-studio\media\upload\9\b8ff82f9-capture_20260425_214907_742.png
BLUR,72.54,\\pc-max\D\docker\label-studio\media\upload\9\91eccc00-capture_20260520_143324_614.png
BLUR,72.59,\\pc-max\D\docker\label-studio\media\upload\9\f4ec32da-anomaly_00002_20260517_195025_626_dust_clump_Model_Color.png
BLUR,72.70,\\pc-max\D\docker\label-studio\media\upload\9\0553d396-anomaly_00616_20260322_130655_720_paddy_Model.png
BLUR,72.71,\\pc-max\D\docker\label-studio\media\upload\9\acab3974-anomaly_00067_20260425_225759_989_Rice_Weevil.png
BLUR,72.75,\\pc-max\D\docker\label-studio\media\upload\9\bf547402-anomaly_00066_20260425_225759_885_Rice_Weevil.png
BLUR,72.76,\\pc-max\D\docker\label-studio\media\upload\9\391e6c89-anomaly_00001_20260517_194919_073_dust_clump_Model_Color.png
BLUR,72.78,\\pc-max\D\docker\label-studio\media\upload\9\4bfde656-anomaly_00025_20260427_200324_626_Color.png
BLUR,72.80,\\pc-max\D\docker\label-studio\media\upload\9\4b537537-anomaly_00017_20260418_173922_547_Black_head.png
BLUR,72.87,\\pc-max\D\docker\label-studio\media\upload\9\8aba5237-anomaly_00024_20260427_200324_540_Rice_straw.png
BLUR,72.92,\\pc-max\D\docker\label-studio\media\upload\9\bf0c27ac-anomaly_00023_20260427_200324_344_Model.png
BLUR,72.96,\\pc-max\D\docker\label-studio\media\upload\9\8d46c7ea-anomaly_00069_20260425_225800_378_Rice_Weevil.png
BLUR,73.27,\\pc-max\D\docker\label-studio\media\upload\9\0de08b88-anomaly_00002_20260426_145545_355_Model.png
BLUR,73.31,\\pc-max\D\docker\label-studio\media\upload\9\dd883861-capture_20260517_193557_780.png
BLUR,73.32,\\pc-max\D\docker\label-studio\media\upload\9\73f5c587-anomaly_00617_20260322_130655_816_paddy_Model.png
BLUR,73.32,\\pc-max\D\docker\label-studio\media\upload\9\9764f0fb-anomaly_00093_20260426_124050_401_Model.png
BLUR,73.40,\\pc-max\D\docker\label-studio\media\upload\9\fbbb4396-anomaly_00019_20260427_185819_937_rice_worm.png
BLUR,73.42,\\pc-max\D\docker\label-studio\media\upload\9\79eb4b3b-anomaly_00001_20260426_145545_146_Rice_Weevil.png
BLUR,73.44,\\pc-max\D\docker\label-studio\media\upload\9\18a17d3e-anomaly_00064_20260425_225639_528_Model.png
BLUR,73.49,\\pc-max\D\docker\label-studio\media\upload\9\6ae999a7-anomaly_00018_20260429_113305_336_Rice_straw.png
BLUR,73.54,\\pc-max\D\docker\label-studio\media\upload\9\30d27704-anomaly_00010_20260426_164800_196_Rice_straw_Color.png
BLUR,73.56,\\pc-max\D\docker\label-studio\media\upload\9\6de9c2fb-anomaly_00001_20260504_170010_562_Butterfly_Model.png
BLUR,73.67,\\pc-max\D\docker\label-studio\media\upload\9\2d23c298-anomaly_00017_20260426_132955_269_Rice_Weevil_Model.png
BLUR,73.69,\\pc-max\D\docker\label-studio\media\upload\9\6693f25b-anomaly_00061_20260425_225639_242_Model.png
BLUR,73.72,\\pc-max\D\docker\label-studio\media\upload\9\cbb27b19-anomaly_00089_20260426_123957_417_Rice_Weevil.png
BLUR,73.75,\\pc-max\D\docker\label-studio\media\upload\9\ee39ca05-anomaly_00631_20260322_130704_265_paddy_Model.png
BLUR,73.76,\\pc-max\D\docker\label-studio\media\upload\9\f782bee5-anomaly_00151_20260426_124830_382_Rice_Weevil.png
BLUR,73.76,\\pc-max\D\docker\label-studio\media\upload\9\917f77ff-anomaly_00026_20260427_200422_407_Model.png
BLUR,73.82,\\pc-max\D\docker\label-studio\media\upload\9\740c85ff-anomaly_00014_20260426_164800_595_Rice_straw_Color.png
BLUR,73.83,\\pc-max\D\docker\label-studio\media\upload\9\a8ffd4a9-anomaly_00062_20260425_225639_341_Model.png
BLUR,73.83,\\pc-max\D\docker\label-studio\media\upload\9\dfb027c2-anomaly_00062_20260425_225639_341_Model.png
BLUR,73.83,\\pc-max\D\docker\label-studio\media\upload\9\191d5c72-anomaly_00096_20260426_124110_483_Rice_Weevil.png
BLUR,73.95,\\pc-max\D\docker\label-studio\media\upload\9\61fceb64-anomaly_00011_20260426_164800_297_Rice_straw_Color.png
BLUR,73.96,\\pc-max\D\docker\label-studio\media\upload\9\d4ba82b3-anomaly_00013_20260429_195621_227_Rice_straw.png
BLUR,74.05,\\pc-max\D\docker\label-studio\media\upload\9\1cddce1c-anomaly_00012_20260426_164800_415_Rice_straw_Color.png
BLUR,74.16,\\pc-max\D\docker\label-studio\media\upload\9\192ac854-anomaly_00065_20260418_174748_964_Black_head.png
BLUR,74.17,\\pc-max\D\docker\label-studio\media\upload\9\e32a4629-anomaly_00023_20260426_145000_949_Rice_Weevil.png
BLUR,74.29,\\pc-max\D\docker\label-studio\media\upload\9\58d85948-anomaly_00016_20260429_195934_426_Model.png
BLUR,74.29,\\pc-max\D\docker\label-studio\media\upload\9\44a90fd7-anomaly_00014_20260429_195751_915_Color.png
BLUR,74.30,\\pc-max\D\docker\label-studio\media\upload\9\d2938e1c-anomaly_00017_20260429_195934_539_rice_worm_Model.png
BLUR,74.33,\\pc-max\D\docker\label-studio\media\upload\9\992e4a4c-anomaly_00026_20260426_145258_148_Model.png
BLUR,74.36,\\pc-max\D\docker\label-studio\media\upload\9\4a03aa73-anomaly_00027_20260421_185348_362_Rice_Weevil_Model.png
BLUR,74.37,\\pc-max\D\docker\label-studio\media\upload\9\d0bd3175-anomaly_00063_20260418_174748_772_Black_head.png
BLUR,74.37,\\pc-max\D\docker\label-studio\media\upload\9\d700726e-anomaly_00015_20260429_195934_331_Model.png
BLUR,74.46,\\pc-max\D\docker\label-studio\media\upload\9\bb060088-anomaly_00053_20260421_185735_958_Rice_Weevil_Model.png
BLUR,74.53,\\pc-max\D\docker\label-studio\media\upload\9\e6bd3e65-anomaly_00001_20260517_192603_740_Color.png
BLUR,74.60,\\pc-max\D\docker\label-studio\media\upload\9\ee9eb3ef-anomaly_00153_20260426_125035_494_Rice_Weevil.png
BLUR,74.62,\\pc-max\D\docker\label-studio\media\upload\9\fc900061-anomaly_00004_20260429_200358_046_Model.png
BLUR,74.69,\\pc-max\D\docker\label-studio\media\upload\9\5eb6bd4c-anomaly_00007_20260429_200407_888_Model.png
BLUR,74.74,\\pc-max\D\docker\label-studio\media\upload\9\7abf2e19-anomaly_00004_20260426_222821_825_Rice_Weevil_Model_Color.png
BLUR,74.75,\\pc-max\D\docker\label-studio\media\upload\9\c48b9af2-anomaly_00002_20260429_200357_840_Model.png
BLUR,74.78,\\pc-max\D\docker\label-studio\media\upload\9\c9f07941-anomaly_00005_20260429_200358_247_Model.png
BLUR,74.78,\\pc-max\D\docker\label-studio\media\upload\9\446eccf8-anomaly_00020_20260429_113358_718_Model.png
BLUR,74.82,\\pc-max\D\docker\label-studio\media\upload\9\12fd5211-anomaly_00014_20260426_132912_924_Rice_Weevil.png
BLUR,74.83,\\pc-max\D\docker\label-studio\media\upload\9\cca872a7-anomaly_00003_20260429_200357_951_Model.png
BLUR,74.84,\\pc-max\D\docker\label-studio\media\upload\9\c0c36219-anomaly_00026_20260429_113359_307_Model.png
BLUR,74.92,\\pc-max\D\docker\label-studio\media\upload\9\90a272b1-anomaly_00021_20260421_185143_162_Rice_Weevil_Model.png
BLUR,74.95,\\pc-max\D\docker\label-studio\media\upload\9\9c1aae7b-anomaly_00188_20260420_200614_412_Rice_Weevil_Model.png
BLUR,74.95,\\pc-max\D\docker\label-studio\media\upload\9\0f76f6ea-anomaly_00003_20260426_225324_801_Model.png
BLUR,74.99,\\pc-max\D\docker\label-studio\media\upload\9\2850ebf7-anomaly_00023_20260429_113359_017_Model_Color.png
BLUR,74.99,\\pc-max\D\docker\label-studio\media\upload\9\c2349f48-anomaly_00012_20260426_230056_680_Color.png
BLUR,75.02,\\pc-max\D\docker\label-studio\media\upload\9\e4ffd906-anomaly_00019_20260429_113358_618_Model.png
BLUR,75.02,\\pc-max\D\docker\label-studio\media\upload\9\d6f83336-anomaly_00009_20260505_220557_742_Rice_partial_mill_Model.png
BLUR,75.03,\\pc-max\D\docker\label-studio\media\upload\9\04def5e1-anomaly_00010_20260505_222526_197_rice_worm.png
BLUR,75.06,\\pc-max\D\docker\label-studio\media\upload\9\8478be01-anomaly_00016_20260505_221354_478_dot_dust.png
BLUR,75.09,\\pc-max\D\docker\label-studio\media\upload\9\699ac907-anomaly_00040_20260426_133327_363_Rice_Weevil.png
BLUR,75.12,\\pc-max\D\docker\label-studio\media\upload\9\e642177a-anomaly_00118_20260427_182343_622_rice_worm.png
BLUR,75.17,\\pc-max\D\docker\label-studio\media\upload\9\1c75407b-anomaly_00022_20260429_113358_918_Model.png
BLUR,75.17,\\pc-max\D\docker\label-studio\media\upload\9\95f363d5-anomaly_00006_20260429_200407_790_Model.png
BLUR,75.17,\\pc-max\D\docker\label-studio\media\upload\9\18e214e3-anomaly_00025_20260429_113359_213_Model.png
BLUR,75.21,\\pc-max\D\docker\label-studio\media\upload\9\30f826e7-anomaly_00035_20260429_202305_449_Rice_Weevil_Model.png
BLUR,75.22,\\pc-max\D\docker\label-studio\media\upload\9\6fe4d1cd-anomaly_00006_20260504_180925_202_Model.png
BLUR,75.23,\\pc-max\D\docker\label-studio\media\upload\9\ca592ece-anomaly_00021_20260429_113358_817_Model.png
BLUR,75.25,\\pc-max\D\docker\label-studio\media\upload\9\3f2915c2-anomaly_00013_20260505_221347_420_dot_dust.png
BLUR,75.34,\\pc-max\D\docker\label-studio\media\upload\9\1ce4fe4b-anomaly_00018_20260505_220618_316_Model.png
BLUR,75.44,\\pc-max\D\docker\label-studio\media\upload\9\5effc411-anomaly_00217_20260426_130046_225_Rice_Weevil.png
BLUR,75.46,\\pc-max\D\docker\label-studio\media\upload\9\b8fa59df-anomaly_00004_20260426_230025_645_Model.png
BLUR,75.47,\\pc-max\D\docker\label-studio\media\upload\9\6981ed3a-anomaly_00010_20260421_185019_047_Rice_Weevil_Model.png
BLUR,75.51,\\pc-max\D\docker\label-studio\media\upload\9\e762f7ce-anomaly_00002_20260426_225324_719_Rice_straw_Model.png
BLUR,75.55,\\pc-max\D\docker\label-studio\media\upload\9\c9188b3e-anomaly_00017_20260505_220618_228_Model_Color.png
BLUR,75.60,\\pc-max\D\docker\label-studio\media\upload\9\11288d92-anomaly_00030_20260429_202304_857_Rice_Weevil_Model.png
BLUR,75.62,\\pc-max\D\docker\label-studio\media\upload\9\93399e9e-anomaly_00214_20260426_130025_343_Rice_Weevil.png
BLUR,75.63,\\pc-max\D\docker\label-studio\media\upload\9\fe6e0b67-anomaly_00067_20260426_133902_073_Rice_Weevil.png
BLUR,75.63,\\pc-max\D\docker\label-studio\media\upload\9\fb0eddbe-anomaly_00008_20260429_201517_703_Color.png
BLUR,75.64,\\pc-max\D\docker\label-studio\media\upload\9\45e48463-anomaly_00018_20260429_200734_127_Color.png
BLUR,75.65,\\pc-max\D\docker\label-studio\media\upload\9\0bca53c8-anomaly_00016_20260429_200733_919_paddy_Color.png
BLUR,75.67,\\pc-max\D\docker\label-studio\media\upload\9\4ee9c915-anomaly_00079_20260426_134255_747_Color.png
BLUR,75.68,\\pc-max\D\docker\label-studio\media\upload\9\155255b1-anomaly_00257_20260426_131053_871_Rice_Weevil.png
BLUR,75.70,\\pc-max\D\docker\label-studio\media\upload\9\bb344f50-anomaly_00020_20260429_201755_320_Model.png
BLUR,75.72,\\pc-max\D\docker\label-studio\media\upload\9\fd5dd813-anomaly_00003_20260517_192734_721_Model_Color.png
BLUR,75.72,\\pc-max\D\docker\label-studio\media\upload\9\58729ee5-anomaly_00064_20260426_133857_397_Rice_Weevil.png
BLUR,75.76,\\pc-max\D\docker\label-studio\media\upload\9\327133d2-anomaly_00033_20260429_202305_256_Rice_Weevil_Model.png
BLUR,75.78,\\pc-max\D\docker\label-studio\media\upload\9\c16fedea-anomaly_00021_20260429_201755_417_Model.png
BLUR,75.79,\\pc-max\D\docker\label-studio\media\upload\9\c8f76061-anomaly_00038_20260505_223729_876_rice_dot.png
BLUR,75.81,\\pc-max\D\docker\label-studio\media\upload\9\1cc30a41-anomaly_00080_20260421_190358_791_Rice_Weevil_Model.png
BLUR,75.84,\\pc-max\D\docker\label-studio\media\upload\9\1b75a0a6-anomaly_00004_20260517_192734_817_Model.png
BLUR,75.86,\\pc-max\D\docker\label-studio\media\upload\9\286b8613-anomaly_00008_20260504_183712_976_rice_worm.png
BLUR,75.90,\\pc-max\D\docker\label-studio\media\upload\9\69dd39d9-anomaly_00019_20260429_201755_211_Model.png
BLUR,75.91,\\pc-max\D\docker\label-studio\media\upload\9\9d5346b8-anomaly_00013_20260505_231418_064_Rice_Weevil.png
BLUR,76.01,\\pc-max\D\docker\label-studio\media\upload\9\61b901ac-anomaly_00016_20260505_220618_141_dust_clump_Model.png
BLUR,76.08,\\pc-max\D\docker\label-studio\media\upload\9\d1203adb-anomaly_00002_20260426_191659_452_Rice_Weevil.png
BLUR,76.08,\\pc-max\D\docker\label-studio\media\upload\9\9841488e-anomaly_00215_20260426_130025_535_Rice_Weevil.png
BLUR,76.09,\\pc-max\D\docker\label-studio\media\upload\9\7ee51a29-anomaly_00016_20260505_230139_159_rice_worm.png
BLUR,76.29,\\pc-max\D\docker\label-studio\media\upload\9\d45c309f-anomaly_00077_20260421_190358_501_Rice_Weevil_Model.png
BLUR,76.37,\\pc-max\D\docker\label-studio\media\upload\9\31258945-anomaly_00237_20260426_130607_007_Rice_Weevil.png
BLUR,76.44,\\pc-max\D\docker\label-studio\media\upload\9\fe111fef-anomaly_00049_20260421_185735_589_Rice_Weevil_Model.png
BLUR,76.45,\\pc-max\D\docker\label-studio\media\upload\9\fbca4221-anomaly_00017_20260505_231626_249_Rice_Weevil.png
BLUR,76.46,\\pc-max\D\docker\label-studio\media\upload\9\a1440738-anomaly_00015_20260505_220618_029_dust_clump_Model.png
BLUR,76.49,\\pc-max\D\docker\label-studio\media\upload\9\ce67fe78-anomaly_00024_20260504_173117_765_Model.png
BLUR,76.53,\\pc-max\D\docker\label-studio\media\upload\9\4de3197a-anomaly_00067_20260505_224248_965_rice_worm_Model_Color.png
BLUR,76.58,\\pc-max\D\docker\label-studio\media\upload\9\f028f943-anomaly_00239_20260426_130607_294_Rice_Weevil.png
BLUR,76.67,\\pc-max\D\docker\label-studio\media\upload\9\f6c56758-anomaly_00035_20260503_180932_105_Rice_Weevil.png
BLUR,76.71,\\pc-max\D\docker\label-studio\media\upload\9\47a39e1d-anomaly_00015_20260505_231626_036_Rice_Weevil_Color.png
BLUR,76.73,\\pc-max\D\docker\label-studio\media\upload\9\12bd2545-anomaly_00259_20260426_131059_041_Rice_Weevil.png
BLUR,76.78,\\pc-max\D\docker\label-studio\media\upload\9\b84a5cdc-anomaly_00065_20260426_133858_611_Rice_Weevil.png
BLUR,76.81,\\pc-max\D\docker\label-studio\media\upload\9\07f1f326-anomaly_00047_20260504_173745_956_Model.png
BLUR,76.82,\\pc-max\D\docker\label-studio\media\upload\9\f4f9a756-anomaly_00020_20260429_200734_319_Color.png
BLUR,76.82,\\pc-max\D\docker\label-studio\media\upload\9\9b23cb59-anomaly_00011_20260517_192819_552_Color.png
BLUR,76.89,\\pc-max\D\docker\label-studio\media\upload\9\18342be9-anomaly_00022_20260429_200820_757_Butterfly_Model_Color.png
BLUR,76.93,\\pc-max\D\docker\label-studio\media\upload\9\297dd030-anomaly_00010_20260505_231417_757_Rice_Weevil_Model.png
BLUR,76.94,\\pc-max\D\docker\label-studio\media\upload\9\64904a1c-anomaly_00019_20260429_200734_223_Color.png
BLUR,76.98,\\pc-max\D\docker\label-studio\media\upload\9\8787bca6-anomaly_00005_20260504_174627_766_Butterfly_Model.png
BLUR,77.00,\\pc-max\D\docker\label-studio\media\upload\9\fcce5247-anomaly_00018_20260429_201603_449_Model.png
BLUR,77.03,\\pc-max\D\docker\label-studio\media\upload\9\aa739953-anomaly_00016_20260505_231626_130_Rice_Weevil_Model.png
BLUR,77.03,\\pc-max\D\docker\label-studio\media\upload\9\6699fbbd-anomaly_00086_20260505_224252_336_rice_worm_Model_Color.png
BLUR,77.03,\\pc-max\D\docker\label-studio\media\upload\9\0f1448ff-anomaly_00015_20260429_114733_011_Rice_straw.png
BLUR,77.05,\\pc-max\D\docker\label-studio\media\upload\9\cfb00de4-anomaly_00013_20260504_185448_622_Rice_straw.png
BLUR,77.08,\\pc-max\D\docker\label-studio\media\upload\9\b521bf0c-anomaly_00015_20260429_201603_146_Model.png
BLUR,77.11,\\pc-max\D\docker\label-studio\media\upload\9\7e8ecbc3-anomaly_00025_20260504_173117_871_Model.png
BLUR,77.13,\\pc-max\D\docker\label-studio\media\upload\9\9a2dff31-anomaly_00023_20260504_173117_669_Model.png
BLUR,77.15,\\pc-max\D\docker\label-studio\media\upload\9\9a817e43-anomaly_00021_20260429_125148_739_Rice_Weevil_Model.png
BLUR,77.20,\\pc-max\D\docker\label-studio\media\upload\9\987b2f5a-anomaly_00027_20260505_220740_560_Rice_Weevil.png
BLUR,77.20,\\pc-max\D\docker\label-studio\media\upload\9\ec1c47e8-anomaly_00026_20260504_173117_958_Model.png
BLUR,77.25,\\pc-max\D\docker\label-studio\media\upload\9\578f635f-anomaly_00014_20260429_201603_048_Model.png
BLUR,77.30,\\pc-max\D\docker\label-studio\media\upload\9\d34d7096-anomaly_00016_20260429_201603_256_Model.png
BLUR,77.34,\\pc-max\D\docker\label-studio\media\upload\9\915145e9-anomaly_00025_20260505_231638_870_Rice_Weevil_Model.png
BLUR,77.40,\\pc-max\D\docker\label-studio\media\upload\9\3939108a-anomaly_00013_20260429_201602_953_Model.png
BLUR,77.50,\\pc-max\D\docker\label-studio\media\upload\9\d76f442d-anomaly_00012_20260429_201602_857_Model.png
BLUR,77.55,\\pc-max\D\docker\label-studio\media\upload\9\17964d40-anomaly_00032_20260503_180931_799_Rice_Weevil_Model.png
BLUR,77.57,\\pc-max\D\docker\label-studio\media\upload\9\b48bcf0b-anomaly_00003_20260504_184736_456_Color.png
BLUR,77.60,\\pc-max\D\docker\label-studio\media\upload\9\ca4092d2-anomaly_00039_20260429_122037_241_Model.png
BLUR,77.64,\\pc-max\D\docker\label-studio\media\upload\9\57ecbf38-anomaly_00040_20260429_122037_354_rice_worm_Butterfly_Model.png
BLUR,77.64,\\pc-max\D\docker\label-studio\media\upload\9\5f62b049-anomaly_00005_20260429_124210_502_Rice_Weevil_Model.png
BLUR,78.04,\\pc-max\D\docker\label-studio\media\upload\9\41a78221-anomaly_00019_20260429_121230_514_Rice_Weevil.png
BLUR,78.08,\\pc-max\D\docker\label-studio\media\upload\9\417369f8-anomaly_00009_20260517_192807_922_Rice_Weevil_Model.png
BLUR,78.08,\\pc-max\D\docker\label-studio\media\upload\9\c4cf5315-anomaly_00004_20260504_184736_570_Color.png
BLUR,78.09,\\pc-max\D\docker\label-studio\media\upload\9\6597a8bf-anomaly_00046_20260503_182015_640_Stone_Model.png
BLUR,78.14,\\pc-max\D\docker\label-studio\media\upload\9\449e8b42-anomaly_00030_20260503_180931_592_Rice_Weevil_Model.png
BLUR,78.16,\\pc-max\D\docker\label-studio\media\upload\9\6e00fa07-anomaly_00002_20260504_184736_359_Color.png
BLUR,78.34,\\pc-max\D\docker\label-studio\media\upload\9\2089ee7f-anomaly_00014_20260517_192917_139_dust_clump.png
BLUR,78.45,\\pc-max\D\docker\label-studio\media\upload\9\c6c3fbe1-anomaly_00017_20260429_114938_805_Butterfly_Model_Color.png
BLUR,78.52,\\pc-max\D\docker\label-studio\media\upload\9\0161d4c2-anomaly_00004_20260429_124209_810_Rice_Weevil_Model.png
BLUR,78.60,\\pc-max\D\docker\label-studio\media\upload\9\792f835d-anomaly_00038_20260429_125356_596_Model.png
BLUR,78.61,\\pc-max\D\docker\label-studio\media\upload\9\e69f927e-anomaly_00018_20260503_183309_257_Model.png
BLUR,79.14,\\pc-max\D\docker\label-studio\media\upload\9\e70cf38c-anomaly_00008_20260503_182748_266_Color.png
BLUR,79.18,\\pc-max\D\docker\label-studio\media\upload\9\c73194e9-anomaly_00039_20260429_125500_536_Butterfly.png
BLUR,80.94,\\pc-max\D\docker\label-studio\media\upload\9\dd8289fc-capture_20260517_191219_108.png
OK,341.28,\\pc-max\D\docker\label-studio\media\upload\9\b888df76-anomaly_00003_20260311_214324_251_Model.png
OK,341.28,\\pc-max\D\docker\label-studio\media\upload\9\eb4e07d7-anomaly_00003_20260311_214324_251_Model.png
OK,413.44,\\pc-max\D\docker\label-studio\media\upload\9\d53dfded-anomaly_00002_20260213_164240_171_Color.png
OK,414.33,\\pc-max\D\docker\label-studio\media\upload\9\3a1fa440-anomaly_00021_20260213_164240_824_Color.png
 
OK,628.03,\\pc-max\D\docker\label-studio\media\upload\9\41935ca2-anomaly_00027_20260505_231639_054_Rice_Weevil_Model.png
OK,649.70,\\pc-max\D\docker\label-studio\media\upload\9\d737b11d-anomaly_00070_20260323_205756_789_Rice_Weevil_Model.png
OK,803.55,\\pc-max\D\docker\label-studio\media\upload\9\40cac41e-anomaly_00043_20260213_163724_689_rice_worm.png
OK,808.92,\\pc-max\D\docker\label-studio\media\upload\9\495a455f-anomaly_00017_20260213_164240_689_rice_worm_Color.png
OK,808.92,\\pc-max\D\docker\label-studio\media\upload\9\b56a6224-anomaly_00017_20260213_164240_689_rice_worm_Color.png
OK,809.12,\\pc-max\D\docker\label-studio\media\upload\9\2cdf2ce3-anomaly_00177_20260326_204318_012_paddy_Seed_Model.png
OK,809.12,\\pc-max\D\docker\label-studio\media\upload\9\886893c5-anomaly_00177_20260326_204318_012_paddy_Seed_Model.png
OK,810.33,\\pc-max\D\docker\label-studio\media\upload\9\1505bcd7-anomaly_00002_20260213_163723_254_rice_worm_Color.png
OK,821.33,\\pc-max\D\docker\label-studio\media\upload\9\4a7bbb87-anomaly_00014_20260213_164240_585_rice_worm_Color.png
OK,821.33,\\pc-max\D\docker\label-studio\media\upload\9\d291f63c-anomaly_00014_20260213_164240_585_rice_worm_Color.png
OK,822.30,\\pc-max\D\docker\label-studio\media\upload\9\76e1b151-anomaly_00013_20260213_164240_552_rice_worm_Color.png
OK,822.30,\\pc-max\D\docker\label-studio\media\upload\9\f2380568-anomaly_00013_20260213_164240_552_rice_worm_Color.png
OK,824.06,\\pc-max\D\docker\label-studio\media\upload\9\07099f08-anomaly_00016_20260213_164240_653_rice_worm_Color.png
OK,824.06,\\pc-max\D\docker\label-studio\media\upload\9\4919d110-anomaly_00016_20260213_164240_653_rice_worm_Color.png
OK,826.17,\\pc-max\D\docker\label-studio\media\upload\9\5ebf84ca-anomaly_00018_20260213_164240_724_rice_worm_Color.png
OK,826.17,\\pc-max\D\docker\label-studio\media\upload\9\a19d872d-anomaly_00018_20260213_164240_724_rice_worm_Color.png
OK,826.21,\\pc-max\D\docker\label-studio\media\upload\9\da67becf-anomaly_00012_20260213_164240_516_rice_worm_Color.png
OK,826.21,\\pc-max\D\docker\label-studio\media\upload\9\ec328443-anomaly_00012_20260213_164240_516_rice_worm_Color.png
OK,826.79,\\pc-max\D\docker\label-studio\media\upload\9\922125fd-anomaly_00015_20260213_164240_621_rice_worm_Color.png
OK,826.79,\\pc-max\D\docker\label-studio\media\upload\9\c51d4963-anomaly_00015_20260213_164240_621_rice_worm_Color.png
OK,827.40,\\pc-max\D\docker\label-studio\media\upload\9\86cd9838-anomaly_00011_20260213_164240_483_rice_worm_Color.png
OK,827.40,\\pc-max\D\docker\label-studio\media\upload\9\b0f4d633-anomaly_00011_20260213_164240_483_rice_worm_Color.png
OK,832.48,\\pc-max\D\docker\label-studio\media\upload\9\ab563336-anomaly_00007_20260213_164240_344_rice_worm_Color.png
OK,832.48,\\pc-max\D\docker\label-studio\media\upload\9\eab41edb-anomaly_00007_20260213_164240_344_rice_worm_Color.png
OK,833.89,\\pc-max\D\docker\label-studio\media\upload\9\5cce44a6-anomaly_00019_20260213_164240_758_rice_worm_Color.png
OK,833.89,\\pc-max\D\docker\label-studio\media\upload\9\954095d6-anomaly_00019_20260213_164240_758_rice_worm_Color.png
OK,836.33,\\pc-max\D\docker\label-studio\media\upload\9\a4f444b4-anomaly_00010_20260213_164240_449_rice_worm_Color.png
OK,836.33,\\pc-max\D\docker\label-studio\media\upload\9\cb5f8739-anomaly_00010_20260213_164240_449_rice_worm_Color.png
OK,838.75,\\pc-max\D\docker\label-studio\media\upload\9\d69965b3-anomaly_00003_20260213_164240_208_rice_worm_Color.png
OK,839.16,\\pc-max\D\docker\label-studio\media\upload\9\e3255501-anomaly_00009_20260213_164240_414_rice_worm_Color.png
OK,839.16,\\pc-max\D\docker\label-studio\media\upload\9\fc269da1-anomaly_00009_20260213_164240_414_rice_worm_Color.png
OK,840.02,\\pc-max\D\docker\label-studio\media\upload\9\0bf0c6c8-anomaly_00008_20260213_164240_380_rice_worm_Color.png
OK,840.02,\\pc-max\D\docker\label-studio\media\upload\9\84a925d0-anomaly_00008_20260213_164240_380_rice_worm_Color.png
OK,841.60,\\pc-max\D\docker\label-studio\media\upload\9\225f1ba6-anomaly_00005_20260213_164240_276_rice_worm_Color.png
OK,841.60,\\pc-max\D\docker\label-studio\media\upload\9\3cd0bc44-anomaly_00005_20260213_164240_276_rice_worm_Color.png
OK,842.01,\\pc-max\D\docker\label-studio\media\upload\9\5c07f1d8-anomaly_00020_20260213_164240_791_rice_worm_Color.png
OK,842.01,\\pc-max\D\docker\label-studio\media\upload\9\787b4d8a-anomaly_00020_20260213_164240_791_rice_worm_Color.png
OK,848.37,\\pc-max\D\docker\label-studio\media\upload\9\79c4da2b-anomaly_00006_20260213_164240_308_rice_worm_Color.png
OK,848.37,\\pc-max\D\docker\label-studio\media\upload\9\da1bc4ea-anomaly_00006_20260213_164240_308_rice_worm_Color.png
OK,857.80,\\pc-max\D\docker\label-studio\media\upload\9\b8ce4099-anomaly_00004_20260213_164240_242_rice_worm_Color.png
OK,857.80,\\pc-max\D\docker\label-studio\media\upload\9\ebcd21e3-anomaly_00004_20260213_164240_242_rice_worm_Color.png
